Info: constraining clock net 'clk_i' to 50.00 MHz
Warning: IO 'test_en_i' is unconstrained in LPF and will be automatically placed
Warning: IO 'scramble_req_o' is unconstrained in LPF and will be automatically placed
Warning: IO 'scramble_nonce_i[63]' is unconstrained in LPF and will be automatically placed
Warning: IO 'scramble_nonce_i[62]' is unconstrained in LPF and will be automatically placed
Warning: IO 'scramble_nonce_i[61]' is unconstrained in LPF and will be automatically placed
Warning: IO 'scramble_nonce_i[60]' is unconstrained in LPF and will be automatically placed
Warning: IO 'scramble_nonce_i[59]' is unconstrained in LPF and will be automatically placed
Warning: IO 'scramble_nonce_i[58]' is unconstrained in LPF and will be automatically placed
Warning: IO 'scramble_nonce_i[57]' is unconstrained in LPF and will be automatically placed
Warning: IO 'scramble_nonce_i[56]' is unconstrained in LPF and will be automatically placed
Warning: IO 'scramble_nonce_i[55]' is unconstrained in LPF and will be automatically placed
Warning: IO 'scramble_nonce_i[54]' is unconstrained in LPF and will be automatically placed
Warning: IO 'scramble_nonce_i[53]' is unconstrained in LPF and will be automatically placed
Warning: IO 'scramble_nonce_i[52]' is unconstrained in LPF and will be automatically placed
Warning: IO 'scramble_nonce_i[51]' is unconstrained in LPF and will be automatically placed
Warning: IO 'scramble_nonce_i[50]' is unconstrained in LPF and will be automatically placed
Warning: IO 'scramble_nonce_i[49]' is unconstrained in LPF and will be automatically placed
Warning: IO 'scramble_nonce_i[48]' is unconstrained in LPF and will be automatically placed
Warning: IO 'scramble_nonce_i[47]' is unconstrained in LPF and will be automatically placed
Warning: IO 'scramble_nonce_i[46]' is unconstrained in LPF and will be automatically placed
Warning: IO 'scramble_nonce_i[45]' is unconstrained in LPF and will be automatically placed
Warning: IO 'scramble_nonce_i[44]' is unconstrained in LPF and will be automatically placed
Warning: IO 'scramble_nonce_i[43]' is unconstrained in LPF and will be automatically placed
Warning: IO 'scramble_nonce_i[42]' is unconstrained in LPF and will be automatically placed
Warning: IO 'scramble_nonce_i[41]' is unconstrained in LPF and will be automatically placed
Warning: IO 'scramble_nonce_i[40]' is unconstrained in LPF and will be automatically placed
Warning: IO 'scramble_nonce_i[39]' is unconstrained in LPF and will be automatically placed
Warning: IO 'scramble_nonce_i[38]' is unconstrained in LPF and will be automatically placed
Warning: IO 'scramble_nonce_i[37]' is unconstrained in LPF and will be automatically placed
Warning: IO 'scramble_nonce_i[36]' is unconstrained in LPF and will be automatically placed
Warning: IO 'scramble_nonce_i[35]' is unconstrained in LPF and will be automatically placed
Warning: IO 'scramble_nonce_i[34]' is unconstrained in LPF and will be automatically placed
Warning: IO 'scramble_nonce_i[33]' is unconstrained in LPF and will be automatically placed
Warning: IO 'scramble_nonce_i[32]' is unconstrained in LPF and will be automatically placed
Warning: IO 'scramble_nonce_i[31]' is unconstrained in LPF and will be automatically placed
Warning: IO 'scramble_nonce_i[30]' is unconstrained in LPF and will be automatically placed
Warning: IO 'scramble_nonce_i[29]' is unconstrained in LPF and will be automatically placed
Warning: IO 'scramble_nonce_i[28]' is unconstrained in LPF and will be automatically placed
Warning: IO 'scramble_nonce_i[27]' is unconstrained in LPF and will be automatically placed
Warning: IO 'scramble_nonce_i[26]' is unconstrained in LPF and will be automatically placed
Warning: IO 'scramble_nonce_i[25]' is unconstrained in LPF and will be automatically placed
Warning: IO 'scramble_nonce_i[24]' is unconstrained in LPF and will be automatically placed
Warning: IO 'scramble_nonce_i[23]' is unconstrained in LPF and will be automatically placed
Warning: IO 'scramble_nonce_i[22]' is unconstrained in LPF and will be automatically placed
Warning: IO 'scramble_nonce_i[21]' is unconstrained in LPF and will be automatically placed
Warning: IO 'scramble_nonce_i[20]' is unconstrained in LPF and will be automatically placed
Warning: IO 'scramble_nonce_i[19]' is unconstrained in LPF and will be automatically placed
Warning: IO 'scramble_nonce_i[18]' is unconstrained in LPF and will be automatically placed
Warning: IO 'scramble_nonce_i[17]' is unconstrained in LPF and will be automatically placed
Warning: IO 'scramble_nonce_i[16]' is unconstrained in LPF and will be automatically placed
Warning: IO 'scramble_nonce_i[15]' is unconstrained in LPF and will be automatically placed
Warning: IO 'scramble_nonce_i[14]' is unconstrained in LPF and will be automatically placed
Warning: IO 'scramble_nonce_i[13]' is unconstrained in LPF and will be automatically placed
Warning: IO 'scramble_nonce_i[12]' is unconstrained in LPF and will be automatically placed
Warning: IO 'scramble_nonce_i[11]' is unconstrained in LPF and will be automatically placed
Warning: IO 'scramble_nonce_i[10]' is unconstrained in LPF and will be automatically placed
Warning: IO 'scramble_nonce_i[9]' is unconstrained in LPF and will be automatically placed
Warning: IO 'scramble_nonce_i[8]' is unconstrained in LPF and will be automatically placed
Warning: IO 'scramble_nonce_i[7]' is unconstrained in LPF and will be automatically placed
Warning: IO 'scramble_nonce_i[6]' is unconstrained in LPF and will be automatically placed
Warning: IO 'scramble_nonce_i[5]' is unconstrained in LPF and will be automatically placed
Warning: IO 'scramble_nonce_i[4]' is unconstrained in LPF and will be automatically placed
Warning: IO 'scramble_nonce_i[3]' is unconstrained in LPF and will be automatically placed
Warning: IO 'scramble_nonce_i[2]' is unconstrained in LPF and will be automatically placed
Warning: IO 'scramble_nonce_i[1]' is unconstrained in LPF and will be automatically placed
Warning: IO 'scramble_nonce_i[0]' is unconstrained in LPF and will be automatically placed
Warning: IO 'scramble_key_valid_i' is unconstrained in LPF and will be automatically placed
Warning: IO 'scramble_key_i[127]' is unconstrained in LPF and will be automatically placed
Warning: IO 'scramble_key_i[126]' is unconstrained in LPF and will be automatically placed
Warning: IO 'scramble_key_i[125]' is unconstrained in LPF and will be automatically placed
Warning: IO 'scramble_key_i[124]' is unconstrained in LPF and will be automatically placed
Warning: IO 'scramble_key_i[123]' is unconstrained in LPF and will be automatically placed
Warning: IO 'scramble_key_i[122]' is unconstrained in LPF and will be automatically placed
Warning: IO 'scramble_key_i[121]' is unconstrained in LPF and will be automatically placed
Warning: IO 'scramble_key_i[120]' is unconstrained in LPF and will be automatically placed
Warning: IO 'scramble_key_i[119]' is unconstrained in LPF and will be automatically placed
Warning: IO 'scramble_key_i[118]' is unconstrained in LPF and will be automatically placed
Warning: IO 'scramble_key_i[117]' is unconstrained in LPF and will be automatically placed
Warning: IO 'scramble_key_i[116]' is unconstrained in LPF and will be automatically placed
Warning: IO 'scramble_key_i[115]' is unconstrained in LPF and will be automatically placed
Warning: IO 'scramble_key_i[114]' is unconstrained in LPF and will be automatically placed
Warning: IO 'scramble_key_i[113]' is unconstrained in LPF and will be automatically placed
Warning: IO 'scramble_key_i[112]' is unconstrained in LPF and will be automatically placed
Warning: IO 'scramble_key_i[111]' is unconstrained in LPF and will be automatically placed
Warning: IO 'scramble_key_i[110]' is unconstrained in LPF and will be automatically placed
Warning: IO 'scramble_key_i[109]' is unconstrained in LPF and will be automatically placed
Warning: IO 'scramble_key_i[108]' is unconstrained in LPF and will be automatically placed
Warning: IO 'scramble_key_i[107]' is unconstrained in LPF and will be automatically placed
Warning: IO 'scramble_key_i[106]' is unconstrained in LPF and will be automatically placed
Warning: IO 'scramble_key_i[105]' is unconstrained in LPF and will be automatically placed
Warning: IO 'scramble_key_i[104]' is unconstrained in LPF and will be automatically placed
Warning: IO 'scramble_key_i[103]' is unconstrained in LPF and will be automatically placed
Warning: IO 'scramble_key_i[102]' is unconstrained in LPF and will be automatically placed
Warning: IO 'scramble_key_i[101]' is unconstrained in LPF and will be automatically placed
Warning: IO 'scramble_key_i[100]' is unconstrained in LPF and will be automatically placed
Warning: IO 'scramble_key_i[99]' is unconstrained in LPF and will be automatically placed
Warning: IO 'scramble_key_i[98]' is unconstrained in LPF and will be automatically placed
Warning: IO 'scramble_key_i[97]' is unconstrained in LPF and will be automatically placed
Warning: IO 'scramble_key_i[96]' is unconstrained in LPF and will be automatically placed
Warning: IO 'scramble_key_i[95]' is unconstrained in LPF and will be automatically placed
Warning: IO 'scramble_key_i[94]' is unconstrained in LPF and will be automatically placed
Warning: IO 'scramble_key_i[93]' is unconstrained in LPF and will be automatically placed
Warning: IO 'scramble_key_i[92]' is unconstrained in LPF and will be automatically placed
Warning: IO 'scramble_key_i[91]' is unconstrained in LPF and will be automatically placed
Warning: IO 'scramble_key_i[90]' is unconstrained in LPF and will be automatically placed
Warning: IO 'scramble_key_i[89]' is unconstrained in LPF and will be automatically placed
Warning: IO 'scramble_key_i[88]' is unconstrained in LPF and will be automatically placed
Warning: IO 'scramble_key_i[87]' is unconstrained in LPF and will be automatically placed
Warning: IO 'scramble_key_i[86]' is unconstrained in LPF and will be automatically placed
Warning: IO 'scramble_key_i[85]' is unconstrained in LPF and will be automatically placed
Warning: IO 'scramble_key_i[84]' is unconstrained in LPF and will be automatically placed
Warning: IO 'scramble_key_i[83]' is unconstrained in LPF and will be automatically placed
Warning: IO 'scramble_key_i[82]' is unconstrained in LPF and will be automatically placed
Warning: IO 'scramble_key_i[81]' is unconstrained in LPF and will be automatically placed
Warning: IO 'scramble_key_i[80]' is unconstrained in LPF and will be automatically placed
Warning: IO 'scramble_key_i[79]' is unconstrained in LPF and will be automatically placed
Warning: IO 'scramble_key_i[78]' is unconstrained in LPF and will be automatically placed
Warning: IO 'scramble_key_i[77]' is unconstrained in LPF and will be automatically placed
Warning: IO 'scramble_key_i[76]' is unconstrained in LPF and will be automatically placed
Warning: IO 'scramble_key_i[75]' is unconstrained in LPF and will be automatically placed
Warning: IO 'scramble_key_i[74]' is unconstrained in LPF and will be automatically placed
Warning: IO 'scramble_key_i[73]' is unconstrained in LPF and will be automatically placed
Warning: IO 'scramble_key_i[72]' is unconstrained in LPF and will be automatically placed
Warning: IO 'scramble_key_i[71]' is unconstrained in LPF and will be automatically placed
Warning: IO 'scramble_key_i[70]' is unconstrained in LPF and will be automatically placed
Warning: IO 'scramble_key_i[69]' is unconstrained in LPF and will be automatically placed
Warning: IO 'scramble_key_i[68]' is unconstrained in LPF and will be automatically placed
Warning: IO 'scramble_key_i[67]' is unconstrained in LPF and will be automatically placed
Warning: IO 'scramble_key_i[66]' is unconstrained in LPF and will be automatically placed
Warning: IO 'scramble_key_i[65]' is unconstrained in LPF and will be automatically placed
Warning: IO 'scramble_key_i[64]' is unconstrained in LPF and will be automatically placed
Warning: IO 'scramble_key_i[63]' is unconstrained in LPF and will be automatically placed
Warning: IO 'scramble_key_i[62]' is unconstrained in LPF and will be automatically placed
Warning: IO 'scramble_key_i[61]' is unconstrained in LPF and will be automatically placed
Warning: IO 'scramble_key_i[60]' is unconstrained in LPF and will be automatically placed
Warning: IO 'scramble_key_i[59]' is unconstrained in LPF and will be automatically placed
Warning: IO 'scramble_key_i[58]' is unconstrained in LPF and will be automatically placed
Warning: IO 'scramble_key_i[57]' is unconstrained in LPF and will be automatically placed
Warning: IO 'scramble_key_i[56]' is unconstrained in LPF and will be automatically placed
Warning: IO 'scramble_key_i[55]' is unconstrained in LPF and will be automatically placed
Warning: IO 'scramble_key_i[54]' is unconstrained in LPF and will be automatically placed
Warning: IO 'scramble_key_i[53]' is unconstrained in LPF and will be automatically placed
Warning: IO 'scramble_key_i[52]' is unconstrained in LPF and will be automatically placed
Warning: IO 'scramble_key_i[51]' is unconstrained in LPF and will be automatically placed
Warning: IO 'scramble_key_i[50]' is unconstrained in LPF and will be automatically placed
Warning: IO 'scramble_key_i[49]' is unconstrained in LPF and will be automatically placed
Warning: IO 'scramble_key_i[48]' is unconstrained in LPF and will be automatically placed
Warning: IO 'scramble_key_i[47]' is unconstrained in LPF and will be automatically placed
Warning: IO 'scramble_key_i[46]' is unconstrained in LPF and will be automatically placed
Warning: IO 'scramble_key_i[45]' is unconstrained in LPF and will be automatically placed
Warning: IO 'scramble_key_i[44]' is unconstrained in LPF and will be automatically placed
Warning: IO 'scramble_key_i[43]' is unconstrained in LPF and will be automatically placed
Warning: IO 'scramble_key_i[42]' is unconstrained in LPF and will be automatically placed
Warning: IO 'scramble_key_i[41]' is unconstrained in LPF and will be automatically placed
Warning: IO 'scramble_key_i[40]' is unconstrained in LPF and will be automatically placed
Warning: IO 'scramble_key_i[39]' is unconstrained in LPF and will be automatically placed
Warning: IO 'scramble_key_i[38]' is unconstrained in LPF and will be automatically placed
Warning: IO 'scramble_key_i[37]' is unconstrained in LPF and will be automatically placed
Warning: IO 'scramble_key_i[36]' is unconstrained in LPF and will be automatically placed
Warning: IO 'scramble_key_i[35]' is unconstrained in LPF and will be automatically placed
Warning: IO 'scramble_key_i[34]' is unconstrained in LPF and will be automatically placed
Warning: IO 'scramble_key_i[33]' is unconstrained in LPF and will be automatically placed
Warning: IO 'scramble_key_i[32]' is unconstrained in LPF and will be automatically placed
Warning: IO 'scramble_key_i[31]' is unconstrained in LPF and will be automatically placed
Warning: IO 'scramble_key_i[30]' is unconstrained in LPF and will be automatically placed
Warning: IO 'scramble_key_i[29]' is unconstrained in LPF and will be automatically placed
Warning: IO 'scramble_key_i[28]' is unconstrained in LPF and will be automatically placed
Warning: IO 'scramble_key_i[27]' is unconstrained in LPF and will be automatically placed
Warning: IO 'scramble_key_i[26]' is unconstrained in LPF and will be automatically placed
Warning: IO 'scramble_key_i[25]' is unconstrained in LPF and will be automatically placed
Warning: IO 'scramble_key_i[24]' is unconstrained in LPF and will be automatically placed
Warning: IO 'scramble_key_i[23]' is unconstrained in LPF and will be automatically placed
Warning: IO 'scramble_key_i[22]' is unconstrained in LPF and will be automatically placed
Warning: IO 'scramble_key_i[21]' is unconstrained in LPF and will be automatically placed
Warning: IO 'scramble_key_i[20]' is unconstrained in LPF and will be automatically placed
Warning: IO 'scramble_key_i[19]' is unconstrained in LPF and will be automatically placed
Warning: IO 'scramble_key_i[18]' is unconstrained in LPF and will be automatically placed
Warning: IO 'scramble_key_i[17]' is unconstrained in LPF and will be automatically placed
Warning: IO 'scramble_key_i[16]' is unconstrained in LPF and will be automatically placed
Warning: IO 'scramble_key_i[15]' is unconstrained in LPF and will be automatically placed
Warning: IO 'scramble_key_i[14]' is unconstrained in LPF and will be automatically placed
Warning: IO 'scramble_key_i[13]' is unconstrained in LPF and will be automatically placed
Warning: IO 'scramble_key_i[12]' is unconstrained in LPF and will be automatically placed
Warning: IO 'scramble_key_i[11]' is unconstrained in LPF and will be automatically placed
Warning: IO 'scramble_key_i[10]' is unconstrained in LPF and will be automatically placed
Warning: IO 'scramble_key_i[9]' is unconstrained in LPF and will be automatically placed
Warning: IO 'scramble_key_i[8]' is unconstrained in LPF and will be automatically placed
Warning: IO 'scramble_key_i[7]' is unconstrained in LPF and will be automatically placed
Warning: IO 'scramble_key_i[6]' is unconstrained in LPF and will be automatically placed
Warning: IO 'scramble_key_i[5]' is unconstrained in LPF and will be automatically placed
Warning: IO 'scramble_key_i[4]' is unconstrained in LPF and will be automatically placed
Warning: IO 'scramble_key_i[3]' is unconstrained in LPF and will be automatically placed
Warning: IO 'scramble_key_i[2]' is unconstrained in LPF and will be automatically placed
Warning: IO 'scramble_key_i[1]' is unconstrained in LPF and will be automatically placed
Warning: IO 'scramble_key_i[0]' is unconstrained in LPF and will be automatically placed
Warning: IO 'scan_rst_ni' is unconstrained in LPF and will be automatically placed
Warning: IO 'rvfi_valid' is unconstrained in LPF and will be automatically placed
Warning: IO 'rvfi_trap' is unconstrained in LPF and will be automatically placed
Warning: IO 'rvfi_rs3_rdata[31]' is unconstrained in LPF and will be automatically placed
Warning: IO 'rvfi_rs3_rdata[30]' is unconstrained in LPF and will be automatically placed
Warning: IO 'rvfi_rs3_rdata[29]' is unconstrained in LPF and will be automatically placed
Warning: IO 'rvfi_rs3_rdata[28]' is unconstrained in LPF and will be automatically placed
Warning: IO 'rvfi_rs3_rdata[27]' is unconstrained in LPF and will be automatically placed
Warning: IO 'rvfi_rs3_rdata[26]' is unconstrained in LPF and will be automatically placed
Warning: IO 'rvfi_rs3_rdata[25]' is unconstrained in LPF and will be automatically placed
Warning: IO 'rvfi_rs3_rdata[24]' is unconstrained in LPF and will be automatically placed
Warning: IO 'rvfi_rs3_rdata[23]' is unconstrained in LPF and will be automatically placed
Warning: IO 'rvfi_rs3_rdata[22]' is unconstrained in LPF and will be automatically placed
Warning: IO 'rvfi_rs3_rdata[21]' is unconstrained in LPF and will be automatically placed
Warning: IO 'rvfi_rs3_rdata[20]' is unconstrained in LPF and will be automatically placed
Warning: IO 'rvfi_rs3_rdata[19]' is unconstrained in LPF and will be automatically placed
Warning: IO 'rvfi_rs3_rdata[18]' is unconstrained in LPF and will be automatically placed
Warning: IO 'rvfi_rs3_rdata[17]' is unconstrained in LPF and will be automatically placed
Warning: IO 'rvfi_rs3_rdata[16]' is unconstrained in LPF and will be automatically placed
Warning: IO 'rvfi_rs3_rdata[15]' is unconstrained in LPF and will be automatically placed
Warning: IO 'rvfi_rs3_rdata[14]' is unconstrained in LPF and will be automatically placed
Warning: IO 'rvfi_rs3_rdata[13]' is unconstrained in LPF and will be automatically placed
Warning: IO 'rvfi_rs3_rdata[12]' is unconstrained in LPF and will be automatically placed
Warning: IO 'rvfi_rs3_rdata[11]' is unconstrained in LPF and will be automatically placed
Warning: IO 'rvfi_rs3_rdata[10]' is unconstrained in LPF and will be automatically placed
Warning: IO 'rvfi_rs3_rdata[9]' is unconstrained in LPF and will be automatically placed
Warning: IO 'rvfi_rs3_rdata[8]' is unconstrained in LPF and will be automatically placed
Warning: IO 'rvfi_rs3_rdata[7]' is unconstrained in LPF and will be automatically placed
Warning: IO 'rvfi_rs3_rdata[6]' is unconstrained in LPF and will be automatically placed
Warning: IO 'rvfi_rs3_rdata[5]' is unconstrained in LPF and will be automatically placed
Warning: IO 'rvfi_rs3_rdata[4]' is unconstrained in LPF and will be automatically placed
Warning: IO 'rvfi_rs3_rdata[3]' is unconstrained in LPF and will be automatically placed
Warning: IO 'rvfi_rs3_rdata[2]' is unconstrained in LPF and will be automatically placed
Warning: IO 'rvfi_rs3_rdata[1]' is unconstrained in LPF and will be automatically placed
Warning: IO 'rvfi_rs3_rdata[0]' is unconstrained in LPF and will be automatically placed
Warning: IO 'rvfi_rs3_addr[4]' is unconstrained in LPF and will be automatically placed
Warning: IO 'rvfi_rs3_addr[3]' is unconstrained in LPF and will be automatically placed
Warning: IO 'rvfi_rs3_addr[2]' is unconstrained in LPF and will be automatically placed
Warning: IO 'rvfi_rs3_addr[1]' is unconstrained in LPF and will be automatically placed
Warning: IO 'rvfi_rs3_addr[0]' is unconstrained in LPF and will be automatically placed
Warning: IO 'rvfi_rs2_rdata[31]' is unconstrained in LPF and will be automatically placed
Warning: IO 'rvfi_rs2_rdata[30]' is unconstrained in LPF and will be automatically placed
Warning: IO 'rvfi_rs2_rdata[29]' is unconstrained in LPF and will be automatically placed
Warning: IO 'rvfi_rs2_rdata[28]' is unconstrained in LPF and will be automatically placed
Warning: IO 'rvfi_rs2_rdata[27]' is unconstrained in LPF and will be automatically placed
Warning: IO 'rvfi_rs2_rdata[26]' is unconstrained in LPF and will be automatically placed
Warning: IO 'rvfi_rs2_rdata[25]' is unconstrained in LPF and will be automatically placed
Warning: IO 'rvfi_rs2_rdata[24]' is unconstrained in LPF and will be automatically placed
Warning: IO 'rvfi_rs2_rdata[23]' is unconstrained in LPF and will be automatically placed
Warning: IO 'rvfi_rs2_rdata[22]' is unconstrained in LPF and will be automatically placed
Warning: IO 'rvfi_rs2_rdata[21]' is unconstrained in LPF and will be automatically placed
Warning: IO 'rvfi_rs2_rdata[20]' is unconstrained in LPF and will be automatically placed
Warning: IO 'rvfi_rs2_rdata[19]' is unconstrained in LPF and will be automatically placed
Warning: IO 'rvfi_rs2_rdata[18]' is unconstrained in LPF and will be automatically placed
Warning: IO 'rvfi_rs2_rdata[17]' is unconstrained in LPF and will be automatically placed
Warning: IO 'rvfi_rs2_rdata[16]' is unconstrained in LPF and will be automatically placed
Warning: IO 'rvfi_rs2_rdata[15]' is unconstrained in LPF and will be automatically placed
Warning: IO 'rvfi_rs2_rdata[14]' is unconstrained in LPF and will be automatically placed
Warning: IO 'rvfi_rs2_rdata[13]' is unconstrained in LPF and will be automatically placed
Warning: IO 'rvfi_rs2_rdata[12]' is unconstrained in LPF and will be automatically placed
Warning: IO 'rvfi_rs2_rdata[11]' is unconstrained in LPF and will be automatically placed
Warning: IO 'rvfi_rs2_rdata[10]' is unconstrained in LPF and will be automatically placed
Warning: IO 'rvfi_rs2_rdata[9]' is unconstrained in LPF and will be automatically placed
Warning: IO 'rvfi_rs2_rdata[8]' is unconstrained in LPF and will be automatically placed
Warning: IO 'rvfi_rs2_rdata[7]' is unconstrained in LPF and will be automatically placed
Warning: IO 'rvfi_rs2_rdata[6]' is unconstrained in LPF and will be automatically placed
Warning: IO 'rvfi_rs2_rdata[5]' is unconstrained in LPF and will be automatically placed
Warning: IO 'rvfi_rs2_rdata[4]' is unconstrained in LPF and will be automatically placed
Warning: IO 'rvfi_rs2_rdata[3]' is unconstrained in LPF and will be automatically placed
Warning: IO 'rvfi_rs2_rdata[2]' is unconstrained in LPF and will be automatically placed
Warning: IO 'rvfi_rs2_rdata[1]' is unconstrained in LPF and will be automatically placed
Warning: IO 'rvfi_rs2_rdata[0]' is unconstrained in LPF and will be automatically placed
Warning: IO 'rvfi_rs2_addr[4]' is unconstrained in LPF and will be automatically placed
Warning: IO 'rvfi_rs2_addr[3]' is unconstrained in LPF and will be automatically placed
Warning: IO 'rvfi_rs2_addr[2]' is unconstrained in LPF and will be automatically placed
Warning: IO 'rvfi_rs2_addr[1]' is unconstrained in LPF and will be automatically placed
Warning: IO 'rvfi_rs2_addr[0]' is unconstrained in LPF and will be automatically placed
Warning: IO 'rvfi_rs1_rdata[31]' is unconstrained in LPF and will be automatically placed
Warning: IO 'rvfi_rs1_rdata[30]' is unconstrained in LPF and will be automatically placed
Warning: IO 'rvfi_rs1_rdata[29]' is unconstrained in LPF and will be automatically placed
Warning: IO 'rvfi_rs1_rdata[28]' is unconstrained in LPF and will be automatically placed
Warning: IO 'rvfi_rs1_rdata[27]' is unconstrained in LPF and will be automatically placed
Warning: IO 'rvfi_rs1_rdata[26]' is unconstrained in LPF and will be automatically placed
Warning: IO 'rvfi_rs1_rdata[25]' is unconstrained in LPF and will be automatically placed
Warning: IO 'rvfi_rs1_rdata[24]' is unconstrained in LPF and will be automatically placed
Warning: IO 'rvfi_rs1_rdata[23]' is unconstrained in LPF and will be automatically placed
Warning: IO 'rvfi_rs1_rdata[22]' is unconstrained in LPF and will be automatically placed
Warning: IO 'rvfi_rs1_rdata[21]' is unconstrained in LPF and will be automatically placed
Warning: IO 'rvfi_rs1_rdata[20]' is unconstrained in LPF and will be automatically placed
Warning: IO 'rvfi_rs1_rdata[19]' is unconstrained in LPF and will be automatically placed
Warning: IO 'rvfi_rs1_rdata[18]' is unconstrained in LPF and will be automatically placed
Warning: IO 'rvfi_rs1_rdata[17]' is unconstrained in LPF and will be automatically placed
Warning: IO 'rvfi_rs1_rdata[16]' is unconstrained in LPF and will be automatically placed
Warning: IO 'rvfi_rs1_rdata[15]' is unconstrained in LPF and will be automatically placed
Warning: IO 'rvfi_rs1_rdata[14]' is unconstrained in LPF and will be automatically placed
Warning: IO 'rvfi_rs1_rdata[13]' is unconstrained in LPF and will be automatically placed
Warning: IO 'rvfi_rs1_rdata[12]' is unconstrained in LPF and will be automatically placed
Warning: IO 'rvfi_rs1_rdata[11]' is unconstrained in LPF and will be automatically placed
Warning: IO 'rvfi_rs1_rdata[10]' is unconstrained in LPF and will be automatically placed
Warning: IO 'rvfi_rs1_rdata[9]' is unconstrained in LPF and will be automatically placed
Warning: IO 'rvfi_rs1_rdata[8]' is unconstrained in LPF and will be automatically placed
Warning: IO 'rvfi_rs1_rdata[7]' is unconstrained in LPF and will be automatically placed
Warning: IO 'rvfi_rs1_rdata[6]' is unconstrained in LPF and will be automatically placed
Warning: IO 'rvfi_rs1_rdata[5]' is unconstrained in LPF and will be automatically placed
Warning: IO 'rvfi_rs1_rdata[4]' is unconstrained in LPF and will be automatically placed
Warning: IO 'rvfi_rs1_rdata[3]' is unconstrained in LPF and will be automatically placed
Warning: IO 'rvfi_rs1_rdata[2]' is unconstrained in LPF and will be automatically placed
Warning: IO 'rvfi_rs1_rdata[1]' is unconstrained in LPF and will be automatically placed
Warning: IO 'rvfi_rs1_rdata[0]' is unconstrained in LPF and will be automatically placed
Warning: IO 'rvfi_rs1_addr[4]' is unconstrained in LPF and will be automatically placed
Warning: IO 'rvfi_rs1_addr[3]' is unconstrained in LPF and will be automatically placed
Warning: IO 'rvfi_rs1_addr[2]' is unconstrained in LPF and will be automatically placed
Warning: IO 'rvfi_rs1_addr[1]' is unconstrained in LPF and will be automatically placed
Warning: IO 'rvfi_rs1_addr[0]' is unconstrained in LPF and will be automatically placed
Warning: IO 'rvfi_rd_wdata[31]' is unconstrained in LPF and will be automatically placed
Warning: IO 'rvfi_rd_wdata[30]' is unconstrained in LPF and will be automatically placed
Warning: IO 'rvfi_rd_wdata[29]' is unconstrained in LPF and will be automatically placed
Warning: IO 'rvfi_rd_wdata[28]' is unconstrained in LPF and will be automatically placed
Warning: IO 'rvfi_rd_wdata[27]' is unconstrained in LPF and will be automatically placed
Warning: IO 'rvfi_rd_wdata[26]' is unconstrained in LPF and will be automatically placed
Warning: IO 'rvfi_rd_wdata[25]' is unconstrained in LPF and will be automatically placed
Warning: IO 'rvfi_rd_wdata[24]' is unconstrained in LPF and will be automatically placed
Warning: IO 'rvfi_rd_wdata[23]' is unconstrained in LPF and will be automatically placed
Warning: IO 'rvfi_rd_wdata[22]' is unconstrained in LPF and will be automatically placed
Warning: IO 'rvfi_rd_wdata[21]' is unconstrained in LPF and will be automatically placed
Warning: IO 'rvfi_rd_wdata[20]' is unconstrained in LPF and will be automatically placed
Warning: IO 'rvfi_rd_wdata[19]' is unconstrained in LPF and will be automatically placed
Warning: IO 'rvfi_rd_wdata[18]' is unconstrained in LPF and will be automatically placed
Warning: IO 'rvfi_rd_wdata[17]' is unconstrained in LPF and will be automatically placed
Warning: IO 'rvfi_rd_wdata[16]' is unconstrained in LPF and will be automatically placed
Warning: IO 'rvfi_rd_wdata[15]' is unconstrained in LPF and will be automatically placed
Warning: IO 'rvfi_rd_wdata[14]' is unconstrained in LPF and will be automatically placed
Warning: IO 'rvfi_rd_wdata[13]' is unconstrained in LPF and will be automatically placed
Warning: IO 'rvfi_rd_wdata[12]' is unconstrained in LPF and will be automatically placed
Warning: IO 'rvfi_rd_wdata[11]' is unconstrained in LPF and will be automatically placed
Warning: IO 'rvfi_rd_wdata[10]' is unconstrained in LPF and will be automatically placed
Warning: IO 'rvfi_rd_wdata[9]' is unconstrained in LPF and will be automatically placed
Warning: IO 'rvfi_rd_wdata[8]' is unconstrained in LPF and will be automatically placed
Warning: IO 'rvfi_rd_wdata[7]' is unconstrained in LPF and will be automatically placed
Warning: IO 'rvfi_rd_wdata[6]' is unconstrained in LPF and will be automatically placed
Warning: IO 'rvfi_rd_wdata[5]' is unconstrained in LPF and will be automatically placed
Warning: IO 'rvfi_rd_wdata[4]' is unconstrained in LPF and will be automatically placed
Warning: IO 'rvfi_rd_wdata[3]' is unconstrained in LPF and will be automatically placed
Warning: IO 'rvfi_rd_wdata[2]' is unconstrained in LPF and will be automatically placed
Warning: IO 'rvfi_rd_wdata[1]' is unconstrained in LPF and will be automatically placed
Warning: IO 'rvfi_rd_wdata[0]' is unconstrained in LPF and will be automatically placed
Warning: IO 'rvfi_rd_addr[4]' is unconstrained in LPF and will be automatically placed
Warning: IO 'rvfi_rd_addr[3]' is unconstrained in LPF and will be automatically placed
Warning: IO 'rvfi_rd_addr[2]' is unconstrained in LPF and will be automatically placed
Warning: IO 'rvfi_rd_addr[1]' is unconstrained in LPF and will be automatically placed
Warning: IO 'rvfi_rd_addr[0]' is unconstrained in LPF and will be automatically placed
Warning: IO 'rvfi_pc_wdata[31]' is unconstrained in LPF and will be automatically placed
Warning: IO 'rvfi_pc_wdata[30]' is unconstrained in LPF and will be automatically placed
Warning: IO 'rvfi_pc_wdata[29]' is unconstrained in LPF and will be automatically placed
Warning: IO 'rvfi_pc_wdata[28]' is unconstrained in LPF and will be automatically placed
Warning: IO 'rvfi_pc_wdata[27]' is unconstrained in LPF and will be automatically placed
Warning: IO 'rvfi_pc_wdata[26]' is unconstrained in LPF and will be automatically placed
Warning: IO 'rvfi_pc_wdata[25]' is unconstrained in LPF and will be automatically placed
Warning: IO 'rvfi_pc_wdata[24]' is unconstrained in LPF and will be automatically placed
Warning: IO 'rvfi_pc_wdata[23]' is unconstrained in LPF and will be automatically placed
Warning: IO 'rvfi_pc_wdata[22]' is unconstrained in LPF and will be automatically placed
Warning: IO 'rvfi_pc_wdata[21]' is unconstrained in LPF and will be automatically placed
Warning: IO 'rvfi_pc_wdata[20]' is unconstrained in LPF and will be automatically placed
Warning: IO 'rvfi_pc_wdata[19]' is unconstrained in LPF and will be automatically placed
Warning: IO 'rvfi_pc_wdata[18]' is unconstrained in LPF and will be automatically placed
Warning: IO 'rvfi_pc_wdata[17]' is unconstrained in LPF and will be automatically placed
Warning: IO 'rvfi_pc_wdata[16]' is unconstrained in LPF and will be automatically placed
Warning: IO 'rvfi_pc_wdata[15]' is unconstrained in LPF and will be automatically placed
Warning: IO 'rvfi_pc_wdata[14]' is unconstrained in LPF and will be automatically placed
Warning: IO 'rvfi_pc_wdata[13]' is unconstrained in LPF and will be automatically placed
Warning: IO 'rvfi_pc_wdata[12]' is unconstrained in LPF and will be automatically placed
Warning: IO 'rvfi_pc_wdata[11]' is unconstrained in LPF and will be automatically placed
Warning: IO 'rvfi_pc_wdata[10]' is unconstrained in LPF and will be automatically placed
Warning: IO 'rvfi_pc_wdata[9]' is unconstrained in LPF and will be automatically placed
Warning: IO 'rvfi_pc_wdata[8]' is unconstrained in LPF and will be automatically placed
Warning: IO 'rvfi_pc_wdata[7]' is unconstrained in LPF and will be automatically placed
Warning: IO 'rvfi_pc_wdata[6]' is unconstrained in LPF and will be automatically placed
Warning: IO 'rvfi_pc_wdata[5]' is unconstrained in LPF and will be automatically placed
Warning: IO 'rvfi_pc_wdata[4]' is unconstrained in LPF and will be automatically placed
Warning: IO 'rvfi_pc_wdata[3]' is unconstrained in LPF and will be automatically placed
Warning: IO 'rvfi_pc_wdata[2]' is unconstrained in LPF and will be automatically placed
Warning: IO 'rvfi_pc_wdata[1]' is unconstrained in LPF and will be automatically placed
Warning: IO 'rvfi_pc_wdata[0]' is unconstrained in LPF and will be automatically placed
Warning: IO 'rvfi_pc_rdata[31]' is unconstrained in LPF and will be automatically placed
Warning: IO 'rvfi_pc_rdata[30]' is unconstrained in LPF and will be automatically placed
Warning: IO 'rvfi_pc_rdata[29]' is unconstrained in LPF and will be automatically placed
Warning: IO 'rvfi_pc_rdata[28]' is unconstrained in LPF and will be automatically placed
Warning: IO 'rvfi_pc_rdata[27]' is unconstrained in LPF and will be automatically placed
Warning: IO 'rvfi_pc_rdata[26]' is unconstrained in LPF and will be automatically placed
Warning: IO 'rvfi_pc_rdata[25]' is unconstrained in LPF and will be automatically placed
Warning: IO 'rvfi_pc_rdata[24]' is unconstrained in LPF and will be automatically placed
Warning: IO 'rvfi_pc_rdata[23]' is unconstrained in LPF and will be automatically placed
Warning: IO 'rvfi_pc_rdata[22]' is unconstrained in LPF and will be automatically placed
Warning: IO 'rvfi_pc_rdata[21]' is unconstrained in LPF and will be automatically placed
Warning: IO 'rvfi_pc_rdata[20]' is unconstrained in LPF and will be automatically placed
Warning: IO 'rvfi_pc_rdata[19]' is unconstrained in LPF and will be automatically placed
Warning: IO 'rvfi_pc_rdata[18]' is unconstrained in LPF and will be automatically placed
Warning: IO 'rvfi_pc_rdata[17]' is unconstrained in LPF and will be automatically placed
Warning: IO 'rvfi_pc_rdata[16]' is unconstrained in LPF and will be automatically placed
Warning: IO 'rvfi_pc_rdata[15]' is unconstrained in LPF and will be automatically placed
Warning: IO 'rvfi_pc_rdata[14]' is unconstrained in LPF and will be automatically placed
Warning: IO 'rvfi_pc_rdata[13]' is unconstrained in LPF and will be automatically placed
Warning: IO 'rvfi_pc_rdata[12]' is unconstrained in LPF and will be automatically placed
Warning: IO 'rvfi_pc_rdata[11]' is unconstrained in LPF and will be automatically placed
Warning: IO 'rvfi_pc_rdata[10]' is unconstrained in LPF and will be automatically placed
Warning: IO 'rvfi_pc_rdata[9]' is unconstrained in LPF and will be automatically placed
Warning: IO 'rvfi_pc_rdata[8]' is unconstrained in LPF and will be automatically placed
Warning: IO 'rvfi_pc_rdata[7]' is unconstrained in LPF and will be automatically placed
Warning: IO 'rvfi_pc_rdata[6]' is unconstrained in LPF and will be automatically placed
Warning: IO 'rvfi_pc_rdata[5]' is unconstrained in LPF and will be automatically placed
Warning: IO 'rvfi_pc_rdata[4]' is unconstrained in LPF and will be automatically placed
Warning: IO 'rvfi_pc_rdata[3]' is unconstrained in LPF and will be automatically placed
Warning: IO 'rvfi_pc_rdata[2]' is unconstrained in LPF and will be automatically placed
Warning: IO 'rvfi_pc_rdata[1]' is unconstrained in LPF and will be automatically placed
Warning: IO 'rvfi_pc_rdata[0]' is unconstrained in LPF and will be automatically placed
Warning: IO 'rvfi_order[63]' is unconstrained in LPF and will be automatically placed
Warning: IO 'rvfi_order[62]' is unconstrained in LPF and will be automatically placed
Warning: IO 'rvfi_order[61]' is unconstrained in LPF and will be automatically placed
Warning: IO 'rvfi_order[60]' is unconstrained in LPF and will be automatically placed
Warning: IO 'rvfi_order[59]' is unconstrained in LPF and will be automatically placed
Warning: IO 'rvfi_order[58]' is unconstrained in LPF and will be automatically placed
Warning: IO 'rvfi_order[57]' is unconstrained in LPF and will be automatically placed
Warning: IO 'rvfi_order[56]' is unconstrained in LPF and will be automatically placed
Warning: IO 'rvfi_order[55]' is unconstrained in LPF and will be automatically placed
Warning: IO 'rvfi_order[54]' is unconstrained in LPF and will be automatically placed
Warning: IO 'rvfi_order[53]' is unconstrained in LPF and will be automatically placed
Warning: IO 'rvfi_order[52]' is unconstrained in LPF and will be automatically placed
Warning: IO 'rvfi_order[51]' is unconstrained in LPF and will be automatically placed
Warning: IO 'rvfi_order[50]' is unconstrained in LPF and will be automatically placed
Warning: IO 'rvfi_order[49]' is unconstrained in LPF and will be automatically placed
Warning: IO 'rvfi_order[48]' is unconstrained in LPF and will be automatically placed
Warning: IO 'rvfi_order[47]' is unconstrained in LPF and will be automatically placed
Warning: IO 'rvfi_order[46]' is unconstrained in LPF and will be automatically placed
Warning: IO 'rvfi_order[45]' is unconstrained in LPF and will be automatically placed
Warning: IO 'rvfi_order[44]' is unconstrained in LPF and will be automatically placed
Warning: IO 'rvfi_order[43]' is unconstrained in LPF and will be automatically placed
Warning: IO 'rvfi_order[42]' is unconstrained in LPF and will be automatically placed
Warning: IO 'rvfi_order[41]' is unconstrained in LPF and will be automatically placed
Warning: IO 'rvfi_order[40]' is unconstrained in LPF and will be automatically placed
Warning: IO 'rvfi_order[39]' is unconstrained in LPF and will be automatically placed
Warning: IO 'rvfi_order[38]' is unconstrained in LPF and will be automatically placed
Warning: IO 'rvfi_order[37]' is unconstrained in LPF and will be automatically placed
Warning: IO 'rvfi_order[36]' is unconstrained in LPF and will be automatically placed
Warning: IO 'rvfi_order[35]' is unconstrained in LPF and will be automatically placed
Warning: IO 'rvfi_order[34]' is unconstrained in LPF and will be automatically placed
Warning: IO 'rvfi_order[33]' is unconstrained in LPF and will be automatically placed
Warning: IO 'rvfi_order[32]' is unconstrained in LPF and will be automatically placed
Warning: IO 'rvfi_order[31]' is unconstrained in LPF and will be automatically placed
Warning: IO 'rvfi_order[30]' is unconstrained in LPF and will be automatically placed
Warning: IO 'rvfi_order[29]' is unconstrained in LPF and will be automatically placed
Warning: IO 'rvfi_order[28]' is unconstrained in LPF and will be automatically placed
Warning: IO 'rvfi_order[27]' is unconstrained in LPF and will be automatically placed
Warning: IO 'rvfi_order[26]' is unconstrained in LPF and will be automatically placed
Warning: IO 'rvfi_order[25]' is unconstrained in LPF and will be automatically placed
Warning: IO 'rvfi_order[24]' is unconstrained in LPF and will be automatically placed
Warning: IO 'rvfi_order[23]' is unconstrained in LPF and will be automatically placed
Warning: IO 'rvfi_order[22]' is unconstrained in LPF and will be automatically placed
Warning: IO 'rvfi_order[21]' is unconstrained in LPF and will be automatically placed
Warning: IO 'rvfi_order[20]' is unconstrained in LPF and will be automatically placed
Warning: IO 'rvfi_order[19]' is unconstrained in LPF and will be automatically placed
Warning: IO 'rvfi_order[18]' is unconstrained in LPF and will be automatically placed
Warning: IO 'rvfi_order[17]' is unconstrained in LPF and will be automatically placed
Warning: IO 'rvfi_order[16]' is unconstrained in LPF and will be automatically placed
Warning: IO 'rvfi_order[15]' is unconstrained in LPF and will be automatically placed
Warning: IO 'rvfi_order[14]' is unconstrained in LPF and will be automatically placed
Warning: IO 'rvfi_order[13]' is unconstrained in LPF and will be automatically placed
Warning: IO 'rvfi_order[12]' is unconstrained in LPF and will be automatically placed
Warning: IO 'rvfi_order[11]' is unconstrained in LPF and will be automatically placed
Warning: IO 'rvfi_order[10]' is unconstrained in LPF and will be automatically placed
Warning: IO 'rvfi_order[9]' is unconstrained in LPF and will be automatically placed
Warning: IO 'rvfi_order[8]' is unconstrained in LPF and will be automatically placed
Warning: IO 'rvfi_order[7]' is unconstrained in LPF and will be automatically placed
Warning: IO 'rvfi_order[6]' is unconstrained in LPF and will be automatically placed
Warning: IO 'rvfi_order[5]' is unconstrained in LPF and will be automatically placed
Warning: IO 'rvfi_order[4]' is unconstrained in LPF and will be automatically placed
Warning: IO 'rvfi_order[3]' is unconstrained in LPF and will be automatically placed
Warning: IO 'rvfi_order[2]' is unconstrained in LPF and will be automatically placed
Warning: IO 'rvfi_order[1]' is unconstrained in LPF and will be automatically placed
Warning: IO 'rvfi_order[0]' is unconstrained in LPF and will be automatically placed
Warning: IO 'rvfi_mode[1]' is unconstrained in LPF and will be automatically placed
Warning: IO 'rvfi_mode[0]' is unconstrained in LPF and will be automatically placed
Warning: IO 'rvfi_mem_wmask[3]' is unconstrained in LPF and will be automatically placed
Warning: IO 'rvfi_mem_wmask[2]' is unconstrained in LPF and will be automatically placed
Warning: IO 'rvfi_mem_wmask[1]' is unconstrained in LPF and will be automatically placed
Warning: IO 'rvfi_mem_wmask[0]' is unconstrained in LPF and will be automatically placed
Warning: IO 'rvfi_mem_wdata[31]' is unconstrained in LPF and will be automatically placed
Warning: IO 'rvfi_mem_wdata[30]' is unconstrained in LPF and will be automatically placed
Warning: IO 'rvfi_mem_wdata[29]' is unconstrained in LPF and will be automatically placed
Warning: IO 'rvfi_mem_wdata[28]' is unconstrained in LPF and will be automatically placed
Warning: IO 'rvfi_mem_wdata[27]' is unconstrained in LPF and will be automatically placed
Warning: IO 'rvfi_mem_wdata[26]' is unconstrained in LPF and will be automatically placed
Warning: IO 'rvfi_mem_wdata[25]' is unconstrained in LPF and will be automatically placed
Warning: IO 'rvfi_mem_wdata[24]' is unconstrained in LPF and will be automatically placed
Warning: IO 'rvfi_mem_wdata[23]' is unconstrained in LPF and will be automatically placed
Warning: IO 'rvfi_mem_wdata[22]' is unconstrained in LPF and will be automatically placed
Warning: IO 'rvfi_mem_wdata[21]' is unconstrained in LPF and will be automatically placed
Warning: IO 'rvfi_mem_wdata[20]' is unconstrained in LPF and will be automatically placed
Warning: IO 'rvfi_mem_wdata[19]' is unconstrained in LPF and will be automatically placed
Warning: IO 'rvfi_mem_wdata[18]' is unconstrained in LPF and will be automatically placed
Warning: IO 'rvfi_mem_wdata[17]' is unconstrained in LPF and will be automatically placed
Warning: IO 'rvfi_mem_wdata[16]' is unconstrained in LPF and will be automatically placed
Warning: IO 'rvfi_mem_wdata[15]' is unconstrained in LPF and will be automatically placed
Warning: IO 'rvfi_mem_wdata[14]' is unconstrained in LPF and will be automatically placed
Warning: IO 'rvfi_mem_wdata[13]' is unconstrained in LPF and will be automatically placed
Warning: IO 'rvfi_mem_wdata[12]' is unconstrained in LPF and will be automatically placed
Warning: IO 'rvfi_mem_wdata[11]' is unconstrained in LPF and will be automatically placed
Warning: IO 'rvfi_mem_wdata[10]' is unconstrained in LPF and will be automatically placed
Warning: IO 'rvfi_mem_wdata[9]' is unconstrained in LPF and will be automatically placed
Warning: IO 'rvfi_mem_wdata[8]' is unconstrained in LPF and will be automatically placed
Warning: IO 'rvfi_mem_wdata[7]' is unconstrained in LPF and will be automatically placed
Warning: IO 'rvfi_mem_wdata[6]' is unconstrained in LPF and will be automatically placed
Warning: IO 'rvfi_mem_wdata[5]' is unconstrained in LPF and will be automatically placed
Warning: IO 'rvfi_mem_wdata[4]' is unconstrained in LPF and will be automatically placed
Warning: IO 'rvfi_mem_wdata[3]' is unconstrained in LPF and will be automatically placed
Warning: IO 'rvfi_mem_wdata[2]' is unconstrained in LPF and will be automatically placed
Warning: IO 'rvfi_mem_wdata[1]' is unconstrained in LPF and will be automatically placed
Warning: IO 'rvfi_mem_wdata[0]' is unconstrained in LPF and will be automatically placed
Warning: IO 'rvfi_mem_rmask[3]' is unconstrained in LPF and will be automatically placed
Warning: IO 'rvfi_mem_rmask[2]' is unconstrained in LPF and will be automatically placed
Warning: IO 'rvfi_mem_rmask[1]' is unconstrained in LPF and will be automatically placed
Warning: IO 'rvfi_mem_rmask[0]' is unconstrained in LPF and will be automatically placed
Warning: IO 'rvfi_mem_rdata[31]' is unconstrained in LPF and will be automatically placed
Warning: IO 'rvfi_mem_rdata[30]' is unconstrained in LPF and will be automatically placed
Warning: IO 'rvfi_mem_rdata[29]' is unconstrained in LPF and will be automatically placed
Warning: IO 'rvfi_mem_rdata[28]' is unconstrained in LPF and will be automatically placed
Warning: IO 'rvfi_mem_rdata[27]' is unconstrained in LPF and will be automatically placed
Warning: IO 'rvfi_mem_rdata[26]' is unconstrained in LPF and will be automatically placed
Warning: IO 'rvfi_mem_rdata[25]' is unconstrained in LPF and will be automatically placed
Warning: IO 'rvfi_mem_rdata[24]' is unconstrained in LPF and will be automatically placed
Warning: IO 'rvfi_mem_rdata[23]' is unconstrained in LPF and will be automatically placed
Warning: IO 'rvfi_mem_rdata[22]' is unconstrained in LPF and will be automatically placed
Warning: IO 'rvfi_mem_rdata[21]' is unconstrained in LPF and will be automatically placed
Warning: IO 'rvfi_mem_rdata[20]' is unconstrained in LPF and will be automatically placed
Warning: IO 'rvfi_mem_rdata[19]' is unconstrained in LPF and will be automatically placed
Warning: IO 'rvfi_mem_rdata[18]' is unconstrained in LPF and will be automatically placed
Warning: IO 'rvfi_mem_rdata[17]' is unconstrained in LPF and will be automatically placed
Warning: IO 'rvfi_mem_rdata[16]' is unconstrained in LPF and will be automatically placed
Warning: IO 'rvfi_mem_rdata[15]' is unconstrained in LPF and will be automatically placed
Warning: IO 'rvfi_mem_rdata[14]' is unconstrained in LPF and will be automatically placed
Warning: IO 'rvfi_mem_rdata[13]' is unconstrained in LPF and will be automatically placed
Warning: IO 'rvfi_mem_rdata[12]' is unconstrained in LPF and will be automatically placed
Warning: IO 'rvfi_mem_rdata[11]' is unconstrained in LPF and will be automatically placed
Warning: IO 'rvfi_mem_rdata[10]' is unconstrained in LPF and will be automatically placed
Warning: IO 'rvfi_mem_rdata[9]' is unconstrained in LPF and will be automatically placed
Warning: IO 'rvfi_mem_rdata[8]' is unconstrained in LPF and will be automatically placed
Warning: IO 'rvfi_mem_rdata[7]' is unconstrained in LPF and will be automatically placed
Warning: IO 'rvfi_mem_rdata[6]' is unconstrained in LPF and will be automatically placed
Warning: IO 'rvfi_mem_rdata[5]' is unconstrained in LPF and will be automatically placed
Warning: IO 'rvfi_mem_rdata[4]' is unconstrained in LPF and will be automatically placed
Warning: IO 'rvfi_mem_rdata[3]' is unconstrained in LPF and will be automatically placed
Warning: IO 'rvfi_mem_rdata[2]' is unconstrained in LPF and will be automatically placed
Warning: IO 'rvfi_mem_rdata[1]' is unconstrained in LPF and will be automatically placed
Warning: IO 'rvfi_mem_rdata[0]' is unconstrained in LPF and will be automatically placed
Warning: IO 'rvfi_mem_addr[31]' is unconstrained in LPF and will be automatically placed
Warning: IO 'rvfi_mem_addr[30]' is unconstrained in LPF and will be automatically placed
Warning: IO 'rvfi_mem_addr[29]' is unconstrained in LPF and will be automatically placed
Warning: IO 'rvfi_mem_addr[28]' is unconstrained in LPF and will be automatically placed
Warning: IO 'rvfi_mem_addr[27]' is unconstrained in LPF and will be automatically placed
Warning: IO 'rvfi_mem_addr[26]' is unconstrained in LPF and will be automatically placed
Warning: IO 'rvfi_mem_addr[25]' is unconstrained in LPF and will be automatically placed
Warning: IO 'rvfi_mem_addr[24]' is unconstrained in LPF and will be automatically placed
Warning: IO 'rvfi_mem_addr[23]' is unconstrained in LPF and will be automatically placed
Warning: IO 'rvfi_mem_addr[22]' is unconstrained in LPF and will be automatically placed
Warning: IO 'rvfi_mem_addr[21]' is unconstrained in LPF and will be automatically placed
Warning: IO 'rvfi_mem_addr[20]' is unconstrained in LPF and will be automatically placed
Warning: IO 'rvfi_mem_addr[19]' is unconstrained in LPF and will be automatically placed
Warning: IO 'rvfi_mem_addr[18]' is unconstrained in LPF and will be automatically placed
Warning: IO 'rvfi_mem_addr[17]' is unconstrained in LPF and will be automatically placed
Warning: IO 'rvfi_mem_addr[16]' is unconstrained in LPF and will be automatically placed
Warning: IO 'rvfi_mem_addr[15]' is unconstrained in LPF and will be automatically placed
Warning: IO 'rvfi_mem_addr[14]' is unconstrained in LPF and will be automatically placed
Warning: IO 'rvfi_mem_addr[13]' is unconstrained in LPF and will be automatically placed
Warning: IO 'rvfi_mem_addr[12]' is unconstrained in LPF and will be automatically placed
Warning: IO 'rvfi_mem_addr[11]' is unconstrained in LPF and will be automatically placed
Warning: IO 'rvfi_mem_addr[10]' is unconstrained in LPF and will be automatically placed
Warning: IO 'rvfi_mem_addr[9]' is unconstrained in LPF and will be automatically placed
Warning: IO 'rvfi_mem_addr[8]' is unconstrained in LPF and will be automatically placed
Warning: IO 'rvfi_mem_addr[7]' is unconstrained in LPF and will be automatically placed
Warning: IO 'rvfi_mem_addr[6]' is unconstrained in LPF and will be automatically placed
Warning: IO 'rvfi_mem_addr[5]' is unconstrained in LPF and will be automatically placed
Warning: IO 'rvfi_mem_addr[4]' is unconstrained in LPF and will be automatically placed
Warning: IO 'rvfi_mem_addr[3]' is unconstrained in LPF and will be automatically placed
Warning: IO 'rvfi_mem_addr[2]' is unconstrained in LPF and will be automatically placed
Warning: IO 'rvfi_mem_addr[1]' is unconstrained in LPF and will be automatically placed
Warning: IO 'rvfi_mem_addr[0]' is unconstrained in LPF and will be automatically placed
Warning: IO 'rvfi_ixl[1]' is unconstrained in LPF and will be automatically placed
Warning: IO 'rvfi_ixl[0]' is unconstrained in LPF and will be automatically placed
Warning: IO 'rvfi_intr' is unconstrained in LPF and will be automatically placed
Warning: IO 'rvfi_insn[31]' is unconstrained in LPF and will be automatically placed
Warning: IO 'rvfi_insn[30]' is unconstrained in LPF and will be automatically placed
Warning: IO 'rvfi_insn[29]' is unconstrained in LPF and will be automatically placed
Warning: IO 'rvfi_insn[28]' is unconstrained in LPF and will be automatically placed
Warning: IO 'rvfi_insn[27]' is unconstrained in LPF and will be automatically placed
Warning: IO 'rvfi_insn[26]' is unconstrained in LPF and will be automatically placed
Warning: IO 'rvfi_insn[25]' is unconstrained in LPF and will be automatically placed
Warning: IO 'rvfi_insn[24]' is unconstrained in LPF and will be automatically placed
Warning: IO 'rvfi_insn[23]' is unconstrained in LPF and will be automatically placed
Warning: IO 'rvfi_insn[22]' is unconstrained in LPF and will be automatically placed
Warning: IO 'rvfi_insn[21]' is unconstrained in LPF and will be automatically placed
Warning: IO 'rvfi_insn[20]' is unconstrained in LPF and will be automatically placed
Warning: IO 'rvfi_insn[19]' is unconstrained in LPF and will be automatically placed
Warning: IO 'rvfi_insn[18]' is unconstrained in LPF and will be automatically placed
Warning: IO 'rvfi_insn[17]' is unconstrained in LPF and will be automatically placed
Warning: IO 'rvfi_insn[16]' is unconstrained in LPF and will be automatically placed
Warning: IO 'rvfi_insn[15]' is unconstrained in LPF and will be automatically placed
Warning: IO 'rvfi_insn[14]' is unconstrained in LPF and will be automatically placed
Warning: IO 'rvfi_insn[13]' is unconstrained in LPF and will be automatically placed
Warning: IO 'rvfi_insn[12]' is unconstrained in LPF and will be automatically placed
Warning: IO 'rvfi_insn[11]' is unconstrained in LPF and will be automatically placed
Warning: IO 'rvfi_insn[10]' is unconstrained in LPF and will be automatically placed
Warning: IO 'rvfi_insn[9]' is unconstrained in LPF and will be automatically placed
Warning: IO 'rvfi_insn[8]' is unconstrained in LPF and will be automatically placed
Warning: IO 'rvfi_insn[7]' is unconstrained in LPF and will be automatically placed
Warning: IO 'rvfi_insn[6]' is unconstrained in LPF and will be automatically placed
Warning: IO 'rvfi_insn[5]' is unconstrained in LPF and will be automatically placed
Warning: IO 'rvfi_insn[4]' is unconstrained in LPF and will be automatically placed
Warning: IO 'rvfi_insn[3]' is unconstrained in LPF and will be automatically placed
Warning: IO 'rvfi_insn[2]' is unconstrained in LPF and will be automatically placed
Warning: IO 'rvfi_insn[1]' is unconstrained in LPF and will be automatically placed
Warning: IO 'rvfi_insn[0]' is unconstrained in LPF and will be automatically placed
Warning: IO 'rvfi_halt' is unconstrained in LPF and will be automatically placed
Warning: IO 'rvfi_ext_rf_wr_suppress' is unconstrained in LPF and will be automatically placed
Warning: IO 'rvfi_ext_pre_mip[31]' is unconstrained in LPF and will be automatically placed
Warning: IO 'rvfi_ext_pre_mip[30]' is unconstrained in LPF and will be automatically placed
Warning: IO 'rvfi_ext_pre_mip[29]' is unconstrained in LPF and will be automatically placed
Warning: IO 'rvfi_ext_pre_mip[28]' is unconstrained in LPF and will be automatically placed
Warning: IO 'rvfi_ext_pre_mip[27]' is unconstrained in LPF and will be automatically placed
Warning: IO 'rvfi_ext_pre_mip[26]' is unconstrained in LPF and will be automatically placed
Warning: IO 'rvfi_ext_pre_mip[25]' is unconstrained in LPF and will be automatically placed
Warning: IO 'rvfi_ext_pre_mip[24]' is unconstrained in LPF and will be automatically placed
Warning: IO 'rvfi_ext_pre_mip[23]' is unconstrained in LPF and will be automatically placed
Warning: IO 'rvfi_ext_pre_mip[22]' is unconstrained in LPF and will be automatically placed
Warning: IO 'rvfi_ext_pre_mip[21]' is unconstrained in LPF and will be automatically placed
Warning: IO 'rvfi_ext_pre_mip[20]' is unconstrained in LPF and will be automatically placed
Warning: IO 'rvfi_ext_pre_mip[19]' is unconstrained in LPF and will be automatically placed
Warning: IO 'rvfi_ext_pre_mip[18]' is unconstrained in LPF and will be automatically placed
Warning: IO 'rvfi_ext_pre_mip[17]' is unconstrained in LPF and will be automatically placed
Warning: IO 'rvfi_ext_pre_mip[16]' is unconstrained in LPF and will be automatically placed
Warning: IO 'rvfi_ext_pre_mip[15]' is unconstrained in LPF and will be automatically placed
Warning: IO 'rvfi_ext_pre_mip[14]' is unconstrained in LPF and will be automatically placed
Warning: IO 'rvfi_ext_pre_mip[13]' is unconstrained in LPF and will be automatically placed
Warning: IO 'rvfi_ext_pre_mip[12]' is unconstrained in LPF and will be automatically placed
Warning: IO 'rvfi_ext_pre_mip[11]' is unconstrained in LPF and will be automatically placed
Warning: IO 'rvfi_ext_pre_mip[10]' is unconstrained in LPF and will be automatically placed
Warning: IO 'rvfi_ext_pre_mip[9]' is unconstrained in LPF and will be automatically placed
Warning: IO 'rvfi_ext_pre_mip[8]' is unconstrained in LPF and will be automatically placed
Warning: IO 'rvfi_ext_pre_mip[7]' is unconstrained in LPF and will be automatically placed
Warning: IO 'rvfi_ext_pre_mip[6]' is unconstrained in LPF and will be automatically placed
Warning: IO 'rvfi_ext_pre_mip[5]' is unconstrained in LPF and will be automatically placed
Warning: IO 'rvfi_ext_pre_mip[4]' is unconstrained in LPF and will be automatically placed
Warning: IO 'rvfi_ext_pre_mip[3]' is unconstrained in LPF and will be automatically placed
Warning: IO 'rvfi_ext_pre_mip[2]' is unconstrained in LPF and will be automatically placed
Warning: IO 'rvfi_ext_pre_mip[1]' is unconstrained in LPF and will be automatically placed
Warning: IO 'rvfi_ext_pre_mip[0]' is unconstrained in LPF and will be automatically placed
Warning: IO 'rvfi_ext_post_mip[31]' is unconstrained in LPF and will be automatically placed
Warning: IO 'rvfi_ext_post_mip[30]' is unconstrained in LPF and will be automatically placed
Warning: IO 'rvfi_ext_post_mip[29]' is unconstrained in LPF and will be automatically placed
Warning: IO 'rvfi_ext_post_mip[28]' is unconstrained in LPF and will be automatically placed
Warning: IO 'rvfi_ext_post_mip[27]' is unconstrained in LPF and will be automatically placed
Warning: IO 'rvfi_ext_post_mip[26]' is unconstrained in LPF and will be automatically placed
Warning: IO 'rvfi_ext_post_mip[25]' is unconstrained in LPF and will be automatically placed
Warning: IO 'rvfi_ext_post_mip[24]' is unconstrained in LPF and will be automatically placed
Warning: IO 'rvfi_ext_post_mip[23]' is unconstrained in LPF and will be automatically placed
Warning: IO 'rvfi_ext_post_mip[22]' is unconstrained in LPF and will be automatically placed
Warning: IO 'rvfi_ext_post_mip[21]' is unconstrained in LPF and will be automatically placed
Warning: IO 'rvfi_ext_post_mip[20]' is unconstrained in LPF and will be automatically placed
Warning: IO 'rvfi_ext_post_mip[19]' is unconstrained in LPF and will be automatically placed
Warning: IO 'rvfi_ext_post_mip[18]' is unconstrained in LPF and will be automatically placed
Warning: IO 'rvfi_ext_post_mip[17]' is unconstrained in LPF and will be automatically placed
Warning: IO 'rvfi_ext_post_mip[16]' is unconstrained in LPF and will be automatically placed
Warning: IO 'rvfi_ext_post_mip[15]' is unconstrained in LPF and will be automatically placed
Warning: IO 'rvfi_ext_post_mip[14]' is unconstrained in LPF and will be automatically placed
Warning: IO 'rvfi_ext_post_mip[13]' is unconstrained in LPF and will be automatically placed
Warning: IO 'rvfi_ext_post_mip[12]' is unconstrained in LPF and will be automatically placed
Warning: IO 'rvfi_ext_post_mip[11]' is unconstrained in LPF and will be automatically placed
Warning: IO 'rvfi_ext_post_mip[10]' is unconstrained in LPF and will be automatically placed
Warning: IO 'rvfi_ext_post_mip[9]' is unconstrained in LPF and will be automatically placed
Warning: IO 'rvfi_ext_post_mip[8]' is unconstrained in LPF and will be automatically placed
Warning: IO 'rvfi_ext_post_mip[7]' is unconstrained in LPF and will be automatically placed
Warning: IO 'rvfi_ext_post_mip[6]' is unconstrained in LPF and will be automatically placed
Warning: IO 'rvfi_ext_post_mip[5]' is unconstrained in LPF and will be automatically placed
Warning: IO 'rvfi_ext_post_mip[4]' is unconstrained in LPF and will be automatically placed
Warning: IO 'rvfi_ext_post_mip[3]' is unconstrained in LPF and will be automatically placed
Warning: IO 'rvfi_ext_post_mip[2]' is unconstrained in LPF and will be automatically placed
Warning: IO 'rvfi_ext_post_mip[1]' is unconstrained in LPF and will be automatically placed
Warning: IO 'rvfi_ext_post_mip[0]' is unconstrained in LPF and will be automatically placed
Warning: IO 'rvfi_ext_nmi_int' is unconstrained in LPF and will be automatically placed
Warning: IO 'rvfi_ext_nmi' is unconstrained in LPF and will be automatically placed
Warning: IO 'rvfi_ext_mhpmcountersh[319]' is unconstrained in LPF and will be automatically placed
Warning: IO 'rvfi_ext_mhpmcountersh[318]' is unconstrained in LPF and will be automatically placed
Warning: IO 'rvfi_ext_mhpmcountersh[317]' is unconstrained in LPF and will be automatically placed
Warning: IO 'rvfi_ext_mhpmcountersh[316]' is unconstrained in LPF and will be automatically placed
Warning: IO 'rvfi_ext_mhpmcountersh[315]' is unconstrained in LPF and will be automatically placed
Warning: IO 'rvfi_ext_mhpmcountersh[314]' is unconstrained in LPF and will be automatically placed
Warning: IO 'rvfi_ext_mhpmcountersh[313]' is unconstrained in LPF and will be automatically placed
Warning: IO 'rvfi_ext_mhpmcountersh[312]' is unconstrained in LPF and will be automatically placed
Warning: IO 'rvfi_ext_mhpmcountersh[311]' is unconstrained in LPF and will be automatically placed
Warning: IO 'rvfi_ext_mhpmcountersh[310]' is unconstrained in LPF and will be automatically placed
Warning: IO 'rvfi_ext_mhpmcountersh[309]' is unconstrained in LPF and will be automatically placed
Warning: IO 'rvfi_ext_mhpmcountersh[308]' is unconstrained in LPF and will be automatically placed
Warning: IO 'rvfi_ext_mhpmcountersh[307]' is unconstrained in LPF and will be automatically placed
Warning: IO 'rvfi_ext_mhpmcountersh[306]' is unconstrained in LPF and will be automatically placed
Warning: IO 'rvfi_ext_mhpmcountersh[305]' is unconstrained in LPF and will be automatically placed
Warning: IO 'rvfi_ext_mhpmcountersh[304]' is unconstrained in LPF and will be automatically placed
Warning: IO 'rvfi_ext_mhpmcountersh[303]' is unconstrained in LPF and will be automatically placed
Warning: IO 'rvfi_ext_mhpmcountersh[302]' is unconstrained in LPF and will be automatically placed
Warning: IO 'rvfi_ext_mhpmcountersh[301]' is unconstrained in LPF and will be automatically placed
Warning: IO 'rvfi_ext_mhpmcountersh[300]' is unconstrained in LPF and will be automatically placed
Warning: IO 'rvfi_ext_mhpmcountersh[299]' is unconstrained in LPF and will be automatically placed
Warning: IO 'rvfi_ext_mhpmcountersh[298]' is unconstrained in LPF and will be automatically placed
Warning: IO 'rvfi_ext_mhpmcountersh[297]' is unconstrained in LPF and will be automatically placed
Warning: IO 'rvfi_ext_mhpmcountersh[296]' is unconstrained in LPF and will be automatically placed
Warning: IO 'rvfi_ext_mhpmcountersh[295]' is unconstrained in LPF and will be automatically placed
Warning: IO 'rvfi_ext_mhpmcountersh[294]' is unconstrained in LPF and will be automatically placed
Warning: IO 'rvfi_ext_mhpmcountersh[293]' is unconstrained in LPF and will be automatically placed
Warning: IO 'rvfi_ext_mhpmcountersh[292]' is unconstrained in LPF and will be automatically placed
Warning: IO 'rvfi_ext_mhpmcountersh[291]' is unconstrained in LPF and will be automatically placed
Warning: IO 'rvfi_ext_mhpmcountersh[290]' is unconstrained in LPF and will be automatically placed
Warning: IO 'rvfi_ext_mhpmcountersh[289]' is unconstrained in LPF and will be automatically placed
Warning: IO 'rvfi_ext_mhpmcountersh[288]' is unconstrained in LPF and will be automatically placed
Warning: IO 'rvfi_ext_mhpmcountersh[287]' is unconstrained in LPF and will be automatically placed
Warning: IO 'rvfi_ext_mhpmcountersh[286]' is unconstrained in LPF and will be automatically placed
Warning: IO 'rvfi_ext_mhpmcountersh[285]' is unconstrained in LPF and will be automatically placed
Warning: IO 'rvfi_ext_mhpmcountersh[284]' is unconstrained in LPF and will be automatically placed
Warning: IO 'rvfi_ext_mhpmcountersh[283]' is unconstrained in LPF and will be automatically placed
Warning: IO 'rvfi_ext_mhpmcountersh[282]' is unconstrained in LPF and will be automatically placed
Warning: IO 'rvfi_ext_mhpmcountersh[281]' is unconstrained in LPF and will be automatically placed
Warning: IO 'rvfi_ext_mhpmcountersh[280]' is unconstrained in LPF and will be automatically placed
Warning: IO 'rvfi_ext_mhpmcountersh[279]' is unconstrained in LPF and will be automatically placed
Warning: IO 'rvfi_ext_mhpmcountersh[278]' is unconstrained in LPF and will be automatically placed
Warning: IO 'rvfi_ext_mhpmcountersh[277]' is unconstrained in LPF and will be automatically placed
Warning: IO 'rvfi_ext_mhpmcountersh[276]' is unconstrained in LPF and will be automatically placed
Warning: IO 'rvfi_ext_mhpmcountersh[275]' is unconstrained in LPF and will be automatically placed
Warning: IO 'rvfi_ext_mhpmcountersh[274]' is unconstrained in LPF and will be automatically placed
Warning: IO 'rvfi_ext_mhpmcountersh[273]' is unconstrained in LPF and will be automatically placed
Warning: IO 'rvfi_ext_mhpmcountersh[272]' is unconstrained in LPF and will be automatically placed
Warning: IO 'rvfi_ext_mhpmcountersh[271]' is unconstrained in LPF and will be automatically placed
Warning: IO 'rvfi_ext_mhpmcountersh[270]' is unconstrained in LPF and will be automatically placed
Warning: IO 'rvfi_ext_mhpmcountersh[269]' is unconstrained in LPF and will be automatically placed
Warning: IO 'rvfi_ext_mhpmcountersh[268]' is unconstrained in LPF and will be automatically placed
Warning: IO 'rvfi_ext_mhpmcountersh[267]' is unconstrained in LPF and will be automatically placed
Warning: IO 'rvfi_ext_mhpmcountersh[266]' is unconstrained in LPF and will be automatically placed
Warning: IO 'rvfi_ext_mhpmcountersh[265]' is unconstrained in LPF and will be automatically placed
Warning: IO 'rvfi_ext_mhpmcountersh[264]' is unconstrained in LPF and will be automatically placed
Warning: IO 'rvfi_ext_mhpmcountersh[263]' is unconstrained in LPF and will be automatically placed
Warning: IO 'rvfi_ext_mhpmcountersh[262]' is unconstrained in LPF and will be automatically placed
Warning: IO 'rvfi_ext_mhpmcountersh[261]' is unconstrained in LPF and will be automatically placed
Warning: IO 'rvfi_ext_mhpmcountersh[260]' is unconstrained in LPF and will be automatically placed
Warning: IO 'rvfi_ext_mhpmcountersh[259]' is unconstrained in LPF and will be automatically placed
Warning: IO 'rvfi_ext_mhpmcountersh[258]' is unconstrained in LPF and will be automatically placed
Warning: IO 'rvfi_ext_mhpmcountersh[257]' is unconstrained in LPF and will be automatically placed
Warning: IO 'rvfi_ext_mhpmcountersh[256]' is unconstrained in LPF and will be automatically placed
Warning: IO 'rvfi_ext_mhpmcountersh[255]' is unconstrained in LPF and will be automatically placed
Warning: IO 'rvfi_ext_mhpmcountersh[254]' is unconstrained in LPF and will be automatically placed
Warning: IO 'rvfi_ext_mhpmcountersh[253]' is unconstrained in LPF and will be automatically placed
Warning: IO 'rvfi_ext_mhpmcountersh[252]' is unconstrained in LPF and will be automatically placed
Warning: IO 'rvfi_ext_mhpmcountersh[251]' is unconstrained in LPF and will be automatically placed
Warning: IO 'rvfi_ext_mhpmcountersh[250]' is unconstrained in LPF and will be automatically placed
Warning: IO 'rvfi_ext_mhpmcountersh[249]' is unconstrained in LPF and will be automatically placed
Warning: IO 'rvfi_ext_mhpmcountersh[248]' is unconstrained in LPF and will be automatically placed
Warning: IO 'rvfi_ext_mhpmcountersh[247]' is unconstrained in LPF and will be automatically placed
Warning: IO 'rvfi_ext_mhpmcountersh[246]' is unconstrained in LPF and will be automatically placed
Warning: IO 'rvfi_ext_mhpmcountersh[245]' is unconstrained in LPF and will be automatically placed
Warning: IO 'rvfi_ext_mhpmcountersh[244]' is unconstrained in LPF and will be automatically placed
Warning: IO 'rvfi_ext_mhpmcountersh[243]' is unconstrained in LPF and will be automatically placed
Warning: IO 'rvfi_ext_mhpmcountersh[242]' is unconstrained in LPF and will be automatically placed
Warning: IO 'rvfi_ext_mhpmcountersh[241]' is unconstrained in LPF and will be automatically placed
Warning: IO 'rvfi_ext_mhpmcountersh[240]' is unconstrained in LPF and will be automatically placed
Warning: IO 'rvfi_ext_mhpmcountersh[239]' is unconstrained in LPF and will be automatically placed
Warning: IO 'rvfi_ext_mhpmcountersh[238]' is unconstrained in LPF and will be automatically placed
Warning: IO 'rvfi_ext_mhpmcountersh[237]' is unconstrained in LPF and will be automatically placed
Warning: IO 'rvfi_ext_mhpmcountersh[236]' is unconstrained in LPF and will be automatically placed
Warning: IO 'rvfi_ext_mhpmcountersh[235]' is unconstrained in LPF and will be automatically placed
Warning: IO 'rvfi_ext_mhpmcountersh[234]' is unconstrained in LPF and will be automatically placed
Warning: IO 'rvfi_ext_mhpmcountersh[233]' is unconstrained in LPF and will be automatically placed
Warning: IO 'rvfi_ext_mhpmcountersh[232]' is unconstrained in LPF and will be automatically placed
Warning: IO 'rvfi_ext_mhpmcountersh[231]' is unconstrained in LPF and will be automatically placed
Warning: IO 'rvfi_ext_mhpmcountersh[230]' is unconstrained in LPF and will be automatically placed
Warning: IO 'rvfi_ext_mhpmcountersh[229]' is unconstrained in LPF and will be automatically placed
Warning: IO 'rvfi_ext_mhpmcountersh[228]' is unconstrained in LPF and will be automatically placed
Warning: IO 'rvfi_ext_mhpmcountersh[227]' is unconstrained in LPF and will be automatically placed
Warning: IO 'rvfi_ext_mhpmcountersh[226]' is unconstrained in LPF and will be automatically placed
Warning: IO 'rvfi_ext_mhpmcountersh[225]' is unconstrained in LPF and will be automatically placed
Warning: IO 'rvfi_ext_mhpmcountersh[224]' is unconstrained in LPF and will be automatically placed
Warning: IO 'rvfi_ext_mhpmcountersh[223]' is unconstrained in LPF and will be automatically placed
Warning: IO 'rvfi_ext_mhpmcountersh[222]' is unconstrained in LPF and will be automatically placed
Warning: IO 'rvfi_ext_mhpmcountersh[221]' is unconstrained in LPF and will be automatically placed
Warning: IO 'rvfi_ext_mhpmcountersh[220]' is unconstrained in LPF and will be automatically placed
Warning: IO 'rvfi_ext_mhpmcountersh[219]' is unconstrained in LPF and will be automatically placed
Warning: IO 'rvfi_ext_mhpmcountersh[218]' is unconstrained in LPF and will be automatically placed
Warning: IO 'rvfi_ext_mhpmcountersh[217]' is unconstrained in LPF and will be automatically placed
Warning: IO 'rvfi_ext_mhpmcountersh[216]' is unconstrained in LPF and will be automatically placed
Warning: IO 'rvfi_ext_mhpmcountersh[215]' is unconstrained in LPF and will be automatically placed
Warning: IO 'rvfi_ext_mhpmcountersh[214]' is unconstrained in LPF and will be automatically placed
Warning: IO 'rvfi_ext_mhpmcountersh[213]' is unconstrained in LPF and will be automatically placed
Warning: IO 'rvfi_ext_mhpmcountersh[212]' is unconstrained in LPF and will be automatically placed
Warning: IO 'rvfi_ext_mhpmcountersh[211]' is unconstrained in LPF and will be automatically placed
Warning: IO 'rvfi_ext_mhpmcountersh[210]' is unconstrained in LPF and will be automatically placed
Warning: IO 'rvfi_ext_mhpmcountersh[209]' is unconstrained in LPF and will be automatically placed
Warning: IO 'rvfi_ext_mhpmcountersh[208]' is unconstrained in LPF and will be automatically placed
Warning: IO 'rvfi_ext_mhpmcountersh[207]' is unconstrained in LPF and will be automatically placed
Warning: IO 'rvfi_ext_mhpmcountersh[206]' is unconstrained in LPF and will be automatically placed
Warning: IO 'rvfi_ext_mhpmcountersh[205]' is unconstrained in LPF and will be automatically placed
Warning: IO 'rvfi_ext_mhpmcountersh[204]' is unconstrained in LPF and will be automatically placed
Warning: IO 'rvfi_ext_mhpmcountersh[203]' is unconstrained in LPF and will be automatically placed
Warning: IO 'rvfi_ext_mhpmcountersh[202]' is unconstrained in LPF and will be automatically placed
Warning: IO 'rvfi_ext_mhpmcountersh[201]' is unconstrained in LPF and will be automatically placed
Warning: IO 'rvfi_ext_mhpmcountersh[200]' is unconstrained in LPF and will be automatically placed
Warning: IO 'rvfi_ext_mhpmcountersh[199]' is unconstrained in LPF and will be automatically placed
Warning: IO 'rvfi_ext_mhpmcountersh[198]' is unconstrained in LPF and will be automatically placed
Warning: IO 'rvfi_ext_mhpmcountersh[197]' is unconstrained in LPF and will be automatically placed
Warning: IO 'rvfi_ext_mhpmcountersh[196]' is unconstrained in LPF and will be automatically placed
Warning: IO 'rvfi_ext_mhpmcountersh[195]' is unconstrained in LPF and will be automatically placed
Warning: IO 'rvfi_ext_mhpmcountersh[194]' is unconstrained in LPF and will be automatically placed
Warning: IO 'rvfi_ext_mhpmcountersh[193]' is unconstrained in LPF and will be automatically placed
Warning: IO 'rvfi_ext_mhpmcountersh[192]' is unconstrained in LPF and will be automatically placed
Warning: IO 'rvfi_ext_mhpmcountersh[191]' is unconstrained in LPF and will be automatically placed
Warning: IO 'rvfi_ext_mhpmcountersh[190]' is unconstrained in LPF and will be automatically placed
Warning: IO 'rvfi_ext_mhpmcountersh[189]' is unconstrained in LPF and will be automatically placed
Warning: IO 'rvfi_ext_mhpmcountersh[188]' is unconstrained in LPF and will be automatically placed
Warning: IO 'rvfi_ext_mhpmcountersh[187]' is unconstrained in LPF and will be automatically placed
Warning: IO 'rvfi_ext_mhpmcountersh[186]' is unconstrained in LPF and will be automatically placed
Warning: IO 'rvfi_ext_mhpmcountersh[185]' is unconstrained in LPF and will be automatically placed
Warning: IO 'rvfi_ext_mhpmcountersh[184]' is unconstrained in LPF and will be automatically placed
Warning: IO 'rvfi_ext_mhpmcountersh[183]' is unconstrained in LPF and will be automatically placed
Warning: IO 'rvfi_ext_mhpmcountersh[182]' is unconstrained in LPF and will be automatically placed
Warning: IO 'rvfi_ext_mhpmcountersh[181]' is unconstrained in LPF and will be automatically placed
Warning: IO 'rvfi_ext_mhpmcountersh[180]' is unconstrained in LPF and will be automatically placed
Warning: IO 'rvfi_ext_mhpmcountersh[179]' is unconstrained in LPF and will be automatically placed
Warning: IO 'rvfi_ext_mhpmcountersh[178]' is unconstrained in LPF and will be automatically placed
Warning: IO 'rvfi_ext_mhpmcountersh[177]' is unconstrained in LPF and will be automatically placed
Warning: IO 'rvfi_ext_mhpmcountersh[176]' is unconstrained in LPF and will be automatically placed
Warning: IO 'rvfi_ext_mhpmcountersh[175]' is unconstrained in LPF and will be automatically placed
Warning: IO 'rvfi_ext_mhpmcountersh[174]' is unconstrained in LPF and will be automatically placed
Warning: IO 'rvfi_ext_mhpmcountersh[173]' is unconstrained in LPF and will be automatically placed
Warning: IO 'rvfi_ext_mhpmcountersh[172]' is unconstrained in LPF and will be automatically placed
Warning: IO 'rvfi_ext_mhpmcountersh[171]' is unconstrained in LPF and will be automatically placed
Warning: IO 'rvfi_ext_mhpmcountersh[170]' is unconstrained in LPF and will be automatically placed
Warning: IO 'rvfi_ext_mhpmcountersh[169]' is unconstrained in LPF and will be automatically placed
Warning: IO 'rvfi_ext_mhpmcountersh[168]' is unconstrained in LPF and will be automatically placed
Warning: IO 'rvfi_ext_mhpmcountersh[167]' is unconstrained in LPF and will be automatically placed
Warning: IO 'rvfi_ext_mhpmcountersh[166]' is unconstrained in LPF and will be automatically placed
Warning: IO 'rvfi_ext_mhpmcountersh[165]' is unconstrained in LPF and will be automatically placed
Warning: IO 'rvfi_ext_mhpmcountersh[164]' is unconstrained in LPF and will be automatically placed
Warning: IO 'rvfi_ext_mhpmcountersh[163]' is unconstrained in LPF and will be automatically placed
Warning: IO 'rvfi_ext_mhpmcountersh[162]' is unconstrained in LPF and will be automatically placed
Warning: IO 'rvfi_ext_mhpmcountersh[161]' is unconstrained in LPF and will be automatically placed
Warning: IO 'rvfi_ext_mhpmcountersh[160]' is unconstrained in LPF and will be automatically placed
Warning: IO 'rvfi_ext_mhpmcountersh[159]' is unconstrained in LPF and will be automatically placed
Warning: IO 'rvfi_ext_mhpmcountersh[158]' is unconstrained in LPF and will be automatically placed
Warning: IO 'rvfi_ext_mhpmcountersh[157]' is unconstrained in LPF and will be automatically placed
Warning: IO 'rvfi_ext_mhpmcountersh[156]' is unconstrained in LPF and will be automatically placed
Warning: IO 'rvfi_ext_mhpmcountersh[155]' is unconstrained in LPF and will be automatically placed
Warning: IO 'rvfi_ext_mhpmcountersh[154]' is unconstrained in LPF and will be automatically placed
Warning: IO 'rvfi_ext_mhpmcountersh[153]' is unconstrained in LPF and will be automatically placed
Warning: IO 'rvfi_ext_mhpmcountersh[152]' is unconstrained in LPF and will be automatically placed
Warning: IO 'rvfi_ext_mhpmcountersh[151]' is unconstrained in LPF and will be automatically placed
Warning: IO 'rvfi_ext_mhpmcountersh[150]' is unconstrained in LPF and will be automatically placed
Warning: IO 'rvfi_ext_mhpmcountersh[149]' is unconstrained in LPF and will be automatically placed
Warning: IO 'rvfi_ext_mhpmcountersh[148]' is unconstrained in LPF and will be automatically placed
Warning: IO 'rvfi_ext_mhpmcountersh[147]' is unconstrained in LPF and will be automatically placed
Warning: IO 'rvfi_ext_mhpmcountersh[146]' is unconstrained in LPF and will be automatically placed
Warning: IO 'rvfi_ext_mhpmcountersh[145]' is unconstrained in LPF and will be automatically placed
Warning: IO 'rvfi_ext_mhpmcountersh[144]' is unconstrained in LPF and will be automatically placed
Warning: IO 'rvfi_ext_mhpmcountersh[143]' is unconstrained in LPF and will be automatically placed
Warning: IO 'rvfi_ext_mhpmcountersh[142]' is unconstrained in LPF and will be automatically placed
Warning: IO 'rvfi_ext_mhpmcountersh[141]' is unconstrained in LPF and will be automatically placed
Warning: IO 'rvfi_ext_mhpmcountersh[140]' is unconstrained in LPF and will be automatically placed
Warning: IO 'rvfi_ext_mhpmcountersh[139]' is unconstrained in LPF and will be automatically placed
Warning: IO 'rvfi_ext_mhpmcountersh[138]' is unconstrained in LPF and will be automatically placed
Warning: IO 'rvfi_ext_mhpmcountersh[137]' is unconstrained in LPF and will be automatically placed
Warning: IO 'rvfi_ext_mhpmcountersh[136]' is unconstrained in LPF and will be automatically placed
Warning: IO 'rvfi_ext_mhpmcountersh[135]' is unconstrained in LPF and will be automatically placed
Warning: IO 'rvfi_ext_mhpmcountersh[134]' is unconstrained in LPF and will be automatically placed
Warning: IO 'rvfi_ext_mhpmcountersh[133]' is unconstrained in LPF and will be automatically placed
Warning: IO 'rvfi_ext_mhpmcountersh[132]' is unconstrained in LPF and will be automatically placed
Warning: IO 'rvfi_ext_mhpmcountersh[131]' is unconstrained in LPF and will be automatically placed
Warning: IO 'rvfi_ext_mhpmcountersh[130]' is unconstrained in LPF and will be automatically placed
Warning: IO 'rvfi_ext_mhpmcountersh[129]' is unconstrained in LPF and will be automatically placed
Warning: IO 'rvfi_ext_mhpmcountersh[128]' is unconstrained in LPF and will be automatically placed
Warning: IO 'rvfi_ext_mhpmcountersh[127]' is unconstrained in LPF and will be automatically placed
Warning: IO 'rvfi_ext_mhpmcountersh[126]' is unconstrained in LPF and will be automatically placed
Warning: IO 'rvfi_ext_mhpmcountersh[125]' is unconstrained in LPF and will be automatically placed
Warning: IO 'rvfi_ext_mhpmcountersh[124]' is unconstrained in LPF and will be automatically placed
Warning: IO 'rvfi_ext_mhpmcountersh[123]' is unconstrained in LPF and will be automatically placed
Warning: IO 'rvfi_ext_mhpmcountersh[122]' is unconstrained in LPF and will be automatically placed
Warning: IO 'rvfi_ext_mhpmcountersh[121]' is unconstrained in LPF and will be automatically placed
Warning: IO 'rvfi_ext_mhpmcountersh[120]' is unconstrained in LPF and will be automatically placed
Warning: IO 'rvfi_ext_mhpmcountersh[119]' is unconstrained in LPF and will be automatically placed
Warning: IO 'rvfi_ext_mhpmcountersh[118]' is unconstrained in LPF and will be automatically placed
Warning: IO 'rvfi_ext_mhpmcountersh[117]' is unconstrained in LPF and will be automatically placed
Warning: IO 'rvfi_ext_mhpmcountersh[116]' is unconstrained in LPF and will be automatically placed
Warning: IO 'rvfi_ext_mhpmcountersh[115]' is unconstrained in LPF and will be automatically placed
Warning: IO 'rvfi_ext_mhpmcountersh[114]' is unconstrained in LPF and will be automatically placed
Warning: IO 'rvfi_ext_mhpmcountersh[113]' is unconstrained in LPF and will be automatically placed
Warning: IO 'rvfi_ext_mhpmcountersh[112]' is unconstrained in LPF and will be automatically placed
Warning: IO 'rvfi_ext_mhpmcountersh[111]' is unconstrained in LPF and will be automatically placed
Warning: IO 'rvfi_ext_mhpmcountersh[110]' is unconstrained in LPF and will be automatically placed
Warning: IO 'rvfi_ext_mhpmcountersh[109]' is unconstrained in LPF and will be automatically placed
Warning: IO 'rvfi_ext_mhpmcountersh[108]' is unconstrained in LPF and will be automatically placed
Warning: IO 'rvfi_ext_mhpmcountersh[107]' is unconstrained in LPF and will be automatically placed
Warning: IO 'rvfi_ext_mhpmcountersh[106]' is unconstrained in LPF and will be automatically placed
Warning: IO 'rvfi_ext_mhpmcountersh[105]' is unconstrained in LPF and will be automatically placed
Warning: IO 'rvfi_ext_mhpmcountersh[104]' is unconstrained in LPF and will be automatically placed
Warning: IO 'rvfi_ext_mhpmcountersh[103]' is unconstrained in LPF and will be automatically placed
Warning: IO 'rvfi_ext_mhpmcountersh[102]' is unconstrained in LPF and will be automatically placed
Warning: IO 'rvfi_ext_mhpmcountersh[101]' is unconstrained in LPF and will be automatically placed
Warning: IO 'rvfi_ext_mhpmcountersh[100]' is unconstrained in LPF and will be automatically placed
Warning: IO 'rvfi_ext_mhpmcountersh[99]' is unconstrained in LPF and will be automatically placed
Warning: IO 'rvfi_ext_mhpmcountersh[98]' is unconstrained in LPF and will be automatically placed
Warning: IO 'rvfi_ext_mhpmcountersh[97]' is unconstrained in LPF and will be automatically placed
Warning: IO 'rvfi_ext_mhpmcountersh[96]' is unconstrained in LPF and will be automatically placed
Warning: IO 'rvfi_ext_mhpmcountersh[95]' is unconstrained in LPF and will be automatically placed
Warning: IO 'rvfi_ext_mhpmcountersh[94]' is unconstrained in LPF and will be automatically placed
Warning: IO 'rvfi_ext_mhpmcountersh[93]' is unconstrained in LPF and will be automatically placed
Warning: IO 'rvfi_ext_mhpmcountersh[92]' is unconstrained in LPF and will be automatically placed
Warning: IO 'rvfi_ext_mhpmcountersh[91]' is unconstrained in LPF and will be automatically placed
Warning: IO 'rvfi_ext_mhpmcountersh[90]' is unconstrained in LPF and will be automatically placed
Warning: IO 'rvfi_ext_mhpmcountersh[89]' is unconstrained in LPF and will be automatically placed
Warning: IO 'rvfi_ext_mhpmcountersh[88]' is unconstrained in LPF and will be automatically placed
Warning: IO 'rvfi_ext_mhpmcountersh[87]' is unconstrained in LPF and will be automatically placed
Warning: IO 'rvfi_ext_mhpmcountersh[86]' is unconstrained in LPF and will be automatically placed
Warning: IO 'rvfi_ext_mhpmcountersh[85]' is unconstrained in LPF and will be automatically placed
Warning: IO 'rvfi_ext_mhpmcountersh[84]' is unconstrained in LPF and will be automatically placed
Warning: IO 'rvfi_ext_mhpmcountersh[83]' is unconstrained in LPF and will be automatically placed
Warning: IO 'rvfi_ext_mhpmcountersh[82]' is unconstrained in LPF and will be automatically placed
Warning: IO 'rvfi_ext_mhpmcountersh[81]' is unconstrained in LPF and will be automatically placed
Warning: IO 'rvfi_ext_mhpmcountersh[80]' is unconstrained in LPF and will be automatically placed
Warning: IO 'rvfi_ext_mhpmcountersh[79]' is unconstrained in LPF and will be automatically placed
Warning: IO 'rvfi_ext_mhpmcountersh[78]' is unconstrained in LPF and will be automatically placed
Warning: IO 'rvfi_ext_mhpmcountersh[77]' is unconstrained in LPF and will be automatically placed
Warning: IO 'rvfi_ext_mhpmcountersh[76]' is unconstrained in LPF and will be automatically placed
Warning: IO 'rvfi_ext_mhpmcountersh[75]' is unconstrained in LPF and will be automatically placed
Warning: IO 'rvfi_ext_mhpmcountersh[74]' is unconstrained in LPF and will be automatically placed
Warning: IO 'rvfi_ext_mhpmcountersh[73]' is unconstrained in LPF and will be automatically placed
Warning: IO 'rvfi_ext_mhpmcountersh[72]' is unconstrained in LPF and will be automatically placed
Warning: IO 'rvfi_ext_mhpmcountersh[71]' is unconstrained in LPF and will be automatically placed
Warning: IO 'rvfi_ext_mhpmcountersh[70]' is unconstrained in LPF and will be automatically placed
Warning: IO 'rvfi_ext_mhpmcountersh[69]' is unconstrained in LPF and will be automatically placed
Warning: IO 'rvfi_ext_mhpmcountersh[68]' is unconstrained in LPF and will be automatically placed
Warning: IO 'rvfi_ext_mhpmcountersh[67]' is unconstrained in LPF and will be automatically placed
Warning: IO 'rvfi_ext_mhpmcountersh[66]' is unconstrained in LPF and will be automatically placed
Warning: IO 'rvfi_ext_mhpmcountersh[65]' is unconstrained in LPF and will be automatically placed
Warning: IO 'rvfi_ext_mhpmcountersh[64]' is unconstrained in LPF and will be automatically placed
Warning: IO 'rvfi_ext_mhpmcountersh[63]' is unconstrained in LPF and will be automatically placed
Warning: IO 'rvfi_ext_mhpmcountersh[62]' is unconstrained in LPF and will be automatically placed
Warning: IO 'rvfi_ext_mhpmcountersh[61]' is unconstrained in LPF and will be automatically placed
Warning: IO 'rvfi_ext_mhpmcountersh[60]' is unconstrained in LPF and will be automatically placed
Warning: IO 'rvfi_ext_mhpmcountersh[59]' is unconstrained in LPF and will be automatically placed
Warning: IO 'rvfi_ext_mhpmcountersh[58]' is unconstrained in LPF and will be automatically placed
Warning: IO 'rvfi_ext_mhpmcountersh[57]' is unconstrained in LPF and will be automatically placed
Warning: IO 'rvfi_ext_mhpmcountersh[56]' is unconstrained in LPF and will be automatically placed
Warning: IO 'rvfi_ext_mhpmcountersh[55]' is unconstrained in LPF and will be automatically placed
Warning: IO 'rvfi_ext_mhpmcountersh[54]' is unconstrained in LPF and will be automatically placed
Warning: IO 'rvfi_ext_mhpmcountersh[53]' is unconstrained in LPF and will be automatically placed
Warning: IO 'rvfi_ext_mhpmcountersh[52]' is unconstrained in LPF and will be automatically placed
Warning: IO 'rvfi_ext_mhpmcountersh[51]' is unconstrained in LPF and will be automatically placed
Warning: IO 'rvfi_ext_mhpmcountersh[50]' is unconstrained in LPF and will be automatically placed
Warning: IO 'rvfi_ext_mhpmcountersh[49]' is unconstrained in LPF and will be automatically placed
Warning: IO 'rvfi_ext_mhpmcountersh[48]' is unconstrained in LPF and will be automatically placed
Warning: IO 'rvfi_ext_mhpmcountersh[47]' is unconstrained in LPF and will be automatically placed
Warning: IO 'rvfi_ext_mhpmcountersh[46]' is unconstrained in LPF and will be automatically placed
Warning: IO 'rvfi_ext_mhpmcountersh[45]' is unconstrained in LPF and will be automatically placed
Warning: IO 'rvfi_ext_mhpmcountersh[44]' is unconstrained in LPF and will be automatically placed
Warning: IO 'rvfi_ext_mhpmcountersh[43]' is unconstrained in LPF and will be automatically placed
Warning: IO 'rvfi_ext_mhpmcountersh[42]' is unconstrained in LPF and will be automatically placed
Warning: IO 'rvfi_ext_mhpmcountersh[41]' is unconstrained in LPF and will be automatically placed
Warning: IO 'rvfi_ext_mhpmcountersh[40]' is unconstrained in LPF and will be automatically placed
Warning: IO 'rvfi_ext_mhpmcountersh[39]' is unconstrained in LPF and will be automatically placed
Warning: IO 'rvfi_ext_mhpmcountersh[38]' is unconstrained in LPF and will be automatically placed
Warning: IO 'rvfi_ext_mhpmcountersh[37]' is unconstrained in LPF and will be automatically placed
Warning: IO 'rvfi_ext_mhpmcountersh[36]' is unconstrained in LPF and will be automatically placed
Warning: IO 'rvfi_ext_mhpmcountersh[35]' is unconstrained in LPF and will be automatically placed
Warning: IO 'rvfi_ext_mhpmcountersh[34]' is unconstrained in LPF and will be automatically placed
Warning: IO 'rvfi_ext_mhpmcountersh[33]' is unconstrained in LPF and will be automatically placed
Warning: IO 'rvfi_ext_mhpmcountersh[32]' is unconstrained in LPF and will be automatically placed
Warning: IO 'rvfi_ext_mhpmcountersh[31]' is unconstrained in LPF and will be automatically placed
Warning: IO 'rvfi_ext_mhpmcountersh[30]' is unconstrained in LPF and will be automatically placed
Warning: IO 'rvfi_ext_mhpmcountersh[29]' is unconstrained in LPF and will be automatically placed
Warning: IO 'rvfi_ext_mhpmcountersh[28]' is unconstrained in LPF and will be automatically placed
Warning: IO 'rvfi_ext_mhpmcountersh[27]' is unconstrained in LPF and will be automatically placed
Warning: IO 'rvfi_ext_mhpmcountersh[26]' is unconstrained in LPF and will be automatically placed
Warning: IO 'rvfi_ext_mhpmcountersh[25]' is unconstrained in LPF and will be automatically placed
Warning: IO 'rvfi_ext_mhpmcountersh[24]' is unconstrained in LPF and will be automatically placed
Warning: IO 'rvfi_ext_mhpmcountersh[23]' is unconstrained in LPF and will be automatically placed
Warning: IO 'rvfi_ext_mhpmcountersh[22]' is unconstrained in LPF and will be automatically placed
Warning: IO 'rvfi_ext_mhpmcountersh[21]' is unconstrained in LPF and will be automatically placed
Warning: IO 'rvfi_ext_mhpmcountersh[20]' is unconstrained in LPF and will be automatically placed
Warning: IO 'rvfi_ext_mhpmcountersh[19]' is unconstrained in LPF and will be automatically placed
Warning: IO 'rvfi_ext_mhpmcountersh[18]' is unconstrained in LPF and will be automatically placed
Warning: IO 'rvfi_ext_mhpmcountersh[17]' is unconstrained in LPF and will be automatically placed
Warning: IO 'rvfi_ext_mhpmcountersh[16]' is unconstrained in LPF and will be automatically placed
Warning: IO 'rvfi_ext_mhpmcountersh[15]' is unconstrained in LPF and will be automatically placed
Warning: IO 'rvfi_ext_mhpmcountersh[14]' is unconstrained in LPF and will be automatically placed
Warning: IO 'rvfi_ext_mhpmcountersh[13]' is unconstrained in LPF and will be automatically placed
Warning: IO 'rvfi_ext_mhpmcountersh[12]' is unconstrained in LPF and will be automatically placed
Warning: IO 'rvfi_ext_mhpmcountersh[11]' is unconstrained in LPF and will be automatically placed
Warning: IO 'rvfi_ext_mhpmcountersh[10]' is unconstrained in LPF and will be automatically placed
Warning: IO 'rvfi_ext_mhpmcountersh[9]' is unconstrained in LPF and will be automatically placed
Warning: IO 'rvfi_ext_mhpmcountersh[8]' is unconstrained in LPF and will be automatically placed
Warning: IO 'rvfi_ext_mhpmcountersh[7]' is unconstrained in LPF and will be automatically placed
Warning: IO 'rvfi_ext_mhpmcountersh[6]' is unconstrained in LPF and will be automatically placed
Warning: IO 'rvfi_ext_mhpmcountersh[5]' is unconstrained in LPF and will be automatically placed
Warning: IO 'rvfi_ext_mhpmcountersh[4]' is unconstrained in LPF and will be automatically placed
Warning: IO 'rvfi_ext_mhpmcountersh[3]' is unconstrained in LPF and will be automatically placed
Warning: IO 'rvfi_ext_mhpmcountersh[2]' is unconstrained in LPF and will be automatically placed
Warning: IO 'rvfi_ext_mhpmcountersh[1]' is unconstrained in LPF and will be automatically placed
Warning: IO 'rvfi_ext_mhpmcountersh[0]' is unconstrained in LPF and will be automatically placed
Warning: IO 'rvfi_ext_mhpmcounters[319]' is unconstrained in LPF and will be automatically placed
Warning: IO 'rvfi_ext_mhpmcounters[318]' is unconstrained in LPF and will be automatically placed
Warning: IO 'rvfi_ext_mhpmcounters[317]' is unconstrained in LPF and will be automatically placed
Warning: IO 'rvfi_ext_mhpmcounters[316]' is unconstrained in LPF and will be automatically placed
Warning: IO 'rvfi_ext_mhpmcounters[315]' is unconstrained in LPF and will be automatically placed
Warning: IO 'rvfi_ext_mhpmcounters[314]' is unconstrained in LPF and will be automatically placed
Warning: IO 'rvfi_ext_mhpmcounters[313]' is unconstrained in LPF and will be automatically placed
Warning: IO 'rvfi_ext_mhpmcounters[312]' is unconstrained in LPF and will be automatically placed
Warning: IO 'rvfi_ext_mhpmcounters[311]' is unconstrained in LPF and will be automatically placed
Warning: IO 'rvfi_ext_mhpmcounters[310]' is unconstrained in LPF and will be automatically placed
Warning: IO 'rvfi_ext_mhpmcounters[309]' is unconstrained in LPF and will be automatically placed
Warning: IO 'rvfi_ext_mhpmcounters[308]' is unconstrained in LPF and will be automatically placed
Warning: IO 'rvfi_ext_mhpmcounters[307]' is unconstrained in LPF and will be automatically placed
Warning: IO 'rvfi_ext_mhpmcounters[306]' is unconstrained in LPF and will be automatically placed
Warning: IO 'rvfi_ext_mhpmcounters[305]' is unconstrained in LPF and will be automatically placed
Warning: IO 'rvfi_ext_mhpmcounters[304]' is unconstrained in LPF and will be automatically placed
Warning: IO 'rvfi_ext_mhpmcounters[303]' is unconstrained in LPF and will be automatically placed
Warning: IO 'rvfi_ext_mhpmcounters[302]' is unconstrained in LPF and will be automatically placed
Warning: IO 'rvfi_ext_mhpmcounters[301]' is unconstrained in LPF and will be automatically placed
Warning: IO 'rvfi_ext_mhpmcounters[300]' is unconstrained in LPF and will be automatically placed
Warning: IO 'rvfi_ext_mhpmcounters[299]' is unconstrained in LPF and will be automatically placed
Warning: IO 'rvfi_ext_mhpmcounters[298]' is unconstrained in LPF and will be automatically placed
Warning: IO 'rvfi_ext_mhpmcounters[297]' is unconstrained in LPF and will be automatically placed
Warning: IO 'rvfi_ext_mhpmcounters[296]' is unconstrained in LPF and will be automatically placed
Warning: IO 'rvfi_ext_mhpmcounters[295]' is unconstrained in LPF and will be automatically placed
Warning: IO 'rvfi_ext_mhpmcounters[294]' is unconstrained in LPF and will be automatically placed
Warning: IO 'rvfi_ext_mhpmcounters[293]' is unconstrained in LPF and will be automatically placed
Warning: IO 'rvfi_ext_mhpmcounters[292]' is unconstrained in LPF and will be automatically placed
Warning: IO 'rvfi_ext_mhpmcounters[291]' is unconstrained in LPF and will be automatically placed
Warning: IO 'rvfi_ext_mhpmcounters[290]' is unconstrained in LPF and will be automatically placed
Warning: IO 'rvfi_ext_mhpmcounters[289]' is unconstrained in LPF and will be automatically placed
Warning: IO 'rvfi_ext_mhpmcounters[288]' is unconstrained in LPF and will be automatically placed
Warning: IO 'rvfi_ext_mhpmcounters[287]' is unconstrained in LPF and will be automatically placed
Warning: IO 'rvfi_ext_mhpmcounters[286]' is unconstrained in LPF and will be automatically placed
Warning: IO 'rvfi_ext_mhpmcounters[285]' is unconstrained in LPF and will be automatically placed
Warning: IO 'rvfi_ext_mhpmcounters[284]' is unconstrained in LPF and will be automatically placed
Warning: IO 'rvfi_ext_mhpmcounters[283]' is unconstrained in LPF and will be automatically placed
Warning: IO 'rvfi_ext_mhpmcounters[282]' is unconstrained in LPF and will be automatically placed
Warning: IO 'rvfi_ext_mhpmcounters[281]' is unconstrained in LPF and will be automatically placed
Warning: IO 'rvfi_ext_mhpmcounters[280]' is unconstrained in LPF and will be automatically placed
Warning: IO 'rvfi_ext_mhpmcounters[279]' is unconstrained in LPF and will be automatically placed
Warning: IO 'rvfi_ext_mhpmcounters[278]' is unconstrained in LPF and will be automatically placed
Warning: IO 'rvfi_ext_mhpmcounters[277]' is unconstrained in LPF and will be automatically placed
Warning: IO 'rvfi_ext_mhpmcounters[276]' is unconstrained in LPF and will be automatically placed
Warning: IO 'rvfi_ext_mhpmcounters[275]' is unconstrained in LPF and will be automatically placed
Warning: IO 'rvfi_ext_mhpmcounters[274]' is unconstrained in LPF and will be automatically placed
Warning: IO 'rvfi_ext_mhpmcounters[273]' is unconstrained in LPF and will be automatically placed
Warning: IO 'rvfi_ext_mhpmcounters[272]' is unconstrained in LPF and will be automatically placed
Warning: IO 'rvfi_ext_mhpmcounters[271]' is unconstrained in LPF and will be automatically placed
Warning: IO 'rvfi_ext_mhpmcounters[270]' is unconstrained in LPF and will be automatically placed
Warning: IO 'rvfi_ext_mhpmcounters[269]' is unconstrained in LPF and will be automatically placed
Warning: IO 'rvfi_ext_mhpmcounters[268]' is unconstrained in LPF and will be automatically placed
Warning: IO 'rvfi_ext_mhpmcounters[267]' is unconstrained in LPF and will be automatically placed
Warning: IO 'rvfi_ext_mhpmcounters[266]' is unconstrained in LPF and will be automatically placed
Warning: IO 'rvfi_ext_mhpmcounters[265]' is unconstrained in LPF and will be automatically placed
Warning: IO 'rvfi_ext_mhpmcounters[264]' is unconstrained in LPF and will be automatically placed
Warning: IO 'rvfi_ext_mhpmcounters[263]' is unconstrained in LPF and will be automatically placed
Warning: IO 'rvfi_ext_mhpmcounters[262]' is unconstrained in LPF and will be automatically placed
Warning: IO 'rvfi_ext_mhpmcounters[261]' is unconstrained in LPF and will be automatically placed
Warning: IO 'rvfi_ext_mhpmcounters[260]' is unconstrained in LPF and will be automatically placed
Warning: IO 'rvfi_ext_mhpmcounters[259]' is unconstrained in LPF and will be automatically placed
Warning: IO 'rvfi_ext_mhpmcounters[258]' is unconstrained in LPF and will be automatically placed
Warning: IO 'rvfi_ext_mhpmcounters[257]' is unconstrained in LPF and will be automatically placed
Warning: IO 'rvfi_ext_mhpmcounters[256]' is unconstrained in LPF and will be automatically placed
Warning: IO 'rvfi_ext_mhpmcounters[255]' is unconstrained in LPF and will be automatically placed
Warning: IO 'rvfi_ext_mhpmcounters[254]' is unconstrained in LPF and will be automatically placed
Warning: IO 'rvfi_ext_mhpmcounters[253]' is unconstrained in LPF and will be automatically placed
Warning: IO 'rvfi_ext_mhpmcounters[252]' is unconstrained in LPF and will be automatically placed
Warning: IO 'rvfi_ext_mhpmcounters[251]' is unconstrained in LPF and will be automatically placed
Warning: IO 'rvfi_ext_mhpmcounters[250]' is unconstrained in LPF and will be automatically placed
Warning: IO 'rvfi_ext_mhpmcounters[249]' is unconstrained in LPF and will be automatically placed
Warning: IO 'rvfi_ext_mhpmcounters[248]' is unconstrained in LPF and will be automatically placed
Warning: IO 'rvfi_ext_mhpmcounters[247]' is unconstrained in LPF and will be automatically placed
Warning: IO 'rvfi_ext_mhpmcounters[246]' is unconstrained in LPF and will be automatically placed
Warning: IO 'rvfi_ext_mhpmcounters[245]' is unconstrained in LPF and will be automatically placed
Warning: IO 'rvfi_ext_mhpmcounters[244]' is unconstrained in LPF and will be automatically placed
Warning: IO 'rvfi_ext_mhpmcounters[243]' is unconstrained in LPF and will be automatically placed
Warning: IO 'rvfi_ext_mhpmcounters[242]' is unconstrained in LPF and will be automatically placed
Warning: IO 'rvfi_ext_mhpmcounters[241]' is unconstrained in LPF and will be automatically placed
Warning: IO 'rvfi_ext_mhpmcounters[240]' is unconstrained in LPF and will be automatically placed
Warning: IO 'rvfi_ext_mhpmcounters[239]' is unconstrained in LPF and will be automatically placed
Warning: IO 'rvfi_ext_mhpmcounters[238]' is unconstrained in LPF and will be automatically placed
Warning: IO 'rvfi_ext_mhpmcounters[237]' is unconstrained in LPF and will be automatically placed
Warning: IO 'rvfi_ext_mhpmcounters[236]' is unconstrained in LPF and will be automatically placed
Warning: IO 'rvfi_ext_mhpmcounters[235]' is unconstrained in LPF and will be automatically placed
Warning: IO 'rvfi_ext_mhpmcounters[234]' is unconstrained in LPF and will be automatically placed
Warning: IO 'rvfi_ext_mhpmcounters[233]' is unconstrained in LPF and will be automatically placed
Warning: IO 'rvfi_ext_mhpmcounters[232]' is unconstrained in LPF and will be automatically placed
Warning: IO 'rvfi_ext_mhpmcounters[231]' is unconstrained in LPF and will be automatically placed
Warning: IO 'rvfi_ext_mhpmcounters[230]' is unconstrained in LPF and will be automatically placed
Warning: IO 'rvfi_ext_mhpmcounters[229]' is unconstrained in LPF and will be automatically placed
Warning: IO 'rvfi_ext_mhpmcounters[228]' is unconstrained in LPF and will be automatically placed
Warning: IO 'rvfi_ext_mhpmcounters[227]' is unconstrained in LPF and will be automatically placed
Warning: IO 'rvfi_ext_mhpmcounters[226]' is unconstrained in LPF and will be automatically placed
Warning: IO 'rvfi_ext_mhpmcounters[225]' is unconstrained in LPF and will be automatically placed
Warning: IO 'rvfi_ext_mhpmcounters[224]' is unconstrained in LPF and will be automatically placed
Warning: IO 'rvfi_ext_mhpmcounters[223]' is unconstrained in LPF and will be automatically placed
Warning: IO 'rvfi_ext_mhpmcounters[222]' is unconstrained in LPF and will be automatically placed
Warning: IO 'rvfi_ext_mhpmcounters[221]' is unconstrained in LPF and will be automatically placed
Warning: IO 'rvfi_ext_mhpmcounters[220]' is unconstrained in LPF and will be automatically placed
Warning: IO 'rvfi_ext_mhpmcounters[219]' is unconstrained in LPF and will be automatically placed
Warning: IO 'rvfi_ext_mhpmcounters[218]' is unconstrained in LPF and will be automatically placed
Warning: IO 'rvfi_ext_mhpmcounters[217]' is unconstrained in LPF and will be automatically placed
Warning: IO 'rvfi_ext_mhpmcounters[216]' is unconstrained in LPF and will be automatically placed
Warning: IO 'rvfi_ext_mhpmcounters[215]' is unconstrained in LPF and will be automatically placed
Warning: IO 'rvfi_ext_mhpmcounters[214]' is unconstrained in LPF and will be automatically placed
Warning: IO 'rvfi_ext_mhpmcounters[213]' is unconstrained in LPF and will be automatically placed
Warning: IO 'rvfi_ext_mhpmcounters[212]' is unconstrained in LPF and will be automatically placed
Warning: IO 'rvfi_ext_mhpmcounters[211]' is unconstrained in LPF and will be automatically placed
Warning: IO 'rvfi_ext_mhpmcounters[210]' is unconstrained in LPF and will be automatically placed
Warning: IO 'rvfi_ext_mhpmcounters[209]' is unconstrained in LPF and will be automatically placed
Warning: IO 'rvfi_ext_mhpmcounters[208]' is unconstrained in LPF and will be automatically placed
Warning: IO 'rvfi_ext_mhpmcounters[207]' is unconstrained in LPF and will be automatically placed
Warning: IO 'rvfi_ext_mhpmcounters[206]' is unconstrained in LPF and will be automatically placed
Warning: IO 'rvfi_ext_mhpmcounters[205]' is unconstrained in LPF and will be automatically placed
Warning: IO 'rvfi_ext_mhpmcounters[204]' is unconstrained in LPF and will be automatically placed
Warning: IO 'rvfi_ext_mhpmcounters[203]' is unconstrained in LPF and will be automatically placed
Warning: IO 'rvfi_ext_mhpmcounters[202]' is unconstrained in LPF and will be automatically placed
Warning: IO 'rvfi_ext_mhpmcounters[201]' is unconstrained in LPF and will be automatically placed
Warning: IO 'rvfi_ext_mhpmcounters[200]' is unconstrained in LPF and will be automatically placed
Warning: IO 'rvfi_ext_mhpmcounters[199]' is unconstrained in LPF and will be automatically placed
Warning: IO 'rvfi_ext_mhpmcounters[198]' is unconstrained in LPF and will be automatically placed
Warning: IO 'rvfi_ext_mhpmcounters[197]' is unconstrained in LPF and will be automatically placed
Warning: IO 'rvfi_ext_mhpmcounters[196]' is unconstrained in LPF and will be automatically placed
Warning: IO 'rvfi_ext_mhpmcounters[195]' is unconstrained in LPF and will be automatically placed
Warning: IO 'rvfi_ext_mhpmcounters[194]' is unconstrained in LPF and will be automatically placed
Warning: IO 'rvfi_ext_mhpmcounters[193]' is unconstrained in LPF and will be automatically placed
Warning: IO 'rvfi_ext_mhpmcounters[192]' is unconstrained in LPF and will be automatically placed
Warning: IO 'rvfi_ext_mhpmcounters[191]' is unconstrained in LPF and will be automatically placed
Warning: IO 'rvfi_ext_mhpmcounters[190]' is unconstrained in LPF and will be automatically placed
Warning: IO 'rvfi_ext_mhpmcounters[189]' is unconstrained in LPF and will be automatically placed
Warning: IO 'rvfi_ext_mhpmcounters[188]' is unconstrained in LPF and will be automatically placed
Warning: IO 'rvfi_ext_mhpmcounters[187]' is unconstrained in LPF and will be automatically placed
Warning: IO 'rvfi_ext_mhpmcounters[186]' is unconstrained in LPF and will be automatically placed
Warning: IO 'rvfi_ext_mhpmcounters[185]' is unconstrained in LPF and will be automatically placed
Warning: IO 'rvfi_ext_mhpmcounters[184]' is unconstrained in LPF and will be automatically placed
Warning: IO 'rvfi_ext_mhpmcounters[183]' is unconstrained in LPF and will be automatically placed
Warning: IO 'rvfi_ext_mhpmcounters[182]' is unconstrained in LPF and will be automatically placed
Warning: IO 'rvfi_ext_mhpmcounters[181]' is unconstrained in LPF and will be automatically placed
Warning: IO 'rvfi_ext_mhpmcounters[180]' is unconstrained in LPF and will be automatically placed
Warning: IO 'rvfi_ext_mhpmcounters[179]' is unconstrained in LPF and will be automatically placed
Warning: IO 'rvfi_ext_mhpmcounters[178]' is unconstrained in LPF and will be automatically placed
Warning: IO 'rvfi_ext_mhpmcounters[177]' is unconstrained in LPF and will be automatically placed
Warning: IO 'rvfi_ext_mhpmcounters[176]' is unconstrained in LPF and will be automatically placed
Warning: IO 'rvfi_ext_mhpmcounters[175]' is unconstrained in LPF and will be automatically placed
Warning: IO 'rvfi_ext_mhpmcounters[174]' is unconstrained in LPF and will be automatically placed
Warning: IO 'rvfi_ext_mhpmcounters[173]' is unconstrained in LPF and will be automatically placed
Warning: IO 'rvfi_ext_mhpmcounters[172]' is unconstrained in LPF and will be automatically placed
Warning: IO 'rvfi_ext_mhpmcounters[171]' is unconstrained in LPF and will be automatically placed
Warning: IO 'rvfi_ext_mhpmcounters[170]' is unconstrained in LPF and will be automatically placed
Warning: IO 'rvfi_ext_mhpmcounters[169]' is unconstrained in LPF and will be automatically placed
Warning: IO 'rvfi_ext_mhpmcounters[168]' is unconstrained in LPF and will be automatically placed
Warning: IO 'rvfi_ext_mhpmcounters[167]' is unconstrained in LPF and will be automatically placed
Warning: IO 'rvfi_ext_mhpmcounters[166]' is unconstrained in LPF and will be automatically placed
Warning: IO 'rvfi_ext_mhpmcounters[165]' is unconstrained in LPF and will be automatically placed
Warning: IO 'rvfi_ext_mhpmcounters[164]' is unconstrained in LPF and will be automatically placed
Warning: IO 'rvfi_ext_mhpmcounters[163]' is unconstrained in LPF and will be automatically placed
Warning: IO 'rvfi_ext_mhpmcounters[162]' is unconstrained in LPF and will be automatically placed
Warning: IO 'rvfi_ext_mhpmcounters[161]' is unconstrained in LPF and will be automatically placed
Warning: IO 'rvfi_ext_mhpmcounters[160]' is unconstrained in LPF and will be automatically placed
Warning: IO 'rvfi_ext_mhpmcounters[159]' is unconstrained in LPF and will be automatically placed
Warning: IO 'rvfi_ext_mhpmcounters[158]' is unconstrained in LPF and will be automatically placed
Warning: IO 'rvfi_ext_mhpmcounters[157]' is unconstrained in LPF and will be automatically placed
Warning: IO 'rvfi_ext_mhpmcounters[156]' is unconstrained in LPF and will be automatically placed
Warning: IO 'rvfi_ext_mhpmcounters[155]' is unconstrained in LPF and will be automatically placed
Warning: IO 'rvfi_ext_mhpmcounters[154]' is unconstrained in LPF and will be automatically placed
Warning: IO 'rvfi_ext_mhpmcounters[153]' is unconstrained in LPF and will be automatically placed
Warning: IO 'rvfi_ext_mhpmcounters[152]' is unconstrained in LPF and will be automatically placed
Warning: IO 'rvfi_ext_mhpmcounters[151]' is unconstrained in LPF and will be automatically placed
Warning: IO 'rvfi_ext_mhpmcounters[150]' is unconstrained in LPF and will be automatically placed
Warning: IO 'rvfi_ext_mhpmcounters[149]' is unconstrained in LPF and will be automatically placed
Warning: IO 'rvfi_ext_mhpmcounters[148]' is unconstrained in LPF and will be automatically placed
Warning: IO 'rvfi_ext_mhpmcounters[147]' is unconstrained in LPF and will be automatically placed
Warning: IO 'rvfi_ext_mhpmcounters[146]' is unconstrained in LPF and will be automatically placed
Warning: IO 'rvfi_ext_mhpmcounters[145]' is unconstrained in LPF and will be automatically placed
Warning: IO 'rvfi_ext_mhpmcounters[144]' is unconstrained in LPF and will be automatically placed
Warning: IO 'rvfi_ext_mhpmcounters[143]' is unconstrained in LPF and will be automatically placed
Warning: IO 'rvfi_ext_mhpmcounters[142]' is unconstrained in LPF and will be automatically placed
Warning: IO 'rvfi_ext_mhpmcounters[141]' is unconstrained in LPF and will be automatically placed
Warning: IO 'rvfi_ext_mhpmcounters[140]' is unconstrained in LPF and will be automatically placed
Warning: IO 'rvfi_ext_mhpmcounters[139]' is unconstrained in LPF and will be automatically placed
Warning: IO 'rvfi_ext_mhpmcounters[138]' is unconstrained in LPF and will be automatically placed
Warning: IO 'rvfi_ext_mhpmcounters[137]' is unconstrained in LPF and will be automatically placed
Warning: IO 'rvfi_ext_mhpmcounters[136]' is unconstrained in LPF and will be automatically placed
Warning: IO 'rvfi_ext_mhpmcounters[135]' is unconstrained in LPF and will be automatically placed
Warning: IO 'rvfi_ext_mhpmcounters[134]' is unconstrained in LPF and will be automatically placed
Warning: IO 'rvfi_ext_mhpmcounters[133]' is unconstrained in LPF and will be automatically placed
Warning: IO 'rvfi_ext_mhpmcounters[132]' is unconstrained in LPF and will be automatically placed
Warning: IO 'rvfi_ext_mhpmcounters[131]' is unconstrained in LPF and will be automatically placed
Warning: IO 'rvfi_ext_mhpmcounters[130]' is unconstrained in LPF and will be automatically placed
Warning: IO 'rvfi_ext_mhpmcounters[129]' is unconstrained in LPF and will be automatically placed
Warning: IO 'rvfi_ext_mhpmcounters[128]' is unconstrained in LPF and will be automatically placed
Warning: IO 'rvfi_ext_mhpmcounters[127]' is unconstrained in LPF and will be automatically placed
Warning: IO 'rvfi_ext_mhpmcounters[126]' is unconstrained in LPF and will be automatically placed
Warning: IO 'rvfi_ext_mhpmcounters[125]' is unconstrained in LPF and will be automatically placed
Warning: IO 'rvfi_ext_mhpmcounters[124]' is unconstrained in LPF and will be automatically placed
Warning: IO 'rvfi_ext_mhpmcounters[123]' is unconstrained in LPF and will be automatically placed
Warning: IO 'rvfi_ext_mhpmcounters[122]' is unconstrained in LPF and will be automatically placed
Warning: IO 'rvfi_ext_mhpmcounters[121]' is unconstrained in LPF and will be automatically placed
Warning: IO 'rvfi_ext_mhpmcounters[120]' is unconstrained in LPF and will be automatically placed
Warning: IO 'rvfi_ext_mhpmcounters[119]' is unconstrained in LPF and will be automatically placed
Warning: IO 'rvfi_ext_mhpmcounters[118]' is unconstrained in LPF and will be automatically placed
Warning: IO 'rvfi_ext_mhpmcounters[117]' is unconstrained in LPF and will be automatically placed
Warning: IO 'rvfi_ext_mhpmcounters[116]' is unconstrained in LPF and will be automatically placed
Warning: IO 'rvfi_ext_mhpmcounters[115]' is unconstrained in LPF and will be automatically placed
Warning: IO 'rvfi_ext_mhpmcounters[114]' is unconstrained in LPF and will be automatically placed
Warning: IO 'rvfi_ext_mhpmcounters[113]' is unconstrained in LPF and will be automatically placed
Warning: IO 'rvfi_ext_mhpmcounters[112]' is unconstrained in LPF and will be automatically placed
Warning: IO 'rvfi_ext_mhpmcounters[111]' is unconstrained in LPF and will be automatically placed
Warning: IO 'rvfi_ext_mhpmcounters[110]' is unconstrained in LPF and will be automatically placed
Warning: IO 'rvfi_ext_mhpmcounters[109]' is unconstrained in LPF and will be automatically placed
Warning: IO 'rvfi_ext_mhpmcounters[108]' is unconstrained in LPF and will be automatically placed
Warning: IO 'rvfi_ext_mhpmcounters[107]' is unconstrained in LPF and will be automatically placed
Warning: IO 'rvfi_ext_mhpmcounters[106]' is unconstrained in LPF and will be automatically placed
Warning: IO 'rvfi_ext_mhpmcounters[105]' is unconstrained in LPF and will be automatically placed
Warning: IO 'rvfi_ext_mhpmcounters[104]' is unconstrained in LPF and will be automatically placed
Warning: IO 'rvfi_ext_mhpmcounters[103]' is unconstrained in LPF and will be automatically placed
Warning: IO 'rvfi_ext_mhpmcounters[102]' is unconstrained in LPF and will be automatically placed
Warning: IO 'rvfi_ext_mhpmcounters[101]' is unconstrained in LPF and will be automatically placed
Warning: IO 'rvfi_ext_mhpmcounters[100]' is unconstrained in LPF and will be automatically placed
Warning: IO 'rvfi_ext_mhpmcounters[99]' is unconstrained in LPF and will be automatically placed
Warning: IO 'rvfi_ext_mhpmcounters[98]' is unconstrained in LPF and will be automatically placed
Warning: IO 'rvfi_ext_mhpmcounters[97]' is unconstrained in LPF and will be automatically placed
Warning: IO 'rvfi_ext_mhpmcounters[96]' is unconstrained in LPF and will be automatically placed
Warning: IO 'rvfi_ext_mhpmcounters[95]' is unconstrained in LPF and will be automatically placed
Warning: IO 'rvfi_ext_mhpmcounters[94]' is unconstrained in LPF and will be automatically placed
Warning: IO 'rvfi_ext_mhpmcounters[93]' is unconstrained in LPF and will be automatically placed
Warning: IO 'rvfi_ext_mhpmcounters[92]' is unconstrained in LPF and will be automatically placed
Warning: IO 'rvfi_ext_mhpmcounters[91]' is unconstrained in LPF and will be automatically placed
Warning: IO 'rvfi_ext_mhpmcounters[90]' is unconstrained in LPF and will be automatically placed
Warning: IO 'rvfi_ext_mhpmcounters[89]' is unconstrained in LPF and will be automatically placed
Warning: IO 'rvfi_ext_mhpmcounters[88]' is unconstrained in LPF and will be automatically placed
Warning: IO 'rvfi_ext_mhpmcounters[87]' is unconstrained in LPF and will be automatically placed
Warning: IO 'rvfi_ext_mhpmcounters[86]' is unconstrained in LPF and will be automatically placed
Warning: IO 'rvfi_ext_mhpmcounters[85]' is unconstrained in LPF and will be automatically placed
Warning: IO 'rvfi_ext_mhpmcounters[84]' is unconstrained in LPF and will be automatically placed
Warning: IO 'rvfi_ext_mhpmcounters[83]' is unconstrained in LPF and will be automatically placed
Warning: IO 'rvfi_ext_mhpmcounters[82]' is unconstrained in LPF and will be automatically placed
Warning: IO 'rvfi_ext_mhpmcounters[81]' is unconstrained in LPF and will be automatically placed
Warning: IO 'rvfi_ext_mhpmcounters[80]' is unconstrained in LPF and will be automatically placed
Warning: IO 'rvfi_ext_mhpmcounters[79]' is unconstrained in LPF and will be automatically placed
Warning: IO 'rvfi_ext_mhpmcounters[78]' is unconstrained in LPF and will be automatically placed
Warning: IO 'rvfi_ext_mhpmcounters[77]' is unconstrained in LPF and will be automatically placed
Warning: IO 'rvfi_ext_mhpmcounters[76]' is unconstrained in LPF and will be automatically placed
Warning: IO 'rvfi_ext_mhpmcounters[75]' is unconstrained in LPF and will be automatically placed
Warning: IO 'rvfi_ext_mhpmcounters[74]' is unconstrained in LPF and will be automatically placed
Warning: IO 'rvfi_ext_mhpmcounters[73]' is unconstrained in LPF and will be automatically placed
Warning: IO 'rvfi_ext_mhpmcounters[72]' is unconstrained in LPF and will be automatically placed
Warning: IO 'rvfi_ext_mhpmcounters[71]' is unconstrained in LPF and will be automatically placed
Warning: IO 'rvfi_ext_mhpmcounters[70]' is unconstrained in LPF and will be automatically placed
Warning: IO 'rvfi_ext_mhpmcounters[69]' is unconstrained in LPF and will be automatically placed
Warning: IO 'rvfi_ext_mhpmcounters[68]' is unconstrained in LPF and will be automatically placed
Warning: IO 'rvfi_ext_mhpmcounters[67]' is unconstrained in LPF and will be automatically placed
Warning: IO 'rvfi_ext_mhpmcounters[66]' is unconstrained in LPF and will be automatically placed
Warning: IO 'rvfi_ext_mhpmcounters[65]' is unconstrained in LPF and will be automatically placed
Warning: IO 'rvfi_ext_mhpmcounters[64]' is unconstrained in LPF and will be automatically placed
Warning: IO 'rvfi_ext_mhpmcounters[63]' is unconstrained in LPF and will be automatically placed
Warning: IO 'rvfi_ext_mhpmcounters[62]' is unconstrained in LPF and will be automatically placed
Warning: IO 'rvfi_ext_mhpmcounters[61]' is unconstrained in LPF and will be automatically placed
Warning: IO 'rvfi_ext_mhpmcounters[60]' is unconstrained in LPF and will be automatically placed
Warning: IO 'rvfi_ext_mhpmcounters[59]' is unconstrained in LPF and will be automatically placed
Warning: IO 'rvfi_ext_mhpmcounters[58]' is unconstrained in LPF and will be automatically placed
Warning: IO 'rvfi_ext_mhpmcounters[57]' is unconstrained in LPF and will be automatically placed
Warning: IO 'rvfi_ext_mhpmcounters[56]' is unconstrained in LPF and will be automatically placed
Warning: IO 'rvfi_ext_mhpmcounters[55]' is unconstrained in LPF and will be automatically placed
Warning: IO 'rvfi_ext_mhpmcounters[54]' is unconstrained in LPF and will be automatically placed
Warning: IO 'rvfi_ext_mhpmcounters[53]' is unconstrained in LPF and will be automatically placed
Warning: IO 'rvfi_ext_mhpmcounters[52]' is unconstrained in LPF and will be automatically placed
Warning: IO 'rvfi_ext_mhpmcounters[51]' is unconstrained in LPF and will be automatically placed
Warning: IO 'rvfi_ext_mhpmcounters[50]' is unconstrained in LPF and will be automatically placed
Warning: IO 'rvfi_ext_mhpmcounters[49]' is unconstrained in LPF and will be automatically placed
Warning: IO 'rvfi_ext_mhpmcounters[48]' is unconstrained in LPF and will be automatically placed
Warning: IO 'rvfi_ext_mhpmcounters[47]' is unconstrained in LPF and will be automatically placed
Warning: IO 'rvfi_ext_mhpmcounters[46]' is unconstrained in LPF and will be automatically placed
Warning: IO 'rvfi_ext_mhpmcounters[45]' is unconstrained in LPF and will be automatically placed
Warning: IO 'rvfi_ext_mhpmcounters[44]' is unconstrained in LPF and will be automatically placed
Warning: IO 'rvfi_ext_mhpmcounters[43]' is unconstrained in LPF and will be automatically placed
Warning: IO 'rvfi_ext_mhpmcounters[42]' is unconstrained in LPF and will be automatically placed
Warning: IO 'rvfi_ext_mhpmcounters[41]' is unconstrained in LPF and will be automatically placed
Warning: IO 'rvfi_ext_mhpmcounters[40]' is unconstrained in LPF and will be automatically placed
Warning: IO 'rvfi_ext_mhpmcounters[39]' is unconstrained in LPF and will be automatically placed
Warning: IO 'rvfi_ext_mhpmcounters[38]' is unconstrained in LPF and will be automatically placed
Warning: IO 'rvfi_ext_mhpmcounters[37]' is unconstrained in LPF and will be automatically placed
Warning: IO 'rvfi_ext_mhpmcounters[36]' is unconstrained in LPF and will be automatically placed
Warning: IO 'rvfi_ext_mhpmcounters[35]' is unconstrained in LPF and will be automatically placed
Warning: IO 'rvfi_ext_mhpmcounters[34]' is unconstrained in LPF and will be automatically placed
Warning: IO 'rvfi_ext_mhpmcounters[33]' is unconstrained in LPF and will be automatically placed
Warning: IO 'rvfi_ext_mhpmcounters[32]' is unconstrained in LPF and will be automatically placed
Warning: IO 'rvfi_ext_mhpmcounters[31]' is unconstrained in LPF and will be automatically placed
Warning: IO 'rvfi_ext_mhpmcounters[30]' is unconstrained in LPF and will be automatically placed
Warning: IO 'rvfi_ext_mhpmcounters[29]' is unconstrained in LPF and will be automatically placed
Warning: IO 'rvfi_ext_mhpmcounters[28]' is unconstrained in LPF and will be automatically placed
Warning: IO 'rvfi_ext_mhpmcounters[27]' is unconstrained in LPF and will be automatically placed
Warning: IO 'rvfi_ext_mhpmcounters[26]' is unconstrained in LPF and will be automatically placed
Warning: IO 'rvfi_ext_mhpmcounters[25]' is unconstrained in LPF and will be automatically placed
Warning: IO 'rvfi_ext_mhpmcounters[24]' is unconstrained in LPF and will be automatically placed
Warning: IO 'rvfi_ext_mhpmcounters[23]' is unconstrained in LPF and will be automatically placed
Warning: IO 'rvfi_ext_mhpmcounters[22]' is unconstrained in LPF and will be automatically placed
Warning: IO 'rvfi_ext_mhpmcounters[21]' is unconstrained in LPF and will be automatically placed
Warning: IO 'rvfi_ext_mhpmcounters[20]' is unconstrained in LPF and will be automatically placed
Warning: IO 'rvfi_ext_mhpmcounters[19]' is unconstrained in LPF and will be automatically placed
Warning: IO 'rvfi_ext_mhpmcounters[18]' is unconstrained in LPF and will be automatically placed
Warning: IO 'rvfi_ext_mhpmcounters[17]' is unconstrained in LPF and will be automatically placed
Warning: IO 'rvfi_ext_mhpmcounters[16]' is unconstrained in LPF and will be automatically placed
Warning: IO 'rvfi_ext_mhpmcounters[15]' is unconstrained in LPF and will be automatically placed
Warning: IO 'rvfi_ext_mhpmcounters[14]' is unconstrained in LPF and will be automatically placed
Warning: IO 'rvfi_ext_mhpmcounters[13]' is unconstrained in LPF and will be automatically placed
Warning: IO 'rvfi_ext_mhpmcounters[12]' is unconstrained in LPF and will be automatically placed
Warning: IO 'rvfi_ext_mhpmcounters[11]' is unconstrained in LPF and will be automatically placed
Warning: IO 'rvfi_ext_mhpmcounters[10]' is unconstrained in LPF and will be automatically placed
Warning: IO 'rvfi_ext_mhpmcounters[9]' is unconstrained in LPF and will be automatically placed
Warning: IO 'rvfi_ext_mhpmcounters[8]' is unconstrained in LPF and will be automatically placed
Warning: IO 'rvfi_ext_mhpmcounters[7]' is unconstrained in LPF and will be automatically placed
Warning: IO 'rvfi_ext_mhpmcounters[6]' is unconstrained in LPF and will be automatically placed
Warning: IO 'rvfi_ext_mhpmcounters[5]' is unconstrained in LPF and will be automatically placed
Warning: IO 'rvfi_ext_mhpmcounters[4]' is unconstrained in LPF and will be automatically placed
Warning: IO 'rvfi_ext_mhpmcounters[3]' is unconstrained in LPF and will be automatically placed
Warning: IO 'rvfi_ext_mhpmcounters[2]' is unconstrained in LPF and will be automatically placed
Warning: IO 'rvfi_ext_mhpmcounters[1]' is unconstrained in LPF and will be automatically placed
Warning: IO 'rvfi_ext_mhpmcounters[0]' is unconstrained in LPF and will be automatically placed
Warning: IO 'rvfi_ext_mcycle[63]' is unconstrained in LPF and will be automatically placed
Warning: IO 'rvfi_ext_mcycle[62]' is unconstrained in LPF and will be automatically placed
Warning: IO 'rvfi_ext_mcycle[61]' is unconstrained in LPF and will be automatically placed
Warning: IO 'rvfi_ext_mcycle[60]' is unconstrained in LPF and will be automatically placed
Warning: IO 'rvfi_ext_mcycle[59]' is unconstrained in LPF and will be automatically placed
Warning: IO 'rvfi_ext_mcycle[58]' is unconstrained in LPF and will be automatically placed
Warning: IO 'rvfi_ext_mcycle[57]' is unconstrained in LPF and will be automatically placed
Warning: IO 'rvfi_ext_mcycle[56]' is unconstrained in LPF and will be automatically placed
Warning: IO 'rvfi_ext_mcycle[55]' is unconstrained in LPF and will be automatically placed
Warning: IO 'rvfi_ext_mcycle[54]' is unconstrained in LPF and will be automatically placed
Warning: IO 'rvfi_ext_mcycle[53]' is unconstrained in LPF and will be automatically placed
Warning: IO 'rvfi_ext_mcycle[52]' is unconstrained in LPF and will be automatically placed
Warning: IO 'rvfi_ext_mcycle[51]' is unconstrained in LPF and will be automatically placed
Warning: IO 'rvfi_ext_mcycle[50]' is unconstrained in LPF and will be automatically placed
Warning: IO 'rvfi_ext_mcycle[49]' is unconstrained in LPF and will be automatically placed
Warning: IO 'rvfi_ext_mcycle[48]' is unconstrained in LPF and will be automatically placed
Warning: IO 'rvfi_ext_mcycle[47]' is unconstrained in LPF and will be automatically placed
Warning: IO 'rvfi_ext_mcycle[46]' is unconstrained in LPF and will be automatically placed
Warning: IO 'rvfi_ext_mcycle[45]' is unconstrained in LPF and will be automatically placed
Warning: IO 'rvfi_ext_mcycle[44]' is unconstrained in LPF and will be automatically placed
Warning: IO 'rvfi_ext_mcycle[43]' is unconstrained in LPF and will be automatically placed
Warning: IO 'rvfi_ext_mcycle[42]' is unconstrained in LPF and will be automatically placed
Warning: IO 'rvfi_ext_mcycle[41]' is unconstrained in LPF and will be automatically placed
Warning: IO 'rvfi_ext_mcycle[40]' is unconstrained in LPF and will be automatically placed
Warning: IO 'rvfi_ext_mcycle[39]' is unconstrained in LPF and will be automatically placed
Warning: IO 'rvfi_ext_mcycle[38]' is unconstrained in LPF and will be automatically placed
Warning: IO 'rvfi_ext_mcycle[37]' is unconstrained in LPF and will be automatically placed
Warning: IO 'rvfi_ext_mcycle[36]' is unconstrained in LPF and will be automatically placed
Warning: IO 'rvfi_ext_mcycle[35]' is unconstrained in LPF and will be automatically placed
Warning: IO 'rvfi_ext_mcycle[34]' is unconstrained in LPF and will be automatically placed
Warning: IO 'rvfi_ext_mcycle[33]' is unconstrained in LPF and will be automatically placed
Warning: IO 'rvfi_ext_mcycle[32]' is unconstrained in LPF and will be automatically placed
Warning: IO 'rvfi_ext_mcycle[31]' is unconstrained in LPF and will be automatically placed
Warning: IO 'rvfi_ext_mcycle[30]' is unconstrained in LPF and will be automatically placed
Warning: IO 'rvfi_ext_mcycle[29]' is unconstrained in LPF and will be automatically placed
Warning: IO 'rvfi_ext_mcycle[28]' is unconstrained in LPF and will be automatically placed
Warning: IO 'rvfi_ext_mcycle[27]' is unconstrained in LPF and will be automatically placed
Warning: IO 'rvfi_ext_mcycle[26]' is unconstrained in LPF and will be automatically placed
Warning: IO 'rvfi_ext_mcycle[25]' is unconstrained in LPF and will be automatically placed
Warning: IO 'rvfi_ext_mcycle[24]' is unconstrained in LPF and will be automatically placed
Warning: IO 'rvfi_ext_mcycle[23]' is unconstrained in LPF and will be automatically placed
Warning: IO 'rvfi_ext_mcycle[22]' is unconstrained in LPF and will be automatically placed
Warning: IO 'rvfi_ext_mcycle[21]' is unconstrained in LPF and will be automatically placed
Warning: IO 'rvfi_ext_mcycle[20]' is unconstrained in LPF and will be automatically placed
Warning: IO 'rvfi_ext_mcycle[19]' is unconstrained in LPF and will be automatically placed
Warning: IO 'rvfi_ext_mcycle[18]' is unconstrained in LPF and will be automatically placed
Warning: IO 'rvfi_ext_mcycle[17]' is unconstrained in LPF and will be automatically placed
Warning: IO 'rvfi_ext_mcycle[16]' is unconstrained in LPF and will be automatically placed
Warning: IO 'rvfi_ext_mcycle[15]' is unconstrained in LPF and will be automatically placed
Warning: IO 'rvfi_ext_mcycle[14]' is unconstrained in LPF and will be automatically placed
Warning: IO 'rvfi_ext_mcycle[13]' is unconstrained in LPF and will be automatically placed
Warning: IO 'rvfi_ext_mcycle[12]' is unconstrained in LPF and will be automatically placed
Warning: IO 'rvfi_ext_mcycle[11]' is unconstrained in LPF and will be automatically placed
Warning: IO 'rvfi_ext_mcycle[10]' is unconstrained in LPF and will be automatically placed
Warning: IO 'rvfi_ext_mcycle[9]' is unconstrained in LPF and will be automatically placed
Warning: IO 'rvfi_ext_mcycle[8]' is unconstrained in LPF and will be automatically placed
Warning: IO 'rvfi_ext_mcycle[7]' is unconstrained in LPF and will be automatically placed
Warning: IO 'rvfi_ext_mcycle[6]' is unconstrained in LPF and will be automatically placed
Warning: IO 'rvfi_ext_mcycle[5]' is unconstrained in LPF and will be automatically placed
Warning: IO 'rvfi_ext_mcycle[4]' is unconstrained in LPF and will be automatically placed
Warning: IO 'rvfi_ext_mcycle[3]' is unconstrained in LPF and will be automatically placed
Warning: IO 'rvfi_ext_mcycle[2]' is unconstrained in LPF and will be automatically placed
Warning: IO 'rvfi_ext_mcycle[1]' is unconstrained in LPF and will be automatically placed
Warning: IO 'rvfi_ext_mcycle[0]' is unconstrained in LPF and will be automatically placed
Warning: IO 'rvfi_ext_irq_valid' is unconstrained in LPF and will be automatically placed
Warning: IO 'rvfi_ext_ic_scr_key_valid' is unconstrained in LPF and will be automatically placed
Warning: IO 'rvfi_ext_expanded_insn_valid' is unconstrained in LPF and will be automatically placed
Warning: IO 'rvfi_ext_expanded_insn_last' is unconstrained in LPF and will be automatically placed
Warning: IO 'rvfi_ext_expanded_insn[15]' is unconstrained in LPF and will be automatically placed
Warning: IO 'rvfi_ext_expanded_insn[14]' is unconstrained in LPF and will be automatically placed
Warning: IO 'rvfi_ext_expanded_insn[13]' is unconstrained in LPF and will be automatically placed
Warning: IO 'rvfi_ext_expanded_insn[12]' is unconstrained in LPF and will be automatically placed
Warning: IO 'rvfi_ext_expanded_insn[11]' is unconstrained in LPF and will be automatically placed
Warning: IO 'rvfi_ext_expanded_insn[10]' is unconstrained in LPF and will be automatically placed
Warning: IO 'rvfi_ext_expanded_insn[9]' is unconstrained in LPF and will be automatically placed
Warning: IO 'rvfi_ext_expanded_insn[8]' is unconstrained in LPF and will be automatically placed
Warning: IO 'rvfi_ext_expanded_insn[7]' is unconstrained in LPF and will be automatically placed
Warning: IO 'rvfi_ext_expanded_insn[6]' is unconstrained in LPF and will be automatically placed
Warning: IO 'rvfi_ext_expanded_insn[5]' is unconstrained in LPF and will be automatically placed
Warning: IO 'rvfi_ext_expanded_insn[4]' is unconstrained in LPF and will be automatically placed
Warning: IO 'rvfi_ext_expanded_insn[3]' is unconstrained in LPF and will be automatically placed
Warning: IO 'rvfi_ext_expanded_insn[2]' is unconstrained in LPF and will be automatically placed
Warning: IO 'rvfi_ext_expanded_insn[1]' is unconstrained in LPF and will be automatically placed
Warning: IO 'rvfi_ext_expanded_insn[0]' is unconstrained in LPF and will be automatically placed
Warning: IO 'rvfi_ext_debug_req' is unconstrained in LPF and will be automatically placed
Warning: IO 'rvfi_ext_debug_mode' is unconstrained in LPF and will be automatically placed
Warning: IO 'rst_ni' is unconstrained in LPF and will be automatically placed
Warning: IO 'ram_cfg_rsp_icache_tag_o[1]' is unconstrained in LPF and will be automatically placed
Warning: IO 'ram_cfg_rsp_icache_tag_o[0]' is unconstrained in LPF and will be automatically placed
Warning: IO 'ram_cfg_rsp_icache_data_o[1]' is unconstrained in LPF and will be automatically placed
Warning: IO 'ram_cfg_rsp_icache_data_o[0]' is unconstrained in LPF and will be automatically placed
Warning: IO 'ram_cfg_icache_tag_i[11]' is unconstrained in LPF and will be automatically placed
Warning: IO 'ram_cfg_icache_tag_i[10]' is unconstrained in LPF and will be automatically placed
Warning: IO 'ram_cfg_icache_tag_i[9]' is unconstrained in LPF and will be automatically placed
Warning: IO 'ram_cfg_icache_tag_i[8]' is unconstrained in LPF and will be automatically placed
Warning: IO 'ram_cfg_icache_tag_i[7]' is unconstrained in LPF and will be automatically placed
Warning: IO 'ram_cfg_icache_tag_i[6]' is unconstrained in LPF and will be automatically placed
Warning: IO 'ram_cfg_icache_tag_i[5]' is unconstrained in LPF and will be automatically placed
Warning: IO 'ram_cfg_icache_tag_i[4]' is unconstrained in LPF and will be automatically placed
Warning: IO 'ram_cfg_icache_tag_i[3]' is unconstrained in LPF and will be automatically placed
Warning: IO 'ram_cfg_icache_tag_i[2]' is unconstrained in LPF and will be automatically placed
Warning: IO 'ram_cfg_icache_tag_i[1]' is unconstrained in LPF and will be automatically placed
Warning: IO 'ram_cfg_icache_tag_i[0]' is unconstrained in LPF and will be automatically placed
Warning: IO 'ram_cfg_icache_data_i[11]' is unconstrained in LPF and will be automatically placed
Warning: IO 'ram_cfg_icache_data_i[10]' is unconstrained in LPF and will be automatically placed
Warning: IO 'ram_cfg_icache_data_i[9]' is unconstrained in LPF and will be automatically placed
Warning: IO 'ram_cfg_icache_data_i[8]' is unconstrained in LPF and will be automatically placed
Warning: IO 'ram_cfg_icache_data_i[7]' is unconstrained in LPF and will be automatically placed
Warning: IO 'ram_cfg_icache_data_i[6]' is unconstrained in LPF and will be automatically placed
Warning: IO 'ram_cfg_icache_data_i[5]' is unconstrained in LPF and will be automatically placed
Warning: IO 'ram_cfg_icache_data_i[4]' is unconstrained in LPF and will be automatically placed
Warning: IO 'ram_cfg_icache_data_i[3]' is unconstrained in LPF and will be automatically placed
Warning: IO 'ram_cfg_icache_data_i[2]' is unconstrained in LPF and will be automatically placed
Warning: IO 'ram_cfg_icache_data_i[1]' is unconstrained in LPF and will be automatically placed
Warning: IO 'ram_cfg_icache_data_i[0]' is unconstrained in LPF and will be automatically placed
Warning: IO 'lockstep_cmp_en_o[3]' is unconstrained in LPF and will be automatically placed
Warning: IO 'lockstep_cmp_en_o[2]' is unconstrained in LPF and will be automatically placed
Warning: IO 'lockstep_cmp_en_o[1]' is unconstrained in LPF and will be automatically placed
Warning: IO 'lockstep_cmp_en_o[0]' is unconstrained in LPF and will be automatically placed
Warning: IO 'irq_timer_i' is unconstrained in LPF and will be automatically placed
Warning: IO 'irq_software_i' is unconstrained in LPF and will be automatically placed
Warning: IO 'irq_nm_i' is unconstrained in LPF and will be automatically placed
Warning: IO 'irq_fast_i[14]' is unconstrained in LPF and will be automatically placed
Warning: IO 'irq_fast_i[13]' is unconstrained in LPF and will be automatically placed
Warning: IO 'irq_fast_i[12]' is unconstrained in LPF and will be automatically placed
Warning: IO 'irq_fast_i[11]' is unconstrained in LPF and will be automatically placed
Warning: IO 'irq_fast_i[10]' is unconstrained in LPF and will be automatically placed
Warning: IO 'irq_fast_i[9]' is unconstrained in LPF and will be automatically placed
Warning: IO 'irq_fast_i[8]' is unconstrained in LPF and will be automatically placed
Warning: IO 'irq_fast_i[7]' is unconstrained in LPF and will be automatically placed
Warning: IO 'irq_fast_i[6]' is unconstrained in LPF and will be automatically placed
Warning: IO 'irq_fast_i[5]' is unconstrained in LPF and will be automatically placed
Warning: IO 'irq_fast_i[4]' is unconstrained in LPF and will be automatically placed
Warning: IO 'irq_fast_i[3]' is unconstrained in LPF and will be automatically placed
Warning: IO 'irq_fast_i[2]' is unconstrained in LPF and will be automatically placed
Warning: IO 'irq_fast_i[1]' is unconstrained in LPF and will be automatically placed
Warning: IO 'irq_fast_i[0]' is unconstrained in LPF and will be automatically placed
Warning: IO 'irq_external_i' is unconstrained in LPF and will be automatically placed
Warning: IO 'instr_rvalid_i' is unconstrained in LPF and will be automatically placed
Warning: IO 'instr_req_shadow_o' is unconstrained in LPF and will be automatically placed
Warning: IO 'instr_req_o' is unconstrained in LPF and will be automatically placed
Warning: IO 'instr_rdata_intg_i[6]' is unconstrained in LPF and will be automatically placed
Warning: IO 'instr_rdata_intg_i[5]' is unconstrained in LPF and will be automatically placed
Warning: IO 'instr_rdata_intg_i[4]' is unconstrained in LPF and will be automatically placed
Warning: IO 'instr_rdata_intg_i[3]' is unconstrained in LPF and will be automatically placed
Warning: IO 'instr_rdata_intg_i[2]' is unconstrained in LPF and will be automatically placed
Warning: IO 'instr_rdata_intg_i[1]' is unconstrained in LPF and will be automatically placed
Warning: IO 'instr_rdata_intg_i[0]' is unconstrained in LPF and will be automatically placed
Warning: IO 'instr_rdata_i[31]' is unconstrained in LPF and will be automatically placed
Warning: IO 'instr_rdata_i[30]' is unconstrained in LPF and will be automatically placed
Warning: IO 'instr_rdata_i[29]' is unconstrained in LPF and will be automatically placed
Warning: IO 'instr_rdata_i[28]' is unconstrained in LPF and will be automatically placed
Warning: IO 'instr_rdata_i[27]' is unconstrained in LPF and will be automatically placed
Warning: IO 'instr_rdata_i[26]' is unconstrained in LPF and will be automatically placed
Warning: IO 'instr_rdata_i[25]' is unconstrained in LPF and will be automatically placed
Warning: IO 'instr_rdata_i[24]' is unconstrained in LPF and will be automatically placed
Warning: IO 'instr_rdata_i[23]' is unconstrained in LPF and will be automatically placed
Warning: IO 'instr_rdata_i[22]' is unconstrained in LPF and will be automatically placed
Warning: IO 'instr_rdata_i[21]' is unconstrained in LPF and will be automatically placed
Warning: IO 'instr_rdata_i[20]' is unconstrained in LPF and will be automatically placed
Warning: IO 'instr_rdata_i[19]' is unconstrained in LPF and will be automatically placed
Warning: IO 'instr_rdata_i[18]' is unconstrained in LPF and will be automatically placed
Warning: IO 'instr_rdata_i[17]' is unconstrained in LPF and will be automatically placed
Warning: IO 'instr_rdata_i[16]' is unconstrained in LPF and will be automatically placed
Warning: IO 'instr_rdata_i[15]' is unconstrained in LPF and will be automatically placed
Warning: IO 'instr_rdata_i[14]' is unconstrained in LPF and will be automatically placed
Warning: IO 'instr_rdata_i[13]' is unconstrained in LPF and will be automatically placed
Warning: IO 'instr_rdata_i[12]' is unconstrained in LPF and will be automatically placed
Warning: IO 'instr_rdata_i[11]' is unconstrained in LPF and will be automatically placed
Warning: IO 'instr_rdata_i[10]' is unconstrained in LPF and will be automatically placed
Warning: IO 'instr_rdata_i[9]' is unconstrained in LPF and will be automatically placed
Warning: IO 'instr_rdata_i[8]' is unconstrained in LPF and will be automatically placed
Warning: IO 'instr_rdata_i[7]' is unconstrained in LPF and will be automatically placed
Warning: IO 'instr_rdata_i[6]' is unconstrained in LPF and will be automatically placed
Warning: IO 'instr_rdata_i[5]' is unconstrained in LPF and will be automatically placed
Warning: IO 'instr_rdata_i[4]' is unconstrained in LPF and will be automatically placed
Warning: IO 'instr_rdata_i[3]' is unconstrained in LPF and will be automatically placed
Warning: IO 'instr_rdata_i[2]' is unconstrained in LPF and will be automatically placed
Warning: IO 'instr_rdata_i[1]' is unconstrained in LPF and will be automatically placed
Warning: IO 'instr_rdata_i[0]' is unconstrained in LPF and will be automatically placed
Warning: IO 'instr_gnt_i' is unconstrained in LPF and will be automatically placed
Warning: IO 'instr_err_i' is unconstrained in LPF and will be automatically placed
Warning: IO 'instr_addr_shadow_o[31]' is unconstrained in LPF and will be automatically placed
Warning: IO 'instr_addr_shadow_o[30]' is unconstrained in LPF and will be automatically placed
Warning: IO 'instr_addr_shadow_o[29]' is unconstrained in LPF and will be automatically placed
Warning: IO 'instr_addr_shadow_o[28]' is unconstrained in LPF and will be automatically placed
Warning: IO 'instr_addr_shadow_o[27]' is unconstrained in LPF and will be automatically placed
Warning: IO 'instr_addr_shadow_o[26]' is unconstrained in LPF and will be automatically placed
Warning: IO 'instr_addr_shadow_o[25]' is unconstrained in LPF and will be automatically placed
Warning: IO 'instr_addr_shadow_o[24]' is unconstrained in LPF and will be automatically placed
Warning: IO 'instr_addr_shadow_o[23]' is unconstrained in LPF and will be automatically placed
Warning: IO 'instr_addr_shadow_o[22]' is unconstrained in LPF and will be automatically placed
Warning: IO 'instr_addr_shadow_o[21]' is unconstrained in LPF and will be automatically placed
Warning: IO 'instr_addr_shadow_o[20]' is unconstrained in LPF and will be automatically placed
Warning: IO 'instr_addr_shadow_o[19]' is unconstrained in LPF and will be automatically placed
Warning: IO 'instr_addr_shadow_o[18]' is unconstrained in LPF and will be automatically placed
Warning: IO 'instr_addr_shadow_o[17]' is unconstrained in LPF and will be automatically placed
Warning: IO 'instr_addr_shadow_o[16]' is unconstrained in LPF and will be automatically placed
Warning: IO 'instr_addr_shadow_o[15]' is unconstrained in LPF and will be automatically placed
Warning: IO 'instr_addr_shadow_o[14]' is unconstrained in LPF and will be automatically placed
Warning: IO 'instr_addr_shadow_o[13]' is unconstrained in LPF and will be automatically placed
Warning: IO 'instr_addr_shadow_o[12]' is unconstrained in LPF and will be automatically placed
Warning: IO 'instr_addr_shadow_o[11]' is unconstrained in LPF and will be automatically placed
Warning: IO 'instr_addr_shadow_o[10]' is unconstrained in LPF and will be automatically placed
Warning: IO 'instr_addr_shadow_o[9]' is unconstrained in LPF and will be automatically placed
Warning: IO 'instr_addr_shadow_o[8]' is unconstrained in LPF and will be automatically placed
Warning: IO 'instr_addr_shadow_o[7]' is unconstrained in LPF and will be automatically placed
Warning: IO 'instr_addr_shadow_o[6]' is unconstrained in LPF and will be automatically placed
Warning: IO 'instr_addr_shadow_o[5]' is unconstrained in LPF and will be automatically placed
Warning: IO 'instr_addr_shadow_o[4]' is unconstrained in LPF and will be automatically placed
Warning: IO 'instr_addr_shadow_o[3]' is unconstrained in LPF and will be automatically placed
Warning: IO 'instr_addr_shadow_o[2]' is unconstrained in LPF and will be automatically placed
Warning: IO 'instr_addr_shadow_o[1]' is unconstrained in LPF and will be automatically placed
Warning: IO 'instr_addr_shadow_o[0]' is unconstrained in LPF and will be automatically placed
Warning: IO 'instr_addr_o[31]' is unconstrained in LPF and will be automatically placed
Warning: IO 'instr_addr_o[30]' is unconstrained in LPF and will be automatically placed
Warning: IO 'instr_addr_o[29]' is unconstrained in LPF and will be automatically placed
Warning: IO 'instr_addr_o[28]' is unconstrained in LPF and will be automatically placed
Warning: IO 'instr_addr_o[27]' is unconstrained in LPF and will be automatically placed
Warning: IO 'instr_addr_o[26]' is unconstrained in LPF and will be automatically placed
Warning: IO 'instr_addr_o[25]' is unconstrained in LPF and will be automatically placed
Warning: IO 'instr_addr_o[24]' is unconstrained in LPF and will be automatically placed
Warning: IO 'instr_addr_o[23]' is unconstrained in LPF and will be automatically placed
Warning: IO 'instr_addr_o[22]' is unconstrained in LPF and will be automatically placed
Warning: IO 'instr_addr_o[21]' is unconstrained in LPF and will be automatically placed
Warning: IO 'instr_addr_o[20]' is unconstrained in LPF and will be automatically placed
Warning: IO 'instr_addr_o[19]' is unconstrained in LPF and will be automatically placed
Warning: IO 'instr_addr_o[18]' is unconstrained in LPF and will be automatically placed
Warning: IO 'instr_addr_o[17]' is unconstrained in LPF and will be automatically placed
Warning: IO 'instr_addr_o[16]' is unconstrained in LPF and will be automatically placed
Warning: IO 'instr_addr_o[15]' is unconstrained in LPF and will be automatically placed
Warning: IO 'instr_addr_o[14]' is unconstrained in LPF and will be automatically placed
Warning: IO 'instr_addr_o[13]' is unconstrained in LPF and will be automatically placed
Warning: IO 'instr_addr_o[12]' is unconstrained in LPF and will be automatically placed
Warning: IO 'instr_addr_o[11]' is unconstrained in LPF and will be automatically placed
Warning: IO 'instr_addr_o[10]' is unconstrained in LPF and will be automatically placed
Warning: IO 'instr_addr_o[9]' is unconstrained in LPF and will be automatically placed
Warning: IO 'instr_addr_o[8]' is unconstrained in LPF and will be automatically placed
Warning: IO 'instr_addr_o[7]' is unconstrained in LPF and will be automatically placed
Warning: IO 'instr_addr_o[6]' is unconstrained in LPF and will be automatically placed
Warning: IO 'instr_addr_o[5]' is unconstrained in LPF and will be automatically placed
Warning: IO 'instr_addr_o[4]' is unconstrained in LPF and will be automatically placed
Warning: IO 'instr_addr_o[3]' is unconstrained in LPF and will be automatically placed
Warning: IO 'instr_addr_o[2]' is unconstrained in LPF and will be automatically placed
Warning: IO 'instr_addr_o[1]' is unconstrained in LPF and will be automatically placed
Warning: IO 'instr_addr_o[0]' is unconstrained in LPF and will be automatically placed
Warning: IO 'hart_id_i[31]' is unconstrained in LPF and will be automatically placed
Warning: IO 'hart_id_i[30]' is unconstrained in LPF and will be automatically placed
Warning: IO 'hart_id_i[29]' is unconstrained in LPF and will be automatically placed
Warning: IO 'hart_id_i[28]' is unconstrained in LPF and will be automatically placed
Warning: IO 'hart_id_i[27]' is unconstrained in LPF and will be automatically placed
Warning: IO 'hart_id_i[26]' is unconstrained in LPF and will be automatically placed
Warning: IO 'hart_id_i[25]' is unconstrained in LPF and will be automatically placed
Warning: IO 'hart_id_i[24]' is unconstrained in LPF and will be automatically placed
Warning: IO 'hart_id_i[23]' is unconstrained in LPF and will be automatically placed
Warning: IO 'hart_id_i[22]' is unconstrained in LPF and will be automatically placed
Warning: IO 'hart_id_i[21]' is unconstrained in LPF and will be automatically placed
Warning: IO 'hart_id_i[20]' is unconstrained in LPF and will be automatically placed
Warning: IO 'hart_id_i[19]' is unconstrained in LPF and will be automatically placed
Warning: IO 'hart_id_i[18]' is unconstrained in LPF and will be automatically placed
Warning: IO 'hart_id_i[17]' is unconstrained in LPF and will be automatically placed
Warning: IO 'hart_id_i[16]' is unconstrained in LPF and will be automatically placed
Warning: IO 'hart_id_i[15]' is unconstrained in LPF and will be automatically placed
Warning: IO 'hart_id_i[14]' is unconstrained in LPF and will be automatically placed
Warning: IO 'hart_id_i[13]' is unconstrained in LPF and will be automatically placed
Warning: IO 'hart_id_i[12]' is unconstrained in LPF and will be automatically placed
Warning: IO 'hart_id_i[11]' is unconstrained in LPF and will be automatically placed
Warning: IO 'hart_id_i[10]' is unconstrained in LPF and will be automatically placed
Warning: IO 'hart_id_i[9]' is unconstrained in LPF and will be automatically placed
Warning: IO 'hart_id_i[8]' is unconstrained in LPF and will be automatically placed
Warning: IO 'hart_id_i[7]' is unconstrained in LPF and will be automatically placed
Warning: IO 'hart_id_i[6]' is unconstrained in LPF and will be automatically placed
Warning: IO 'hart_id_i[5]' is unconstrained in LPF and will be automatically placed
Warning: IO 'hart_id_i[4]' is unconstrained in LPF and will be automatically placed
Warning: IO 'hart_id_i[3]' is unconstrained in LPF and will be automatically placed
Warning: IO 'hart_id_i[2]' is unconstrained in LPF and will be automatically placed
Warning: IO 'hart_id_i[1]' is unconstrained in LPF and will be automatically placed
Warning: IO 'hart_id_i[0]' is unconstrained in LPF and will be automatically placed
Warning: IO 'fetch_enable_i[3]' is unconstrained in LPF and will be automatically placed
Warning: IO 'fetch_enable_i[2]' is unconstrained in LPF and will be automatically placed
Warning: IO 'fetch_enable_i[1]' is unconstrained in LPF and will be automatically placed
Warning: IO 'fetch_enable_i[0]' is unconstrained in LPF and will be automatically placed
Warning: IO 'double_fault_seen_o' is unconstrained in LPF and will be automatically placed
Warning: IO 'debug_req_i' is unconstrained in LPF and will be automatically placed
Warning: IO 'data_we_shadow_o' is unconstrained in LPF and will be automatically placed
Warning: IO 'data_we_o' is unconstrained in LPF and will be automatically placed
Warning: IO 'data_wdata_shadow_o[31]' is unconstrained in LPF and will be automatically placed
Warning: IO 'data_wdata_shadow_o[30]' is unconstrained in LPF and will be automatically placed
Warning: IO 'data_wdata_shadow_o[29]' is unconstrained in LPF and will be automatically placed
Warning: IO 'data_wdata_shadow_o[28]' is unconstrained in LPF and will be automatically placed
Warning: IO 'data_wdata_shadow_o[27]' is unconstrained in LPF and will be automatically placed
Warning: IO 'data_wdata_shadow_o[26]' is unconstrained in LPF and will be automatically placed
Warning: IO 'data_wdata_shadow_o[25]' is unconstrained in LPF and will be automatically placed
Warning: IO 'data_wdata_shadow_o[24]' is unconstrained in LPF and will be automatically placed
Warning: IO 'data_wdata_shadow_o[23]' is unconstrained in LPF and will be automatically placed
Warning: IO 'data_wdata_shadow_o[22]' is unconstrained in LPF and will be automatically placed
Warning: IO 'data_wdata_shadow_o[21]' is unconstrained in LPF and will be automatically placed
Warning: IO 'data_wdata_shadow_o[20]' is unconstrained in LPF and will be automatically placed
Warning: IO 'data_wdata_shadow_o[19]' is unconstrained in LPF and will be automatically placed
Warning: IO 'data_wdata_shadow_o[18]' is unconstrained in LPF and will be automatically placed
Warning: IO 'data_wdata_shadow_o[17]' is unconstrained in LPF and will be automatically placed
Warning: IO 'data_wdata_shadow_o[16]' is unconstrained in LPF and will be automatically placed
Warning: IO 'data_wdata_shadow_o[15]' is unconstrained in LPF and will be automatically placed
Warning: IO 'data_wdata_shadow_o[14]' is unconstrained in LPF and will be automatically placed
Warning: IO 'data_wdata_shadow_o[13]' is unconstrained in LPF and will be automatically placed
Warning: IO 'data_wdata_shadow_o[12]' is unconstrained in LPF and will be automatically placed
Warning: IO 'data_wdata_shadow_o[11]' is unconstrained in LPF and will be automatically placed
Warning: IO 'data_wdata_shadow_o[10]' is unconstrained in LPF and will be automatically placed
Warning: IO 'data_wdata_shadow_o[9]' is unconstrained in LPF and will be automatically placed
Warning: IO 'data_wdata_shadow_o[8]' is unconstrained in LPF and will be automatically placed
Warning: IO 'data_wdata_shadow_o[7]' is unconstrained in LPF and will be automatically placed
Warning: IO 'data_wdata_shadow_o[6]' is unconstrained in LPF and will be automatically placed
Warning: IO 'data_wdata_shadow_o[5]' is unconstrained in LPF and will be automatically placed
Warning: IO 'data_wdata_shadow_o[4]' is unconstrained in LPF and will be automatically placed
Warning: IO 'data_wdata_shadow_o[3]' is unconstrained in LPF and will be automatically placed
Warning: IO 'data_wdata_shadow_o[2]' is unconstrained in LPF and will be automatically placed
Warning: IO 'data_wdata_shadow_o[1]' is unconstrained in LPF and will be automatically placed
Warning: IO 'data_wdata_shadow_o[0]' is unconstrained in LPF and will be automatically placed
Warning: IO 'data_wdata_o[31]' is unconstrained in LPF and will be automatically placed
Warning: IO 'data_wdata_o[30]' is unconstrained in LPF and will be automatically placed
Warning: IO 'data_wdata_o[29]' is unconstrained in LPF and will be automatically placed
Warning: IO 'data_wdata_o[28]' is unconstrained in LPF and will be automatically placed
Warning: IO 'data_wdata_o[27]' is unconstrained in LPF and will be automatically placed
Warning: IO 'data_wdata_o[26]' is unconstrained in LPF and will be automatically placed
Warning: IO 'data_wdata_o[25]' is unconstrained in LPF and will be automatically placed
Warning: IO 'data_wdata_o[24]' is unconstrained in LPF and will be automatically placed
Warning: IO 'data_wdata_o[23]' is unconstrained in LPF and will be automatically placed
Warning: IO 'data_wdata_o[22]' is unconstrained in LPF and will be automatically placed
Warning: IO 'data_wdata_o[21]' is unconstrained in LPF and will be automatically placed
Warning: IO 'data_wdata_o[20]' is unconstrained in LPF and will be automatically placed
Warning: IO 'data_wdata_o[19]' is unconstrained in LPF and will be automatically placed
Warning: IO 'data_wdata_o[18]' is unconstrained in LPF and will be automatically placed
Warning: IO 'data_wdata_o[17]' is unconstrained in LPF and will be automatically placed
Warning: IO 'data_wdata_o[16]' is unconstrained in LPF and will be automatically placed
Warning: IO 'data_wdata_o[15]' is unconstrained in LPF and will be automatically placed
Warning: IO 'data_wdata_o[14]' is unconstrained in LPF and will be automatically placed
Warning: IO 'data_wdata_o[13]' is unconstrained in LPF and will be automatically placed
Warning: IO 'data_wdata_o[12]' is unconstrained in LPF and will be automatically placed
Warning: IO 'data_wdata_o[11]' is unconstrained in LPF and will be automatically placed
Warning: IO 'data_wdata_o[10]' is unconstrained in LPF and will be automatically placed
Warning: IO 'data_wdata_o[9]' is unconstrained in LPF and will be automatically placed
Warning: IO 'data_wdata_o[8]' is unconstrained in LPF and will be automatically placed
Warning: IO 'data_wdata_o[7]' is unconstrained in LPF and will be automatically placed
Warning: IO 'data_wdata_o[6]' is unconstrained in LPF and will be automatically placed
Warning: IO 'data_wdata_o[5]' is unconstrained in LPF and will be automatically placed
Warning: IO 'data_wdata_o[4]' is unconstrained in LPF and will be automatically placed
Warning: IO 'data_wdata_o[3]' is unconstrained in LPF and will be automatically placed
Warning: IO 'data_wdata_o[2]' is unconstrained in LPF and will be automatically placed
Warning: IO 'data_wdata_o[1]' is unconstrained in LPF and will be automatically placed
Warning: IO 'data_wdata_o[0]' is unconstrained in LPF and will be automatically placed
Warning: IO 'data_wdata_intg_shadow_o[6]' is unconstrained in LPF and will be automatically placed
Warning: IO 'data_wdata_intg_shadow_o[5]' is unconstrained in LPF and will be automatically placed
Warning: IO 'data_wdata_intg_shadow_o[4]' is unconstrained in LPF and will be automatically placed
Warning: IO 'data_wdata_intg_shadow_o[3]' is unconstrained in LPF and will be automatically placed
Warning: IO 'data_wdata_intg_shadow_o[2]' is unconstrained in LPF and will be automatically placed
Warning: IO 'data_wdata_intg_shadow_o[1]' is unconstrained in LPF and will be automatically placed
Warning: IO 'data_wdata_intg_shadow_o[0]' is unconstrained in LPF and will be automatically placed
Warning: IO 'data_wdata_intg_o[6]' is unconstrained in LPF and will be automatically placed
Warning: IO 'data_wdata_intg_o[5]' is unconstrained in LPF and will be automatically placed
Warning: IO 'data_wdata_intg_o[4]' is unconstrained in LPF and will be automatically placed
Warning: IO 'data_wdata_intg_o[3]' is unconstrained in LPF and will be automatically placed
Warning: IO 'data_wdata_intg_o[2]' is unconstrained in LPF and will be automatically placed
Warning: IO 'data_wdata_intg_o[1]' is unconstrained in LPF and will be automatically placed
Warning: IO 'data_wdata_intg_o[0]' is unconstrained in LPF and will be automatically placed
Warning: IO 'data_rvalid_i' is unconstrained in LPF and will be automatically placed
Warning: IO 'data_req_shadow_o' is unconstrained in LPF and will be automatically placed
Warning: IO 'data_req_o' is unconstrained in LPF and will be automatically placed
Warning: IO 'data_rdata_intg_i[6]' is unconstrained in LPF and will be automatically placed
Warning: IO 'data_rdata_intg_i[5]' is unconstrained in LPF and will be automatically placed
Warning: IO 'data_rdata_intg_i[4]' is unconstrained in LPF and will be automatically placed
Warning: IO 'data_rdata_intg_i[3]' is unconstrained in LPF and will be automatically placed
Warning: IO 'data_rdata_intg_i[2]' is unconstrained in LPF and will be automatically placed
Warning: IO 'data_rdata_intg_i[1]' is unconstrained in LPF and will be automatically placed
Warning: IO 'data_rdata_intg_i[0]' is unconstrained in LPF and will be automatically placed
Warning: IO 'data_rdata_i[31]' is unconstrained in LPF and will be automatically placed
Warning: IO 'data_rdata_i[30]' is unconstrained in LPF and will be automatically placed
Warning: IO 'data_rdata_i[29]' is unconstrained in LPF and will be automatically placed
Warning: IO 'data_rdata_i[28]' is unconstrained in LPF and will be automatically placed
Warning: IO 'data_rdata_i[27]' is unconstrained in LPF and will be automatically placed
Warning: IO 'data_rdata_i[26]' is unconstrained in LPF and will be automatically placed
Warning: IO 'data_rdata_i[25]' is unconstrained in LPF and will be automatically placed
Warning: IO 'data_rdata_i[24]' is unconstrained in LPF and will be automatically placed
Warning: IO 'data_rdata_i[23]' is unconstrained in LPF and will be automatically placed
Warning: IO 'data_rdata_i[22]' is unconstrained in LPF and will be automatically placed
Warning: IO 'data_rdata_i[21]' is unconstrained in LPF and will be automatically placed
Warning: IO 'data_rdata_i[20]' is unconstrained in LPF and will be automatically placed
Warning: IO 'data_rdata_i[19]' is unconstrained in LPF and will be automatically placed
Warning: IO 'data_rdata_i[18]' is unconstrained in LPF and will be automatically placed
Warning: IO 'data_rdata_i[17]' is unconstrained in LPF and will be automatically placed
Warning: IO 'data_rdata_i[16]' is unconstrained in LPF and will be automatically placed
Warning: IO 'data_rdata_i[15]' is unconstrained in LPF and will be automatically placed
Warning: IO 'data_rdata_i[14]' is unconstrained in LPF and will be automatically placed
Warning: IO 'data_rdata_i[13]' is unconstrained in LPF and will be automatically placed
Warning: IO 'data_rdata_i[12]' is unconstrained in LPF and will be automatically placed
Warning: IO 'data_rdata_i[11]' is unconstrained in LPF and will be automatically placed
Warning: IO 'data_rdata_i[10]' is unconstrained in LPF and will be automatically placed
Warning: IO 'data_rdata_i[9]' is unconstrained in LPF and will be automatically placed
Warning: IO 'data_rdata_i[8]' is unconstrained in LPF and will be automatically placed
Warning: IO 'data_rdata_i[7]' is unconstrained in LPF and will be automatically placed
Warning: IO 'data_rdata_i[6]' is unconstrained in LPF and will be automatically placed
Warning: IO 'data_rdata_i[5]' is unconstrained in LPF and will be automatically placed
Warning: IO 'data_rdata_i[4]' is unconstrained in LPF and will be automatically placed
Warning: IO 'data_rdata_i[3]' is unconstrained in LPF and will be automatically placed
Warning: IO 'data_rdata_i[2]' is unconstrained in LPF and will be automatically placed
Warning: IO 'data_rdata_i[1]' is unconstrained in LPF and will be automatically placed
Warning: IO 'data_rdata_i[0]' is unconstrained in LPF and will be automatically placed
Warning: IO 'data_gnt_i' is unconstrained in LPF and will be automatically placed
Warning: IO 'data_err_i' is unconstrained in LPF and will be automatically placed
Warning: IO 'data_be_shadow_o[3]' is unconstrained in LPF and will be automatically placed
Warning: IO 'data_be_shadow_o[2]' is unconstrained in LPF and will be automatically placed
Warning: IO 'data_be_shadow_o[1]' is unconstrained in LPF and will be automatically placed
Warning: IO 'data_be_shadow_o[0]' is unconstrained in LPF and will be automatically placed
Warning: IO 'data_be_o[3]' is unconstrained in LPF and will be automatically placed
Warning: IO 'data_be_o[2]' is unconstrained in LPF and will be automatically placed
Warning: IO 'data_be_o[1]' is unconstrained in LPF and will be automatically placed
Warning: IO 'data_be_o[0]' is unconstrained in LPF and will be automatically placed
Warning: IO 'data_addr_shadow_o[31]' is unconstrained in LPF and will be automatically placed
Warning: IO 'data_addr_shadow_o[30]' is unconstrained in LPF and will be automatically placed
Warning: IO 'data_addr_shadow_o[29]' is unconstrained in LPF and will be automatically placed
Warning: IO 'data_addr_shadow_o[28]' is unconstrained in LPF and will be automatically placed
Warning: IO 'data_addr_shadow_o[27]' is unconstrained in LPF and will be automatically placed
Warning: IO 'data_addr_shadow_o[26]' is unconstrained in LPF and will be automatically placed
Warning: IO 'data_addr_shadow_o[25]' is unconstrained in LPF and will be automatically placed
Warning: IO 'data_addr_shadow_o[24]' is unconstrained in LPF and will be automatically placed
Warning: IO 'data_addr_shadow_o[23]' is unconstrained in LPF and will be automatically placed
Warning: IO 'data_addr_shadow_o[22]' is unconstrained in LPF and will be automatically placed
Warning: IO 'data_addr_shadow_o[21]' is unconstrained in LPF and will be automatically placed
Warning: IO 'data_addr_shadow_o[20]' is unconstrained in LPF and will be automatically placed
Warning: IO 'data_addr_shadow_o[19]' is unconstrained in LPF and will be automatically placed
Warning: IO 'data_addr_shadow_o[18]' is unconstrained in LPF and will be automatically placed
Warning: IO 'data_addr_shadow_o[17]' is unconstrained in LPF and will be automatically placed
Warning: IO 'data_addr_shadow_o[16]' is unconstrained in LPF and will be automatically placed
Warning: IO 'data_addr_shadow_o[15]' is unconstrained in LPF and will be automatically placed
Warning: IO 'data_addr_shadow_o[14]' is unconstrained in LPF and will be automatically placed
Warning: IO 'data_addr_shadow_o[13]' is unconstrained in LPF and will be automatically placed
Warning: IO 'data_addr_shadow_o[12]' is unconstrained in LPF and will be automatically placed
Warning: IO 'data_addr_shadow_o[11]' is unconstrained in LPF and will be automatically placed
Warning: IO 'data_addr_shadow_o[10]' is unconstrained in LPF and will be automatically placed
Warning: IO 'data_addr_shadow_o[9]' is unconstrained in LPF and will be automatically placed
Warning: IO 'data_addr_shadow_o[8]' is unconstrained in LPF and will be automatically placed
Warning: IO 'data_addr_shadow_o[7]' is unconstrained in LPF and will be automatically placed
Warning: IO 'data_addr_shadow_o[6]' is unconstrained in LPF and will be automatically placed
Warning: IO 'data_addr_shadow_o[5]' is unconstrained in LPF and will be automatically placed
Warning: IO 'data_addr_shadow_o[4]' is unconstrained in LPF and will be automatically placed
Warning: IO 'data_addr_shadow_o[3]' is unconstrained in LPF and will be automatically placed
Warning: IO 'data_addr_shadow_o[2]' is unconstrained in LPF and will be automatically placed
Warning: IO 'data_addr_shadow_o[1]' is unconstrained in LPF and will be automatically placed
Warning: IO 'data_addr_shadow_o[0]' is unconstrained in LPF and will be automatically placed
Warning: IO 'data_addr_o[31]' is unconstrained in LPF and will be automatically placed
Warning: IO 'data_addr_o[30]' is unconstrained in LPF and will be automatically placed
Warning: IO 'data_addr_o[29]' is unconstrained in LPF and will be automatically placed
Warning: IO 'data_addr_o[28]' is unconstrained in LPF and will be automatically placed
Warning: IO 'data_addr_o[27]' is unconstrained in LPF and will be automatically placed
Warning: IO 'data_addr_o[26]' is unconstrained in LPF and will be automatically placed
Warning: IO 'data_addr_o[25]' is unconstrained in LPF and will be automatically placed
Warning: IO 'data_addr_o[24]' is unconstrained in LPF and will be automatically placed
Warning: IO 'data_addr_o[23]' is unconstrained in LPF and will be automatically placed
Warning: IO 'data_addr_o[22]' is unconstrained in LPF and will be automatically placed
Warning: IO 'data_addr_o[21]' is unconstrained in LPF and will be automatically placed
Warning: IO 'data_addr_o[20]' is unconstrained in LPF and will be automatically placed
Warning: IO 'data_addr_o[19]' is unconstrained in LPF and will be automatically placed
Warning: IO 'data_addr_o[18]' is unconstrained in LPF and will be automatically placed
Warning: IO 'data_addr_o[17]' is unconstrained in LPF and will be automatically placed
Warning: IO 'data_addr_o[16]' is unconstrained in LPF and will be automatically placed
Warning: IO 'data_addr_o[15]' is unconstrained in LPF and will be automatically placed
Warning: IO 'data_addr_o[14]' is unconstrained in LPF and will be automatically placed
Warning: IO 'data_addr_o[13]' is unconstrained in LPF and will be automatically placed
Warning: IO 'data_addr_o[12]' is unconstrained in LPF and will be automatically placed
Warning: IO 'data_addr_o[11]' is unconstrained in LPF and will be automatically placed
Warning: IO 'data_addr_o[10]' is unconstrained in LPF and will be automatically placed
Warning: IO 'data_addr_o[9]' is unconstrained in LPF and will be automatically placed
Warning: IO 'data_addr_o[8]' is unconstrained in LPF and will be automatically placed
Warning: IO 'data_addr_o[7]' is unconstrained in LPF and will be automatically placed
Warning: IO 'data_addr_o[6]' is unconstrained in LPF and will be automatically placed
Warning: IO 'data_addr_o[5]' is unconstrained in LPF and will be automatically placed
Warning: IO 'data_addr_o[4]' is unconstrained in LPF and will be automatically placed
Warning: IO 'data_addr_o[3]' is unconstrained in LPF and will be automatically placed
Warning: IO 'data_addr_o[2]' is unconstrained in LPF and will be automatically placed
Warning: IO 'data_addr_o[1]' is unconstrained in LPF and will be automatically placed
Warning: IO 'data_addr_o[0]' is unconstrained in LPF and will be automatically placed
Warning: IO 'crash_dump_o[159]' is unconstrained in LPF and will be automatically placed
Warning: IO 'crash_dump_o[158]' is unconstrained in LPF and will be automatically placed
Warning: IO 'crash_dump_o[157]' is unconstrained in LPF and will be automatically placed
Warning: IO 'crash_dump_o[156]' is unconstrained in LPF and will be automatically placed
Warning: IO 'crash_dump_o[155]' is unconstrained in LPF and will be automatically placed
Warning: IO 'crash_dump_o[154]' is unconstrained in LPF and will be automatically placed
Warning: IO 'crash_dump_o[153]' is unconstrained in LPF and will be automatically placed
Warning: IO 'crash_dump_o[152]' is unconstrained in LPF and will be automatically placed
Warning: IO 'crash_dump_o[151]' is unconstrained in LPF and will be automatically placed
Warning: IO 'crash_dump_o[150]' is unconstrained in LPF and will be automatically placed
Warning: IO 'crash_dump_o[149]' is unconstrained in LPF and will be automatically placed
Warning: IO 'crash_dump_o[148]' is unconstrained in LPF and will be automatically placed
Warning: IO 'crash_dump_o[147]' is unconstrained in LPF and will be automatically placed
Warning: IO 'crash_dump_o[146]' is unconstrained in LPF and will be automatically placed
Warning: IO 'crash_dump_o[145]' is unconstrained in LPF and will be automatically placed
Warning: IO 'crash_dump_o[144]' is unconstrained in LPF and will be automatically placed
Warning: IO 'crash_dump_o[143]' is unconstrained in LPF and will be automatically placed
Warning: IO 'crash_dump_o[142]' is unconstrained in LPF and will be automatically placed
Warning: IO 'crash_dump_o[141]' is unconstrained in LPF and will be automatically placed
Warning: IO 'crash_dump_o[140]' is unconstrained in LPF and will be automatically placed
Warning: IO 'crash_dump_o[139]' is unconstrained in LPF and will be automatically placed
Warning: IO 'crash_dump_o[138]' is unconstrained in LPF and will be automatically placed
Warning: IO 'crash_dump_o[137]' is unconstrained in LPF and will be automatically placed
Warning: IO 'crash_dump_o[136]' is unconstrained in LPF and will be automatically placed
Warning: IO 'crash_dump_o[135]' is unconstrained in LPF and will be automatically placed
Warning: IO 'crash_dump_o[134]' is unconstrained in LPF and will be automatically placed
Warning: IO 'crash_dump_o[133]' is unconstrained in LPF and will be automatically placed
Warning: IO 'crash_dump_o[132]' is unconstrained in LPF and will be automatically placed
Warning: IO 'crash_dump_o[131]' is unconstrained in LPF and will be automatically placed
Warning: IO 'crash_dump_o[130]' is unconstrained in LPF and will be automatically placed
Warning: IO 'crash_dump_o[129]' is unconstrained in LPF and will be automatically placed
Warning: IO 'crash_dump_o[128]' is unconstrained in LPF and will be automatically placed
Warning: IO 'crash_dump_o[127]' is unconstrained in LPF and will be automatically placed
Warning: IO 'crash_dump_o[126]' is unconstrained in LPF and will be automatically placed
Warning: IO 'crash_dump_o[125]' is unconstrained in LPF and will be automatically placed
Warning: IO 'crash_dump_o[124]' is unconstrained in LPF and will be automatically placed
Warning: IO 'crash_dump_o[123]' is unconstrained in LPF and will be automatically placed
Warning: IO 'crash_dump_o[122]' is unconstrained in LPF and will be automatically placed
Warning: IO 'crash_dump_o[121]' is unconstrained in LPF and will be automatically placed
Warning: IO 'crash_dump_o[120]' is unconstrained in LPF and will be automatically placed
Warning: IO 'crash_dump_o[119]' is unconstrained in LPF and will be automatically placed
Warning: IO 'crash_dump_o[118]' is unconstrained in LPF and will be automatically placed
Warning: IO 'crash_dump_o[117]' is unconstrained in LPF and will be automatically placed
Warning: IO 'crash_dump_o[116]' is unconstrained in LPF and will be automatically placed
Warning: IO 'crash_dump_o[115]' is unconstrained in LPF and will be automatically placed
Warning: IO 'crash_dump_o[114]' is unconstrained in LPF and will be automatically placed
Warning: IO 'crash_dump_o[113]' is unconstrained in LPF and will be automatically placed
Warning: IO 'crash_dump_o[112]' is unconstrained in LPF and will be automatically placed
Warning: IO 'crash_dump_o[111]' is unconstrained in LPF and will be automatically placed
Warning: IO 'crash_dump_o[110]' is unconstrained in LPF and will be automatically placed
Warning: IO 'crash_dump_o[109]' is unconstrained in LPF and will be automatically placed
Warning: IO 'crash_dump_o[108]' is unconstrained in LPF and will be automatically placed
Warning: IO 'crash_dump_o[107]' is unconstrained in LPF and will be automatically placed
Warning: IO 'crash_dump_o[106]' is unconstrained in LPF and will be automatically placed
Warning: IO 'crash_dump_o[105]' is unconstrained in LPF and will be automatically placed
Warning: IO 'crash_dump_o[104]' is unconstrained in LPF and will be automatically placed
Warning: IO 'crash_dump_o[103]' is unconstrained in LPF and will be automatically placed
Warning: IO 'crash_dump_o[102]' is unconstrained in LPF and will be automatically placed
Warning: IO 'crash_dump_o[101]' is unconstrained in LPF and will be automatically placed
Warning: IO 'crash_dump_o[100]' is unconstrained in LPF and will be automatically placed
Warning: IO 'crash_dump_o[99]' is unconstrained in LPF and will be automatically placed
Warning: IO 'crash_dump_o[98]' is unconstrained in LPF and will be automatically placed
Warning: IO 'crash_dump_o[97]' is unconstrained in LPF and will be automatically placed
Warning: IO 'crash_dump_o[96]' is unconstrained in LPF and will be automatically placed
Warning: IO 'crash_dump_o[95]' is unconstrained in LPF and will be automatically placed
Warning: IO 'crash_dump_o[94]' is unconstrained in LPF and will be automatically placed
Warning: IO 'crash_dump_o[93]' is unconstrained in LPF and will be automatically placed
Warning: IO 'crash_dump_o[92]' is unconstrained in LPF and will be automatically placed
Warning: IO 'crash_dump_o[91]' is unconstrained in LPF and will be automatically placed
Warning: IO 'crash_dump_o[90]' is unconstrained in LPF and will be automatically placed
Warning: IO 'crash_dump_o[89]' is unconstrained in LPF and will be automatically placed
Warning: IO 'crash_dump_o[88]' is unconstrained in LPF and will be automatically placed
Warning: IO 'crash_dump_o[87]' is unconstrained in LPF and will be automatically placed
Warning: IO 'crash_dump_o[86]' is unconstrained in LPF and will be automatically placed
Warning: IO 'crash_dump_o[85]' is unconstrained in LPF and will be automatically placed
Warning: IO 'crash_dump_o[84]' is unconstrained in LPF and will be automatically placed
Warning: IO 'crash_dump_o[83]' is unconstrained in LPF and will be automatically placed
Warning: IO 'crash_dump_o[82]' is unconstrained in LPF and will be automatically placed
Warning: IO 'crash_dump_o[81]' is unconstrained in LPF and will be automatically placed
Warning: IO 'crash_dump_o[80]' is unconstrained in LPF and will be automatically placed
Warning: IO 'crash_dump_o[79]' is unconstrained in LPF and will be automatically placed
Warning: IO 'crash_dump_o[78]' is unconstrained in LPF and will be automatically placed
Warning: IO 'crash_dump_o[77]' is unconstrained in LPF and will be automatically placed
Warning: IO 'crash_dump_o[76]' is unconstrained in LPF and will be automatically placed
Warning: IO 'crash_dump_o[75]' is unconstrained in LPF and will be automatically placed
Warning: IO 'crash_dump_o[74]' is unconstrained in LPF and will be automatically placed
Warning: IO 'crash_dump_o[73]' is unconstrained in LPF and will be automatically placed
Warning: IO 'crash_dump_o[72]' is unconstrained in LPF and will be automatically placed
Warning: IO 'crash_dump_o[71]' is unconstrained in LPF and will be automatically placed
Warning: IO 'crash_dump_o[70]' is unconstrained in LPF and will be automatically placed
Warning: IO 'crash_dump_o[69]' is unconstrained in LPF and will be automatically placed
Warning: IO 'crash_dump_o[68]' is unconstrained in LPF and will be automatically placed
Warning: IO 'crash_dump_o[67]' is unconstrained in LPF and will be automatically placed
Warning: IO 'crash_dump_o[66]' is unconstrained in LPF and will be automatically placed
Warning: IO 'crash_dump_o[65]' is unconstrained in LPF and will be automatically placed
Warning: IO 'crash_dump_o[64]' is unconstrained in LPF and will be automatically placed
Warning: IO 'crash_dump_o[63]' is unconstrained in LPF and will be automatically placed
Warning: IO 'crash_dump_o[62]' is unconstrained in LPF and will be automatically placed
Warning: IO 'crash_dump_o[61]' is unconstrained in LPF and will be automatically placed
Warning: IO 'crash_dump_o[60]' is unconstrained in LPF and will be automatically placed
Warning: IO 'crash_dump_o[59]' is unconstrained in LPF and will be automatically placed
Warning: IO 'crash_dump_o[58]' is unconstrained in LPF and will be automatically placed
Warning: IO 'crash_dump_o[57]' is unconstrained in LPF and will be automatically placed
Warning: IO 'crash_dump_o[56]' is unconstrained in LPF and will be automatically placed
Warning: IO 'crash_dump_o[55]' is unconstrained in LPF and will be automatically placed
Warning: IO 'crash_dump_o[54]' is unconstrained in LPF and will be automatically placed
Warning: IO 'crash_dump_o[53]' is unconstrained in LPF and will be automatically placed
Warning: IO 'crash_dump_o[52]' is unconstrained in LPF and will be automatically placed
Warning: IO 'crash_dump_o[51]' is unconstrained in LPF and will be automatically placed
Warning: IO 'crash_dump_o[50]' is unconstrained in LPF and will be automatically placed
Warning: IO 'crash_dump_o[49]' is unconstrained in LPF and will be automatically placed
Warning: IO 'crash_dump_o[48]' is unconstrained in LPF and will be automatically placed
Warning: IO 'crash_dump_o[47]' is unconstrained in LPF and will be automatically placed
Warning: IO 'crash_dump_o[46]' is unconstrained in LPF and will be automatically placed
Warning: IO 'crash_dump_o[45]' is unconstrained in LPF and will be automatically placed
Warning: IO 'crash_dump_o[44]' is unconstrained in LPF and will be automatically placed
Warning: IO 'crash_dump_o[43]' is unconstrained in LPF and will be automatically placed
Warning: IO 'crash_dump_o[42]' is unconstrained in LPF and will be automatically placed
Warning: IO 'crash_dump_o[41]' is unconstrained in LPF and will be automatically placed
Warning: IO 'crash_dump_o[40]' is unconstrained in LPF and will be automatically placed
Warning: IO 'crash_dump_o[39]' is unconstrained in LPF and will be automatically placed
Warning: IO 'crash_dump_o[38]' is unconstrained in LPF and will be automatically placed
Warning: IO 'crash_dump_o[37]' is unconstrained in LPF and will be automatically placed
Warning: IO 'crash_dump_o[36]' is unconstrained in LPF and will be automatically placed
Warning: IO 'crash_dump_o[35]' is unconstrained in LPF and will be automatically placed
Warning: IO 'crash_dump_o[34]' is unconstrained in LPF and will be automatically placed
Warning: IO 'crash_dump_o[33]' is unconstrained in LPF and will be automatically placed
Warning: IO 'crash_dump_o[32]' is unconstrained in LPF and will be automatically placed
Warning: IO 'crash_dump_o[31]' is unconstrained in LPF and will be automatically placed
Warning: IO 'crash_dump_o[30]' is unconstrained in LPF and will be automatically placed
Warning: IO 'crash_dump_o[29]' is unconstrained in LPF and will be automatically placed
Warning: IO 'crash_dump_o[28]' is unconstrained in LPF and will be automatically placed
Warning: IO 'crash_dump_o[27]' is unconstrained in LPF and will be automatically placed
Warning: IO 'crash_dump_o[26]' is unconstrained in LPF and will be automatically placed
Warning: IO 'crash_dump_o[25]' is unconstrained in LPF and will be automatically placed
Warning: IO 'crash_dump_o[24]' is unconstrained in LPF and will be automatically placed
Warning: IO 'crash_dump_o[23]' is unconstrained in LPF and will be automatically placed
Warning: IO 'crash_dump_o[22]' is unconstrained in LPF and will be automatically placed
Warning: IO 'crash_dump_o[21]' is unconstrained in LPF and will be automatically placed
Warning: IO 'crash_dump_o[20]' is unconstrained in LPF and will be automatically placed
Warning: IO 'crash_dump_o[19]' is unconstrained in LPF and will be automatically placed
Warning: IO 'crash_dump_o[18]' is unconstrained in LPF and will be automatically placed
Warning: IO 'crash_dump_o[17]' is unconstrained in LPF and will be automatically placed
Warning: IO 'crash_dump_o[16]' is unconstrained in LPF and will be automatically placed
Warning: IO 'crash_dump_o[15]' is unconstrained in LPF and will be automatically placed
Warning: IO 'crash_dump_o[14]' is unconstrained in LPF and will be automatically placed
Warning: IO 'crash_dump_o[13]' is unconstrained in LPF and will be automatically placed
Warning: IO 'crash_dump_o[12]' is unconstrained in LPF and will be automatically placed
Warning: IO 'crash_dump_o[11]' is unconstrained in LPF and will be automatically placed
Warning: IO 'crash_dump_o[10]' is unconstrained in LPF and will be automatically placed
Warning: IO 'crash_dump_o[9]' is unconstrained in LPF and will be automatically placed
Warning: IO 'crash_dump_o[8]' is unconstrained in LPF and will be automatically placed
Warning: IO 'crash_dump_o[7]' is unconstrained in LPF and will be automatically placed
Warning: IO 'crash_dump_o[6]' is unconstrained in LPF and will be automatically placed
Warning: IO 'crash_dump_o[5]' is unconstrained in LPF and will be automatically placed
Warning: IO 'crash_dump_o[4]' is unconstrained in LPF and will be automatically placed
Warning: IO 'crash_dump_o[3]' is unconstrained in LPF and will be automatically placed
Warning: IO 'crash_dump_o[2]' is unconstrained in LPF and will be automatically placed
Warning: IO 'crash_dump_o[1]' is unconstrained in LPF and will be automatically placed
Warning: IO 'crash_dump_o[0]' is unconstrained in LPF and will be automatically placed
Warning: IO 'core_sleep_o' is unconstrained in LPF and will be automatically placed
Warning: IO 'clk_i' is unconstrained in LPF and will be automatically placed
Warning: IO 'boot_addr_i[31]' is unconstrained in LPF and will be automatically placed
Warning: IO 'boot_addr_i[30]' is unconstrained in LPF and will be automatically placed
Warning: IO 'boot_addr_i[29]' is unconstrained in LPF and will be automatically placed
Warning: IO 'boot_addr_i[28]' is unconstrained in LPF and will be automatically placed
Warning: IO 'boot_addr_i[27]' is unconstrained in LPF and will be automatically placed
Warning: IO 'boot_addr_i[26]' is unconstrained in LPF and will be automatically placed
Warning: IO 'boot_addr_i[25]' is unconstrained in LPF and will be automatically placed
Warning: IO 'boot_addr_i[24]' is unconstrained in LPF and will be automatically placed
Warning: IO 'boot_addr_i[23]' is unconstrained in LPF and will be automatically placed
Warning: IO 'boot_addr_i[22]' is unconstrained in LPF and will be automatically placed
Warning: IO 'boot_addr_i[21]' is unconstrained in LPF and will be automatically placed
Warning: IO 'boot_addr_i[20]' is unconstrained in LPF and will be automatically placed
Warning: IO 'boot_addr_i[19]' is unconstrained in LPF and will be automatically placed
Warning: IO 'boot_addr_i[18]' is unconstrained in LPF and will be automatically placed
Warning: IO 'boot_addr_i[17]' is unconstrained in LPF and will be automatically placed
Warning: IO 'boot_addr_i[16]' is unconstrained in LPF and will be automatically placed
Warning: IO 'boot_addr_i[15]' is unconstrained in LPF and will be automatically placed
Warning: IO 'boot_addr_i[14]' is unconstrained in LPF and will be automatically placed
Warning: IO 'boot_addr_i[13]' is unconstrained in LPF and will be automatically placed
Warning: IO 'boot_addr_i[12]' is unconstrained in LPF and will be automatically placed
Warning: IO 'boot_addr_i[11]' is unconstrained in LPF and will be automatically placed
Warning: IO 'boot_addr_i[10]' is unconstrained in LPF and will be automatically placed
Warning: IO 'boot_addr_i[9]' is unconstrained in LPF and will be automatically placed
Warning: IO 'boot_addr_i[8]' is unconstrained in LPF and will be automatically placed
Warning: IO 'boot_addr_i[7]' is unconstrained in LPF and will be automatically placed
Warning: IO 'boot_addr_i[6]' is unconstrained in LPF and will be automatically placed
Warning: IO 'boot_addr_i[5]' is unconstrained in LPF and will be automatically placed
Warning: IO 'boot_addr_i[4]' is unconstrained in LPF and will be automatically placed
Warning: IO 'boot_addr_i[3]' is unconstrained in LPF and will be automatically placed
Warning: IO 'boot_addr_i[2]' is unconstrained in LPF and will be automatically placed
Warning: IO 'boot_addr_i[1]' is unconstrained in LPF and will be automatically placed
Warning: IO 'boot_addr_i[0]' is unconstrained in LPF and will be automatically placed
Warning: IO 'alert_minor_o' is unconstrained in LPF and will be automatically placed
Warning: IO 'alert_major_internal_o' is unconstrained in LPF and will be automatically placed
Warning: IO 'alert_major_bus_o' is unconstrained in LPF and will be automatically placed

Info: Logic utilisation before packing:
Info:     Total LUT4s:     16867/83640    20%
Info:         logic LUTs:  15751/83640    18%
Info:         carry LUTs:   1116/83640     1%
Info:           RAM LUTs:      0/10455     0%
Info:          RAMW LUTs:      0/20910     0%

Info:      Total DFFs:      3430/83640     4%

Info: Packing IOs..
Info: Packing constants..
Info: Packing carries...
Info: Packing LUTs...
Info: Packing LUT5-7s...
Info: Packing FFs...
Info:     2250 FFs paired with LUTs.
Info: Generating derived timing constraints...
Info: Promoting globals...
Info: Checksum: 0x09cefb40

Info: Device utilisation:
Info: 	          TRELLIS_IO:       0/    365     0%
Info: 	                DCCA:       0/     56     0%
Info: 	              DP16KD:       6/    208     2%
Info: 	          MULT18X18D:       1/    156     0%
Info: 	              ALU54B:       0/     78     0%
Info: 	             EHXPLLL:       0/      4     0%
Info: 	             EXTREFB:       0/      2     0%
Info: 	                DCUA:       0/      2     0%
Info: 	           PCSCLKDIV:       0/      2     0%
Info: 	             IOLOGIC:       0/    224     0%
Info: 	            SIOLOGIC:       0/    141     0%
Info: 	                 GSR:       0/      1     0%
Info: 	               JTAGG:       0/      1     0%
Info: 	                OSCG:       0/      1     0%
Info: 	               SEDGA:       0/      1     0%
Info: 	                 DTR:       0/      1     0%
Info: 	             USRMCLK:       0/      1     0%
Info: 	             CLKDIVF:       0/      4     0%
Info: 	           ECLKSYNCB:       0/     10     0%
Info: 	             DLLDELD:       0/      8     0%
Info: 	              DDRDLL:       0/      4     0%
Info: 	             DQSBUFM:       0/     14     0%
Info: 	     TRELLIS_ECLKBUF:       0/      8     0%
Info: 	        ECLKBRIDGECS:       0/      2     0%
Info: 	                DCSC:       0/      2     0%
Info: 	          TRELLIS_FF:    3430/  83640     4%
Info: 	        TRELLIS_COMB:   17033/  83640    20%
Info: 	        TRELLIS_RAMW:       0/  10455     0%

Info: Placed 0 cells based on constraints.
Info: Creating initial analytic placement for 13332 cells, random placement wirelen = 1370148.
Info:     at initial placer iter 0, wirelen = 1902
Info:     at initial placer iter 1, wirelen = 2330
Info:     at initial placer iter 2, wirelen = 2155
Info:     at initial placer iter 3, wirelen = 2212
Info: Running main analytical placer, max placement attempts per cell = 52377612.
Info:     at iteration #1, type ALL: wirelen solved = 2138, spread = 367679, legal = 366818; time = 0.22s
Info:     at iteration #2, type ALL: wirelen solved = 15658, spread = 154730, legal = 157458; time = 0.26s
Info:     at iteration #3, type ALL: wirelen solved = 33941, spread = 108695, legal = 111837; time = 0.24s
Info:     at iteration #4, type ALL: wirelen solved = 44424, spread = 97118, legal = 100707; time = 0.24s
Info:     at iteration #5, type ALL: wirelen solved = 48707, spread = 90529, legal = 94870; time = 0.23s
Info:     at iteration #6, type ALL: wirelen solved = 50463, spread = 87545, legal = 91926; time = 0.23s
Info:     at iteration #7, type ALL: wirelen solved = 52997, spread = 84066, legal = 89069; time = 0.22s
Info:     at iteration #8, type ALL: wirelen solved = 55287, spread = 82261, legal = 86960; time = 0.22s
Info:     at iteration #9, type ALL: wirelen solved = 56586, spread = 81775, legal = 86121; time = 0.22s
Info:     at iteration #10, type ALL: wirelen solved = 59086, spread = 79607, legal = 84266; time = 0.25s
Info:     at iteration #11, type ALL: wirelen solved = 59749, spread = 80205, legal = 85914; time = 0.24s
Info:     at iteration #12, type ALL: wirelen solved = 61581, spread = 79853, legal = 85013; time = 0.25s
Info:     at iteration #13, type ALL: wirelen solved = 62417, spread = 80127, legal = 85123; time = 0.24s
Info:     at iteration #14, type ALL: wirelen solved = 63660, spread = 79177, legal = 84741; time = 0.24s
Info:     at iteration #15, type ALL: wirelen solved = 63890, spread = 78887, legal = 84933; time = 0.24s
Info: HeAP Placer Time: 5.04s
Info:   of which solving equations: 3.42s
Info:   of which spreading cells: 0.62s
Info:   of which strict legalisation: 0.16s

Info: Running simulated annealing placer for refinement.
Info:   at iteration #1: temp = 0.000000, timing cost = 15094, wirelen = 84266
Info:   at iteration #5: temp = 0.000000, timing cost = 12522, wirelen = 75129
Info:   at iteration #10: temp = 0.000000, timing cost = 12791, wirelen = 73053
Info:   at iteration #15: temp = 0.000000, timing cost = 12836, wirelen = 72016
Info:   at iteration #20: temp = 0.000000, timing cost = 12867, wirelen = 71690
Info:   at iteration #25: temp = 0.000000, timing cost = 13012, wirelen = 71608
Info:   at iteration #26: temp = 0.000000, timing cost = 13018, wirelen = 71598 
Info: SA placement time 21.74s

Info: Max frequency for clock 'clk_i': 21.98 MHz (FAIL at 50.00 MHz)

Info: Slack histogram:
Info:  legend: * represents 34 endpoint(s)
Info:          + represents [1,34) endpoint(s)
Info: [-25489, -23252) |*+
Info: [-23252, -21015) |***********************+
Info: [-21015, -18778) |************************************************************ 
Info: [-18778, -16541) |**************+
Info: [-16541, -14304) |*+
Info: [-14304, -12067) |+
Info: [-12067,  -9830) |*************+
Info: [ -9830,  -7593) |***************+
Info: [ -7593,  -5356) |********+
Info: [ -5356,  -3119) |***********+
Info: [ -3119,   -882) |****+
Info: [  -882,   1355) |*****+
Info: [  1355,   3592) |****************+
Info: [  3592,   5829) |*************+
Info: [  5829,   8066) |*+
Info: [  8066,  10303) |+
Info: [ 10303,  12540) |*+
Info: [ 12540,  14777) |*+
Info: [ 14777,  17014) |**+
Info: [ 17014,  19251) |***+
Info: Checksum: 0x04b60b54
Info: Routing globals...

Info: Routing..
Info: Setting up routing queue.
Info: Routing 67370 arcs.
Info:            |   (re-)routed arcs  |   delta    | remaining|       time spent     |
Info:    IterCnt |  w/ripup   wo/ripup |  w/r  wo/r |      arcs| batch(sec) total(sec)|
Info:       1000 |      279        720 |  279   720 |     66692|       0.39       0.39|
Info:       2000 |      561       1438 |  282   718 |     65999|       0.11       0.51|
Info:       3000 |      888       2111 |  327   673 |     65472|       0.11       0.62|
Info:       4000 |     1177       2822 |  289   711 |     64888|       0.11       0.72|
Info:       5000 |     1413       3586 |  236   764 |     64218|       0.10       0.83|
Info:       6000 |     1681       4318 |  268   732 |     63694|       0.11       0.94|
Info:       7000 |     1935       5064 |  254   746 |     63328|       0.11       1.04|
Info:       8000 |     2077       5922 |  142   858 |     63337|       0.12       1.16|
Info:       9000 |     2260       6739 |  183   817 |     62958|       0.11       1.28|
Info:      10000 |     2445       7554 |  185   815 |     63315|       0.13       1.40|
Info:      11000 |     2487       8512 |   42   958 |     63086|       0.13       1.53|
Info:      12000 |     2520       9479 |   33   967 |     62968|       0.10       1.64|
Info:      13000 |     2795      10204 |  275   725 |     62645|       0.12       1.76|
Info:      14000 |     3036      10963 |  241   759 |     62358|       0.11       1.87|
Info:      15000 |     3232      11767 |  196   804 |     61790|       0.12       1.99|
Info:      16000 |     3467      12532 |  235   765 |     61459|       0.12       2.11|
Info:      17000 |     3636      13363 |  169   831 |     61466|       0.12       2.23|
Info:      18000 |     3851      14148 |  215   785 |     60973|       0.12       2.35|
Info:      19000 |     4050      14949 |  199   801 |     60365|       0.12       2.47|
Info:      20000 |     4297      15702 |  247   753 |     60093|       0.13       2.60|
Info:      21000 |     4522      16477 |  225   775 |     59602|       0.12       2.72|
Info:      22000 |     4733      17266 |  211   789 |     59283|       0.13       2.85|
Info:      23000 |     4935      18064 |  202   798 |     58946|       0.12       2.97|
Info:      24000 |     5179      18820 |  244   756 |     58514|       0.14       3.11|
Info:      25000 |     5437      19562 |  258   742 |     58212|       0.14       3.24|
Info:      26000 |     5726      20273 |  289   711 |     58436|       0.14       3.38|
Info:      27000 |     5943      21056 |  217   783 |     58180|       0.12       3.50|
Info:      28000 |     6205      21794 |  262   738 |     57748|       0.13       3.63|
Info:      29000 |     6446      22553 |  241   759 |     57477|       0.13       3.76|
Info:      30000 |     6735      23264 |  289   711 |     57156|       0.12       3.88|
Info:      31000 |     6995      24004 |  260   740 |     57006|       0.13       4.01|
Info:      32000 |     7246      24753 |  251   749 |     56689|       0.13       4.14|
Info:      33000 |     7485      25514 |  239   761 |     56454|       0.13       4.27|
Info:      34000 |     7777      26222 |  292   708 |     55994|       0.12       4.40|
Info:      35000 |     8060      26939 |  283   717 |     55928|       0.13       4.53|
Info:      36000 |     8236      27763 |  176   824 |     55717|       0.12       4.65|
Info:      37000 |     8492      28507 |  256   744 |     55374|       0.13       4.78|
Info:      38000 |     8756      29243 |  264   736 |     54909|       0.13       4.91|
Info:      39000 |     9025      29974 |  269   731 |     54504|       0.12       5.03|
Info:      40000 |     9250      30749 |  225   775 |     54286|       0.13       5.16|
Info:      41000 |     9524      31475 |  274   726 |     54016|       0.13       5.29|
Info:      42000 |     9807      32192 |  283   717 |     53656|       0.13       5.42|
Info:      43000 |    10018      32981 |  211   789 |     53391|       0.12       5.54|
Info:      44000 |    10279      33720 |  261   739 |     53264|       0.13       5.67|
Info:      45000 |    10480      34519 |  201   799 |     53008|       0.13       5.80|
Info:      46000 |    10754      35245 |  274   726 |     52793|       0.14       5.94|
Info:      47000 |    10931      36068 |  177   823 |     52423|       0.13       6.07|
Info:      48000 |    11193      36806 |  262   738 |     51915|       0.14       6.21|
Info:      49000 |    11502      37497 |  309   691 |     51439|       0.15       6.36|
Info:      50000 |    11772      38227 |  270   730 |     50959|       0.14       6.50|
Info:      51000 |    11970      39029 |  198   802 |     50546|       0.13       6.63|
Info:      52000 |    12233      39766 |  263   737 |     50128|       0.14       6.77|
Info:      53000 |    12459      40540 |  226   774 |     49568|       0.13       6.91|
Info:      54000 |    12729      41270 |  270   730 |     49199|       0.15       7.06|
Info:      55000 |    13062      41937 |  333   667 |     48928|       0.16       7.22|
Info:      56000 |    13372      42627 |  310   690 |     48740|       0.18       7.40|
Info:      57000 |    13674      43325 |  302   698 |     48312|       0.15       7.55|
Info:      58000 |    13991      44008 |  317   683 |     47853|       0.15       7.69|
Info:      59000 |    14243      44756 |  252   748 |     47575|       0.14       7.83|
Info:      60000 |    14520      45479 |  277   723 |     47146|       0.15       7.98|
Info:      61000 |    14748      46251 |  228   772 |     46899|       0.15       8.12|
Info:      62000 |    15036      46963 |  288   712 |     46374|       0.16       8.28|
Info:      63000 |    15320      47679 |  284   716 |     45828|       0.14       8.42|
Info:      64000 |    15647      48352 |  327   673 |     45444|       0.16       8.58|
Info:      65000 |    16017      48982 |  370   630 |     45091|       0.18       8.76|
Info:      66000 |    16356      49643 |  339   661 |     44704|       0.16       8.92|
Info:      67000 |    16692      50307 |  336   664 |     44418|       0.16       9.08|
Info:      68000 |    16991      51008 |  299   701 |     43860|       0.16       9.24|
Info:      69000 |    17305      51694 |  314   686 |     43500|       0.15       9.39|
Info:      70000 |    17523      52476 |  218   782 |     43244|       0.15       9.54|
Info:      71000 |    17760      53239 |  237   763 |     42724|       0.16       9.70|
Info:      72000 |    18093      53906 |  333   667 |     42222|       0.15       9.86|
Info:      73000 |    18438      54561 |  345   655 |     41747|       0.15      10.01|
Info:      74000 |    18817      55182 |  379   621 |     41359|       0.15      10.16|
Info:      75000 |    19173      55826 |  356   644 |     41015|       0.16      10.32|
Info:      76000 |    19523      56476 |  350   650 |     40618|       0.15      10.47|
Info:      77000 |    19840      57159 |  317   683 |     40445|       0.17      10.64|
Info:      78000 |    20180      57819 |  340   660 |     40057|       0.16      10.81|
Info:      79000 |    20474      58525 |  294   706 |     39850|       0.17      10.98|
Info:      80000 |    20782      59217 |  308   692 |     39482|       0.15      11.13|
Info:      81000 |    21117      59882 |  335   665 |     38936|       0.15      11.29|
Info:      82000 |    21509      60490 |  392   608 |     38582|       0.18      11.46|
Info:      83000 |    21805      61194 |  296   704 |     38155|       0.16      11.62|
Info:      84000 |    22156      61843 |  351   649 |     37702|       0.16      11.77|
Info:      85000 |    22506      62493 |  350   650 |     37229|       0.17      11.95|
Info:      86000 |    22929      63070 |  423   577 |     36830|       0.16      12.11|
Info:      87000 |    23315      63684 |  386   614 |     36536|       0.17      12.28|
Info:      88000 |    23701      64298 |  386   614 |     36239|       0.16      12.44|
Info:      89000 |    24104      64895 |  403   597 |     35956|       0.18      12.62|
Info:      90000 |    24443      65556 |  339   661 |     35794|       0.17      12.79|
Info:      91000 |    24845      66154 |  402   598 |     35512|       0.18      12.96|
Info:      92000 |    25303      66696 |  458   542 |     35098|       0.15      13.11|
Info:      93000 |    25739      67260 |  436   564 |     34628|       0.15      13.27|
Info:      94000 |    26051      67948 |  312   688 |     34355|       0.15      13.42|
Info:      95000 |    26494      68505 |  443   557 |     33926|       0.18      13.60|
Info:      96000 |    26893      69106 |  399   601 |     33618|       0.15      13.75|
Info:      97000 |    27330      69669 |  437   563 |     33193|       0.15      13.90|
Info:      98000 |    27810      70189 |  480   520 |     32902|       0.19      14.10|
Info:      99000 |    28171      70828 |  361   639 |     32536|       0.17      14.27|
Info:     100000 |    28572      71427 |  401   599 |     32164|       0.19      14.46|
Info:     101000 |    29025      71974 |  453   547 |     31745|       0.17      14.63|
Info:     102000 |    29467      72532 |  442   558 |     31438|       0.17      14.80|
Info:     103000 |    29912      73087 |  445   555 |     31118|       0.18      14.98|
Info:     104000 |    30382      73617 |  470   530 |     30709|       0.16      15.14|
Info:     105000 |    30816      74168 |  434   551 |     30405|       0.16      15.30|
Info:     106000 |    31275      74707 |  459   539 |     30053|       0.16      15.46|
Info:     107000 |    31658      75309 |  383   602 |     29597|       0.17      15.64|
Info:     108000 |    31988      75894 |  330   585 |     28994|       0.14      15.77|
Info:     109000 |    32317      76485 |  329   591 |     28569|       0.16      15.93|
Info:     110000 |    32669      77063 |  352   578 |     27979|       0.13      16.05|
Info:     111000 |    32992      77645 |  323   582 |     27373|       0.12      16.17|
Info:     112000 |    33343      78271 |  351   626 |     27539|       0.20      16.37|
Info:     113000 |    33620      78955 |  277   684 |     26990|       0.22      16.60|
Info:     114000 |    33950      79520 |  330   565 |     26419|       0.12      16.72|
Info:     115000 |    34301      80095 |  351   575 |     25907|       0.13      16.85|
Info:     116000 |    34646      80652 |  345   557 |     25304|       0.13      16.98|
Info:     117000 |    35023      81185 |  377   533 |     24720|       0.12      17.10|
Info:     118000 |    35411      81713 |  388   528 |     24167|       0.14      17.23|
Info:     119000 |    35901      82155 |  490   442 |     23741|       0.15      17.38|
Info:     120000 |    36287      82685 |  386   530 |     23163|       0.13      17.51|
Info:     121000 |    36746      83153 |  459   468 |     22665|       0.14      17.64|
Info:     122000 |    37211      83631 |  465   478 |     22155|       0.14      17.78|
Info:     123000 |    37654      84113 |  443   482 |     21722|       0.16      17.94|
Info:     124000 |    38059      84621 |  405   508 |     21249|       0.15      18.10|
Info:     125000 |    38480      85119 |  421   498 |     20793|       0.17      18.27|
Info:     126000 |    38907      85615 |  427   496 |     20278|       0.15      18.42|
Info:     127000 |    39356      86097 |  449   482 |     19789|       0.16      18.58|
Info:     128000 |    39715      86674 |  359   577 |     19219|       0.16      18.74|
Info:     129000 |    40058      87222 |  343   548 |     18625|       0.15      18.90|
Info:     130000 |    40454      87797 |  396   575 |     18214|       0.16      19.06|
Info:     131000 |    40774      88432 |  320   635 |     17582|       0.15      19.21|
Info:     132000 |    41079      89101 |  305   669 |     17223|       0.17      19.38|
Info:     133000 |    41395      89747 |  316   646 |     16741|       0.20      19.58|
Info:     134000 |    41668      90460 |  273   713 |     16386|       0.16      19.73|
Info:     135000 |    41927      91199 |  259   739 |     15714|       0.17      19.91|
Info:     136000 |    42156      91962 |  229   763 |     14988|       0.15      20.06|
Info:     137000 |    42377      92722 |  221   760 |     14366|       0.17      20.23|
Info:     138000 |    42595      93459 |  218   737 |     13775|       0.16      20.39|
Info:     139000 |    42867      94129 |  272   670 |     13304|       0.17      20.56|
Info:     140000 |    43221      94728 |  354   599 |     12947|       0.24      20.81|
Info:     141000 |    43511      95309 |  290   581 |     12486|       0.25      21.05|
Info:     142000 |    43799      95902 |  288   593 |     11939|       0.18      21.23|
Info:     143000 |    44118      96480 |  319   578 |     11455|       0.20      21.43|
Info:     144000 |    44386      97074 |  268   594 |     10915|       0.17      21.60|
Info:     145000 |    44630      97731 |  244   657 |     10237|       0.17      21.77|
Info:     146000 |    44913      98421 |  283   690 |      9708|       0.18      21.95|
Info:     147000 |    45213      99096 |  300   675 |      9295|       0.23      22.18|
Info:     148000 |    45516      99761 |  303   665 |      8944|       0.25      22.43|
Info:     149000 |    45791     100363 |  275   602 |      8405|       0.22      22.66|
Info:     150000 |    46166     100942 |  375   579 |      7935|       0.30      22.96|
Info:     151000 |    46498     101534 |  332   592 |      7434|       0.30      23.26|
Info:     152000 |    46779     102201 |  281   667 |      6831|       0.23      23.49|
Info:     153000 |    47005     102881 |  226   680 |      6145|       0.19      23.69|
Info:     154000 |    47142     103729 |  137   848 |      5320|       0.15      23.84|
Info:     155000 |    47245     104626 |  103   897 |      4461|       0.13      23.97|
Info:     156000 |    47485     105386 |  240   760 |      3835|       0.21      24.18|
Info:     157000 |    47651     106194 |  166   808 |      3043|       0.16      24.34|
Info:     158000 |    47938     106889 |  287   695 |      2974|       0.21      24.55|
Info:     159000 |    48256     107535 |  318   646 |      2717|       0.31      24.86|
Info:     160000 |    48409     108276 |  153   741 |      1967|       0.29      25.15|
Info:     161000 |    48550     109004 |  141   728 |      1168|       0.27      25.42|
Info:     162000 |    48782     109671 |  232   667 |       588|       0.32      25.74|
Info:     162717 |    48877     110228 |   95   557 |         0|       0.32      26.05|
Info: Routing complete.
Info: Router1 time 26.05s
Info: Checksum: 0x3bfef45b

Info: Critical path report for clock 'clk_i' (posedge -> posedge):
Info:       type curr  total name
Info:   clk-to-q  5.61  5.61 Source tag_bank_w0.mem.0.0.DOA5
Info:    routing  1.01  6.62 Net ic_tag_rdata[27] (46,22) -> (46,21)
Info:                          Sink u_ibex_core.if_stage_i.icache.way0_valid_LUT4_B_Z_LUT4_D_A_LUT4_Z_1.D
Info:                          Defined in:
Info:                               ${REPO_ROOT}/flow/out/arch/ibex_top.v:11886.14-11886.22
Info:      logic  0.24  6.86 Source u_ibex_core.if_stage_i.icache.way0_valid_LUT4_B_Z_LUT4_D_A_LUT4_Z_1.F
Info:    routing  1.27  8.13 Net u_ibex_core.if_stage_i.icache.way0_valid_LUT4_B_Z[0] (46,21) -> (47,16)
Info:                          Sink u_ibex_core.if_stage_i.icache.way0_valid_LUT4_B_Z_LUT4_D_A_PFUMX_C0_ALUT_LUT4_Z.M
Info:                          Defined in:
Info:                               /opt/homebrew/bin/../share/yosys/lattice/cells_map_trellis.v:108.23-108.24
Info:      logic  0.26  8.38 Source u_ibex_core.if_stage_i.icache.way0_valid_LUT4_B_Z_LUT4_D_A_PFUMX_C0_ALUT_LUT4_Z.OFX
Info:    routing  0.76  9.15 Net u_ibex_core.if_stage_i.icache.way0_valid_LUT4_B_Z_LUT4_D_A_L6MUX21_SD_Z[4] (47,16) -> (46,14)
Info:                          Sink u_ibex_core.if_stage_i.icache.lookup_grant_TRELLIS_FF_DI_Q_PFUMX_Z_1_BLUT_LUT4_Z.M
Info:                          Defined in:
Info:                               /opt/homebrew/bin/../share/yosys/lattice/cells_map_trellis.v:108.23-108.24
Info:      logic  0.26  9.40 Source u_ibex_core.if_stage_i.icache.lookup_grant_TRELLIS_FF_DI_Q_PFUMX_Z_1_BLUT_LUT4_Z.OFX
Info:    routing  0.80  10.20 Net instr_rvalid_i_LUT4_B_3_Z_LUT4_D_1_Z_PFUMX_BLUT_Z[3] (46,14) -> (49,13)
Info:                          Sink instr_rvalid_i_LUT4_B_3_Z_LUT4_D_1_Z_PFUMX_BLUT_Z_LUT4_C.D
Info:                          Defined in:
Info:                               /opt/homebrew/bin/../share/yosys/lattice/cells_map_trellis.v:108.23-108.24
Info:      logic  0.40  10.60 Source instr_rvalid_i_LUT4_B_3_Z_LUT4_D_1_Z_PFUMX_BLUT_Z_LUT4_C.OFX
Info:    routing  0.00  10.60 Net instr_rvalid_i_LUT4_B_3_Z_LUT4_D_1_Z_PFUMX_BLUT_Z_LUT4_C_Z_PFUMX_BLUT_Z (49,13) -> (49,13)
Info:                          Sink instr_rvalid_i_LUT4_B_3_Z_LUT4_D_1_Z_PFUMX_BLUT_Z_LUT4_D_2.FXB
Info:                          Defined in:
Info:                               /opt/homebrew/bin/../share/yosys/lattice/cells_map_trellis.v:157.62-157.64
Info:      logic  0.24  10.84 Source instr_rvalid_i_LUT4_B_3_Z_LUT4_D_1_Z_PFUMX_BLUT_Z_LUT4_D_2.OFX
Info:    routing  0.00  10.84 Net instr_rvalid_i_LUT4_B_3_Z_LUT4_C_Z_PFUMX_ALUT_Z_L6MUX21_Z_SD_L6MUX21_Z_D1 (49,13) -> (49,13)
Info:                          Sink instr_rvalid_i_LUT4_B_3_Z_LUT4_D_1_Z_PFUMX_BLUT_Z_LUT4_C_1.FXB
Info:                          Defined in:
Info:                               /opt/homebrew/bin/../share/yosys/lattice/cells_map_trellis.v:157.70-157.72
Info:      logic  0.24  11.08 Source instr_rvalid_i_LUT4_B_3_Z_LUT4_D_1_Z_PFUMX_BLUT_Z_LUT4_C_1.OFX
Info:    routing  1.18  12.26 Net instr_rvalid_i_LUT4_B_3_Z_LUT4_C_Z_PFUMX_ALUT_Z_L6MUX21_Z_SD[4] (49,13) -> (51,17)
Info:                          Sink instr_rvalid_i_LUT4_B_3_Z_LUT4_C_Z_PFUMX_ALUT_Z_L6MUX21_Z_D1_PFUMX_Z_BLUT_LUT4_Z.M
Info:                          Defined in:
Info:                               /opt/homebrew/bin/../share/yosys/lattice/cells_map_trellis.v:108.23-108.24
Info:      logic  0.26  12.52 Source instr_rvalid_i_LUT4_B_3_Z_LUT4_C_Z_PFUMX_ALUT_Z_L6MUX21_Z_D1_PFUMX_Z_BLUT_LUT4_Z.OFX
Info:    routing  0.00  12.52 Net instr_rvalid_i_LUT4_B_3_Z_LUT4_C_Z_PFUMX_ALUT_Z_L6MUX21_Z_D1 (51,17) -> (51,17)
Info:                          Sink instr_rvalid_i_LUT4_B_3_Z_LUT4_C_Z_PFUMX_ALUT_Z_L6MUX21_Z_D1_PFUMX_Z_ALUT_LUT4_Z.FXB
Info:                          Defined in:
Info:                               /opt/homebrew/bin/../share/yosys/lattice/cells_map_trellis.v:141.38-141.40
Info:      logic  0.24  12.76 Source instr_rvalid_i_LUT4_B_3_Z_LUT4_C_Z_PFUMX_ALUT_Z_L6MUX21_Z_D1_PFUMX_Z_ALUT_LUT4_Z.OFX
Info:    routing  1.22  13.97 Net instr_rvalid_i_LUT4_B_3_Z_LUT4_C_Z_PFUMX_ALUT_Z[3] (51,17) -> (53,13)
Info:                          Sink instr_rvalid_i_LUT4_B_3_Z_LUT4_C_Z_PFUMX_ALUT_Z_PFUMX_C0_2_ALUT_LUT4_Z.M
Info:                          Defined in:
Info:                               /opt/homebrew/bin/../share/yosys/lattice/cells_map_trellis.v:108.23-108.24
Info:      logic  0.26  14.23 Source instr_rvalid_i_LUT4_B_3_Z_LUT4_C_Z_PFUMX_ALUT_Z_PFUMX_C0_2_ALUT_LUT4_Z.OFX
Info:    routing  0.00  14.23 Net instr_rvalid_i_LUT4_B_3_Z_LUT4_C_Z_PFUMX_ALUT_Z_L6MUX21_SD_1_Z (53,13) -> (53,13)
Info:                          Sink instr_rvalid_i_LUT4_B_3_Z_LUT4_C_Z_PFUMX_ALUT_Z_PFUMX_C0_3_ALUT_LUT4_Z.FXB
Info:                          Defined in:
Info:                               /opt/homebrew/bin/../share/yosys/lattice/cells_map_trellis.v:157.70-157.72
Info:      logic  0.24  14.47 Source instr_rvalid_i_LUT4_B_3_Z_LUT4_C_Z_PFUMX_ALUT_Z_PFUMX_C0_3_ALUT_LUT4_Z.OFX
Info:    routing  0.88  15.35 Net instr_rvalid_i_LUT4_B_3_Z_LUT4_C_Z_PFUMX_ALUT_Z_L6MUX21_SD_Z[0] (53,13) -> (53,11)
Info:                          Sink instr_rvalid_i_LUT4_B_3_Z_LUT4_C_Z_PFUMX_ALUT_Z_PFUMX_C0_Z_L6MUX21_D1_Z_L6MUX21_Z_D0_L6MUX21_Z_D0_PFUMX_Z_BLUT_LUT4_Z.D
Info:                          Defined in:
Info:                               /opt/homebrew/bin/../share/yosys/lattice/cells_map_trellis.v:108.23-108.24
Info:      logic  0.40  15.76 Source instr_rvalid_i_LUT4_B_3_Z_LUT4_C_Z_PFUMX_ALUT_Z_PFUMX_C0_Z_L6MUX21_D1_Z_L6MUX21_Z_D0_L6MUX21_Z_D0_PFUMX_Z_BLUT_LUT4_Z.OFX
Info:    routing  0.00  15.76 Net instr_rvalid_i_LUT4_B_3_Z_LUT4_C_Z_PFUMX_ALUT_Z_PFUMX_C0_Z_L6MUX21_D1_Z_L6MUX21_Z_D0_L6MUX21_Z_D0 (53,11) -> (53,11)
Info:                          Sink instr_rvalid_i_LUT4_B_3_Z_LUT4_C_Z_PFUMX_ALUT_Z_PFUMX_C0_Z_L6MUX21_D1_Z_L6MUX21_Z_D0_L6MUX21_Z_D1_PFUMX_Z_ALUT_LUT4_Z.FXA
Info:                          Defined in:
Info:                               /opt/homebrew/bin/../share/yosys/lattice/cells_map_trellis.v:157.50-157.52
Info:      logic  0.24  15.99 Source instr_rvalid_i_LUT4_B_3_Z_LUT4_C_Z_PFUMX_ALUT_Z_PFUMX_C0_Z_L6MUX21_D1_Z_L6MUX21_Z_D0_L6MUX21_Z_D1_PFUMX_Z_ALUT_LUT4_Z.OFX
Info:    routing  0.00  15.99 Net instr_rvalid_i_LUT4_B_3_Z_LUT4_C_Z_PFUMX_ALUT_Z_PFUMX_C0_Z_L6MUX21_D1_Z_L6MUX21_Z_D0 (53,11) -> (53,11)
Info:                          Sink instr_rvalid_i_LUT4_B_3_Z_LUT4_C_Z_PFUMX_ALUT_Z_PFUMX_C0_Z_L6MUX21_D1_Z_L6MUX21_Z_D1_L6MUX21_Z_D0_PFUMX_Z_ALUT_LUT4_Z.FXA
Info:                          Defined in:
Info:                               /opt/homebrew/bin/../share/yosys/lattice/cells_map_trellis.v:157.66-157.68
Info:      logic  0.24  16.23 Source instr_rvalid_i_LUT4_B_3_Z_LUT4_C_Z_PFUMX_ALUT_Z_PFUMX_C0_Z_L6MUX21_D1_Z_L6MUX21_Z_D1_L6MUX21_Z_D0_PFUMX_Z_ALUT_LUT4_Z.OFX
Info:    routing  1.04  17.27 Net instr_rvalid_i_LUT4_B_3_Z_LUT4_C_Z_PFUMX_ALUT_Z_PFUMX_C0_Z_L6MUX21_D1_Z[6] (53,11) -> (55,8)
Info:                          Sink u_ibex_core.if_stage_i.icache.fb_count_b1_LUT4_B_1_Z_TRELLIS_FF_Q_DI_L6MUX21_Z_D0_L6MUX21_Z_D1_PFUMX_Z_ALUT_LUT4_Z_D_LUT4_D_Z_LUT4_C_Z_PFUMX_Z_67_BLUT_LUT4_Z_D_LUT4_D_Z_PFUMX_BLUT_ALUT_LUT4_Z.M
Info:                          Defined in:
Info:                               /opt/homebrew/bin/../share/yosys/lattice/cells_map_trellis.v:108.23-108.24
Info:      logic  0.26  17.53 Source u_ibex_core.if_stage_i.icache.fb_count_b1_LUT4_B_1_Z_TRELLIS_FF_Q_DI_L6MUX21_Z_D0_L6MUX21_Z_D1_PFUMX_Z_ALUT_LUT4_Z_D_LUT4_D_Z_LUT4_C_Z_PFUMX_Z_67_BLUT_LUT4_Z_D_LUT4_D_Z_PFUMX_BLUT_ALUT_LUT4_Z.OFX
Info:    routing  0.63  18.17 Net u_ibex_core.if_stage_i.icache.fb_count_b1_LUT4_B_1_Z_TRELLIS_FF_Q_DI_L6MUX21_Z_D0_L6MUX21_Z_D1_PFUMX_Z_ALUT_LUT4_Z_D_LUT4_D_Z_LUT4_C_Z_PFUMX_Z_67_BLUT_LUT4_Z_D_LUT4_C_Z[4] (55,8) -> (55,9)
Info:                          Sink u_ibex_core.if_stage_i.icache.output_stage.nonheld_rdata_LUT4_Z_16_D_L6MUX21_Z_SD_LUT4_Z_1_D_LUT4_Z_D_L6MUX21_Z_1_D1_PFUMX_Z_BLUT_LUT4_Z.M
Info:                          Defined in:
Info:                               /opt/homebrew/bin/../share/yosys/lattice/cells_map_trellis.v:108.23-108.24
Info:      logic  0.26  18.42 Source u_ibex_core.if_stage_i.icache.output_stage.nonheld_rdata_LUT4_Z_16_D_L6MUX21_Z_SD_LUT4_Z_1_D_LUT4_Z_D_L6MUX21_Z_1_D1_PFUMX_Z_BLUT_LUT4_Z.OFX
Info:    routing  0.00  18.42 Net u_ibex_core.if_stage_i.icache.output_stage.nonheld_rdata_LUT4_Z_16_D_L6MUX21_Z_SD_LUT4_Z_1_D_LUT4_Z_D_L6MUX21_Z_1_D1 (55,9) -> (55,9)
Info:                          Sink u_ibex_core.if_stage_i.icache.output_stage.nonheld_rdata_LUT4_Z_16_D_L6MUX21_Z_SD_LUT4_Z_1_D_LUT4_Z_D_L6MUX21_Z_1_D1_PFUMX_Z_ALUT_LUT4_Z.FXB
Info:                          Defined in:
Info:                               /opt/homebrew/bin/../share/yosys/lattice/cells_map_trellis.v:141.38-141.40
Info:      logic  0.24  18.66 Source u_ibex_core.if_stage_i.icache.output_stage.nonheld_rdata_LUT4_Z_16_D_L6MUX21_Z_SD_LUT4_Z_1_D_LUT4_Z_D_L6MUX21_Z_1_D1_PFUMX_Z_ALUT_LUT4_Z.OFX
Info:    routing  2.67  21.33 Net u_ibex_core.if_stage_i.icache.output_stage.nonheld_rdata_LUT4_Z_16_D_L6MUX21_Z_SD[0] (55,9) -> (27,16)
Info:                          Sink u_ibex_core.if_stage_i.icache.output_stage.nonheld_rdata_LUT4_Z_16_D_L6MUX21_Z_SD_LUT4_Z_1_D_LUT4_Z_D_L6MUX21_SD_1_D0_PFUMX_Z_ALUT_LUT4_Z.M
Info:                          Defined in:
Info:                               /opt/homebrew/bin/../share/yosys/lattice/cells_map_trellis.v:108.23-108.24
Info:      logic  0.26  21.58 Source u_ibex_core.if_stage_i.icache.output_stage.nonheld_rdata_LUT4_Z_16_D_L6MUX21_Z_SD_LUT4_Z_1_D_LUT4_Z_D_L6MUX21_SD_1_D0_PFUMX_Z_ALUT_LUT4_Z.OFX
Info:    routing  0.72  22.31 Net u_ibex_core.if_stage_i.cd.instr_i_LUT4_Z_2_D_PFUMX_Z_C0[4] (27,16) -> (25,15)
Info:                          Sink u_ibex_core.if_stage_i.cd.instr_i_LUT4_Z_2_D_PFUMX_Z_BLUT_LUT4_Z.M
Info:                          Defined in:
Info:                               /opt/homebrew/bin/../share/yosys/lattice/cells_map_trellis.v:108.23-108.24
Info:      logic  0.26  22.56 Source u_ibex_core.if_stage_i.cd.instr_i_LUT4_Z_2_D_PFUMX_Z_BLUT_LUT4_Z.OFX
Info:    routing  1.25  23.82 Net u_ibex_core.if_stage_i.cd.instr_i_LUT4_Z_2_D[5] (25,15) -> (15,16)
Info:                          Sink u_ibex_core.if_stage_i.cd.instr_i_LUT4_Z_2.D
Info:                          Defined in:
Info:                               /opt/homebrew/bin/../share/yosys/lattice/cells_map_trellis.v:108.23-108.24
Info:      logic  0.24  24.05 Source u_ibex_core.if_stage_i.cd.instr_i_LUT4_Z_2.F
Info:    routing  1.00  25.05 Net u_ibex_core.if_stage_i.fetch_rdata[5] (15,16) -> (11,16)
Info:                          Sink u_ibex_core.if_stage_i.instr_decompressed_PFUMX_Z_1_C0_PFUMX_Z_C0_LUT4_Z.D
Info:                          Defined in:
Info:                               /opt/homebrew/bin/../share/yosys/lattice/cells_map_trellis.v:108.23-108.24
Info:      logic  0.24  25.29 Source u_ibex_core.if_stage_i.instr_decompressed_PFUMX_Z_1_C0_PFUMX_Z_C0_LUT4_Z.F
Info:    routing  1.18  26.47 Net u_ibex_core.if_stage_i.illegal_c_insn_PFUMX_Z_C0_LUT4_Z_1_C_LUT4_Z_D_LUT4_B_Z_LUT4_Z_C_LUT4_B_Z_PFUMX_Z_C0_PFUMX_Z_C0[2] (11,16) -> (14,17)
Info:                          Sink u_ibex_core.if_stage_i.instr_decompressed_PFUMX_Z_1_C0_PFUMX_Z_C0_LUT4_D.D
Info:                          Defined in:
Info:                               /opt/homebrew/bin/../share/yosys/lattice/cells_map_trellis.v:108.23-108.24
Info:      logic  0.24  26.70 Source u_ibex_core.if_stage_i.instr_decompressed_PFUMX_Z_1_C0_PFUMX_Z_C0_LUT4_D.F
Info:    routing  1.01  27.71 Net u_ibex_core.if_stage_i.instr_decompressed_PFUMX_Z_1_C0_PFUMX_Z_C0_LUT4_D_Z[3] (14,17) -> (13,14)
Info:                          Sink u_ibex_core.if_stage_i.instr_decompressed_PFUMX_Z_4_C0_PFUMX_Z_ALUT_LUT4_Z_D_PFUMX_Z_ALUT_LUT4_Z.D
Info:                          Defined in:
Info:                               /opt/homebrew/bin/../share/yosys/lattice/cells_map_trellis.v:108.23-108.24
Info:      logic  0.24  27.95 Source u_ibex_core.if_stage_i.instr_decompressed_PFUMX_Z_4_C0_PFUMX_Z_ALUT_LUT4_Z_D_PFUMX_Z_ALUT_LUT4_Z.F
Info:    routing  0.00  27.95 Net u_ibex_core.if_stage_i.instr_decompressed_PFUMX_Z_4_C0_PFUMX_Z_ALUT_LUT4_Z_D_PFUMX_Z_ALUT (13,14) -> (13,14)
Info:                          Sink u_ibex_core.if_stage_i.instr_decompressed_PFUMX_Z_4_C0_PFUMX_Z_ALUT_LUT4_Z_D_PFUMX_Z_BLUT_LUT4_Z.F1
Info:                          Defined in:
Info:                               /opt/homebrew/bin/../share/yosys/lattice/cells_map_trellis.v:133.22-133.24
Info:      logic  0.17  28.11 Source u_ibex_core.if_stage_i.instr_decompressed_PFUMX_Z_4_C0_PFUMX_Z_ALUT_LUT4_Z_D_PFUMX_Z_BLUT_LUT4_Z.OFX
Info:    routing  0.68  28.79 Net u_ibex_core.if_stage_i.instr_decompressed_PFUMX_Z_4_C0_PFUMX_Z_ALUT_LUT4_Z_D[4] (13,14) -> (13,13)
Info:                          Sink u_ibex_core.if_stage_i.icache.output_stage.nonheld_rdata_LUT4_Z_7_D_LUT4_D_Z_LUT4_Z_2_C_LUT4_C_Z_LUT4_Z_2_C_LUT4_D_Z_LUT4_Z_D_LUT4_D_Z_LUT4_D_Z_PFUMX_C0_Z_PFUMX_Z_BLUT_LUT4_Z.M
Info:                          Defined in:
Info:                               /opt/homebrew/bin/../share/yosys/lattice/cells_map_trellis.v:108.23-108.24
Info:      logic  0.26  29.05 Source u_ibex_core.if_stage_i.icache.output_stage.nonheld_rdata_LUT4_Z_7_D_LUT4_D_Z_LUT4_Z_2_C_LUT4_C_Z_LUT4_Z_2_C_LUT4_D_Z_LUT4_Z_D_LUT4_D_Z_LUT4_D_Z_PFUMX_C0_Z_PFUMX_Z_BLUT_LUT4_Z.OFX
Info:    routing  0.96  30.01 Net u_ibex_core.if_stage_i.icache.output_stage.nonheld_rdata_LUT4_Z_7_D_LUT4_D_Z_LUT4_Z_2_C_LUT4_C_Z_LUT4_Z_2_C_LUT4_D_Z_LUT4_Z_D_LUT4_D_Z_LUT4_D_Z_PFUMX_C0_Z[4] (13,13) -> (9,15)
Info:                          Sink u_ibex_core.if_stage_i.instr_decompressed_L6MUX21_Z_1_D1_PFUMX_Z_BLUT_LUT4_Z.M
Info:                          Defined in:
Info:                               /opt/homebrew/bin/../share/yosys/lattice/cells_map_trellis.v:108.23-108.24
Info:      logic  0.26  30.27 Source u_ibex_core.if_stage_i.instr_decompressed_L6MUX21_Z_1_D1_PFUMX_Z_BLUT_LUT4_Z.OFX
Info:    routing  0.00  30.27 Net u_ibex_core.if_stage_i.instr_decompressed_L6MUX21_Z_1_D1 (9,15) -> (9,15)
Info:                          Sink u_ibex_core.if_stage_i.instr_decompressed_L6MUX21_Z_1_D1_PFUMX_Z_ALUT_LUT4_Z.FXB
Info:                          Defined in:
Info:                               /opt/homebrew/bin/../share/yosys/lattice/cells_map_trellis.v:141.38-141.40
Info:      logic  0.24  30.51 Source u_ibex_core.if_stage_i.instr_decompressed_L6MUX21_Z_1_D1_PFUMX_Z_ALUT_LUT4_Z.OFX
Info:    routing  2.76  33.27 Net u_ibex_core.if_stage_i.instr_decompressed[15] (9,15) -> (32,33)
Info:                          Sink u_ibex_core.if_stage_i.instr_rdata_alu_id_o_TRELLIS_FF_Q_14.M
Info:                          Defined in:
Info:                               ${REPO_ROOT}/flow/out/arch/ibex_top.v:14018.14-14018.32
Info:      setup  0.00  33.27 Source u_ibex_core.if_stage_i.instr_rdata_alu_id_o_TRELLIS_FF_Q_14.M
Info: 12.25 ns logic, 21.02 ns routing

Warning: Max frequency for clock 'clk_i': 30.06 MHz (FAIL at 50.00 MHz)

Info: Slack histogram:
Info:  legend: * represents 34 endpoint(s)
Info:          + represents [1,34) endpoint(s)
Info: [-13269, -11652) |*+
Info: [-11652, -10035) |*******************+
Info: [-10035,  -8418) |************************************************************ 
Info: [ -8418,  -6801) |*******************+
Info: [ -6801,  -5184) |*************+
Info: [ -5184,  -3567) |**********+
Info: [ -3567,  -1950) |****+
Info: [ -1950,   -333) |**************+
Info: [  -333,   1284) |*****+
Info: [  1284,   2901) |***+
Info: [  2901,   4518) |******+
Info: [  4518,   6135) |*****************+
Info: [  6135,   7752) |***********+
Info: [  7752,   9369) |*+
Info: [  9369,  10986) |+
Info: [ 10986,  12603) |*+
Info: [ 12603,  14220) |*+
Info: [ 14220,  15837) |+
Info: [ 15837,  17454) |**+
Info: [ 17454,  19071) |***+
2001 warnings, 0 errors

Info: Program finished normally.
