Info: constraining clock net 'clk_i' to 50.00 MHz
Warning: IO 'test_en_i' is unconstrained in LPF and will be automatically placed
Warning: IO 'scramble_req_o' is unconstrained in LPF and will be automatically placed
Warning: IO 'scramble_nonce_i[63]' is unconstrained in LPF and will be automatically placed
Warning: IO 'scramble_nonce_i[62]' is unconstrained in LPF and will be automatically placed
Warning: IO 'scramble_nonce_i[61]' is unconstrained in LPF and will be automatically placed
Warning: IO 'scramble_nonce_i[60]' is unconstrained in LPF and will be automatically placed
Warning: IO 'scramble_nonce_i[59]' is unconstrained in LPF and will be automatically placed
Warning: IO 'scramble_nonce_i[58]' is unconstrained in LPF and will be automatically placed
Warning: IO 'scramble_nonce_i[57]' is unconstrained in LPF and will be automatically placed
Warning: IO 'scramble_nonce_i[56]' is unconstrained in LPF and will be automatically placed
Warning: IO 'scramble_nonce_i[55]' is unconstrained in LPF and will be automatically placed
Warning: IO 'scramble_nonce_i[54]' is unconstrained in LPF and will be automatically placed
Warning: IO 'scramble_nonce_i[53]' is unconstrained in LPF and will be automatically placed
Warning: IO 'scramble_nonce_i[52]' is unconstrained in LPF and will be automatically placed
Warning: IO 'scramble_nonce_i[51]' is unconstrained in LPF and will be automatically placed
Warning: IO 'scramble_nonce_i[50]' is unconstrained in LPF and will be automatically placed
Warning: IO 'scramble_nonce_i[49]' is unconstrained in LPF and will be automatically placed
Warning: IO 'scramble_nonce_i[48]' is unconstrained in LPF and will be automatically placed
Warning: IO 'scramble_nonce_i[47]' is unconstrained in LPF and will be automatically placed
Warning: IO 'scramble_nonce_i[46]' is unconstrained in LPF and will be automatically placed
Warning: IO 'scramble_nonce_i[45]' is unconstrained in LPF and will be automatically placed
Warning: IO 'scramble_nonce_i[44]' is unconstrained in LPF and will be automatically placed
Warning: IO 'scramble_nonce_i[43]' is unconstrained in LPF and will be automatically placed
Warning: IO 'scramble_nonce_i[42]' is unconstrained in LPF and will be automatically placed
Warning: IO 'scramble_nonce_i[41]' is unconstrained in LPF and will be automatically placed
Warning: IO 'scramble_nonce_i[40]' is unconstrained in LPF and will be automatically placed
Warning: IO 'scramble_nonce_i[39]' is unconstrained in LPF and will be automatically placed
Warning: IO 'scramble_nonce_i[38]' is unconstrained in LPF and will be automatically placed
Warning: IO 'scramble_nonce_i[37]' is unconstrained in LPF and will be automatically placed
Warning: IO 'scramble_nonce_i[36]' is unconstrained in LPF and will be automatically placed
Warning: IO 'scramble_nonce_i[35]' is unconstrained in LPF and will be automatically placed
Warning: IO 'scramble_nonce_i[34]' is unconstrained in LPF and will be automatically placed
Warning: IO 'scramble_nonce_i[33]' is unconstrained in LPF and will be automatically placed
Warning: IO 'scramble_nonce_i[32]' is unconstrained in LPF and will be automatically placed
Warning: IO 'scramble_nonce_i[31]' is unconstrained in LPF and will be automatically placed
Warning: IO 'scramble_nonce_i[30]' is unconstrained in LPF and will be automatically placed
Warning: IO 'scramble_nonce_i[29]' is unconstrained in LPF and will be automatically placed
Warning: IO 'scramble_nonce_i[28]' is unconstrained in LPF and will be automatically placed
Warning: IO 'scramble_nonce_i[27]' is unconstrained in LPF and will be automatically placed
Warning: IO 'scramble_nonce_i[26]' is unconstrained in LPF and will be automatically placed
Warning: IO 'scramble_nonce_i[25]' is unconstrained in LPF and will be automatically placed
Warning: IO 'scramble_nonce_i[24]' is unconstrained in LPF and will be automatically placed
Warning: IO 'scramble_nonce_i[23]' is unconstrained in LPF and will be automatically placed
Warning: IO 'scramble_nonce_i[22]' is unconstrained in LPF and will be automatically placed
Warning: IO 'scramble_nonce_i[21]' is unconstrained in LPF and will be automatically placed
Warning: IO 'scramble_nonce_i[20]' is unconstrained in LPF and will be automatically placed
Warning: IO 'scramble_nonce_i[19]' is unconstrained in LPF and will be automatically placed
Warning: IO 'scramble_nonce_i[18]' is unconstrained in LPF and will be automatically placed
Warning: IO 'scramble_nonce_i[17]' is unconstrained in LPF and will be automatically placed
Warning: IO 'scramble_nonce_i[16]' is unconstrained in LPF and will be automatically placed
Warning: IO 'scramble_nonce_i[15]' is unconstrained in LPF and will be automatically placed
Warning: IO 'scramble_nonce_i[14]' is unconstrained in LPF and will be automatically placed
Warning: IO 'scramble_nonce_i[13]' is unconstrained in LPF and will be automatically placed
Warning: IO 'scramble_nonce_i[12]' is unconstrained in LPF and will be automatically placed
Warning: IO 'scramble_nonce_i[11]' is unconstrained in LPF and will be automatically placed
Warning: IO 'scramble_nonce_i[10]' is unconstrained in LPF and will be automatically placed
Warning: IO 'scramble_nonce_i[9]' is unconstrained in LPF and will be automatically placed
Warning: IO 'scramble_nonce_i[8]' is unconstrained in LPF and will be automatically placed
Warning: IO 'scramble_nonce_i[7]' is unconstrained in LPF and will be automatically placed
Warning: IO 'scramble_nonce_i[6]' is unconstrained in LPF and will be automatically placed
Warning: IO 'scramble_nonce_i[5]' is unconstrained in LPF and will be automatically placed
Warning: IO 'scramble_nonce_i[4]' is unconstrained in LPF and will be automatically placed
Warning: IO 'scramble_nonce_i[3]' is unconstrained in LPF and will be automatically placed
Warning: IO 'scramble_nonce_i[2]' is unconstrained in LPF and will be automatically placed
Warning: IO 'scramble_nonce_i[1]' is unconstrained in LPF and will be automatically placed
Warning: IO 'scramble_nonce_i[0]' is unconstrained in LPF and will be automatically placed
Warning: IO 'scramble_key_valid_i' is unconstrained in LPF and will be automatically placed
Warning: IO 'scramble_key_i[127]' is unconstrained in LPF and will be automatically placed
Warning: IO 'scramble_key_i[126]' is unconstrained in LPF and will be automatically placed
Warning: IO 'scramble_key_i[125]' is unconstrained in LPF and will be automatically placed
Warning: IO 'scramble_key_i[124]' is unconstrained in LPF and will be automatically placed
Warning: IO 'scramble_key_i[123]' is unconstrained in LPF and will be automatically placed
Warning: IO 'scramble_key_i[122]' is unconstrained in LPF and will be automatically placed
Warning: IO 'scramble_key_i[121]' is unconstrained in LPF and will be automatically placed
Warning: IO 'scramble_key_i[120]' is unconstrained in LPF and will be automatically placed
Warning: IO 'scramble_key_i[119]' is unconstrained in LPF and will be automatically placed
Warning: IO 'scramble_key_i[118]' is unconstrained in LPF and will be automatically placed
Warning: IO 'scramble_key_i[117]' is unconstrained in LPF and will be automatically placed
Warning: IO 'scramble_key_i[116]' is unconstrained in LPF and will be automatically placed
Warning: IO 'scramble_key_i[115]' is unconstrained in LPF and will be automatically placed
Warning: IO 'scramble_key_i[114]' is unconstrained in LPF and will be automatically placed
Warning: IO 'scramble_key_i[113]' is unconstrained in LPF and will be automatically placed
Warning: IO 'scramble_key_i[112]' is unconstrained in LPF and will be automatically placed
Warning: IO 'scramble_key_i[111]' is unconstrained in LPF and will be automatically placed
Warning: IO 'scramble_key_i[110]' is unconstrained in LPF and will be automatically placed
Warning: IO 'scramble_key_i[109]' is unconstrained in LPF and will be automatically placed
Warning: IO 'scramble_key_i[108]' is unconstrained in LPF and will be automatically placed
Warning: IO 'scramble_key_i[107]' is unconstrained in LPF and will be automatically placed
Warning: IO 'scramble_key_i[106]' is unconstrained in LPF and will be automatically placed
Warning: IO 'scramble_key_i[105]' is unconstrained in LPF and will be automatically placed
Warning: IO 'scramble_key_i[104]' is unconstrained in LPF and will be automatically placed
Warning: IO 'scramble_key_i[103]' is unconstrained in LPF and will be automatically placed
Warning: IO 'scramble_key_i[102]' is unconstrained in LPF and will be automatically placed
Warning: IO 'scramble_key_i[101]' is unconstrained in LPF and will be automatically placed
Warning: IO 'scramble_key_i[100]' is unconstrained in LPF and will be automatically placed
Warning: IO 'scramble_key_i[99]' is unconstrained in LPF and will be automatically placed
Warning: IO 'scramble_key_i[98]' is unconstrained in LPF and will be automatically placed
Warning: IO 'scramble_key_i[97]' is unconstrained in LPF and will be automatically placed
Warning: IO 'scramble_key_i[96]' is unconstrained in LPF and will be automatically placed
Warning: IO 'scramble_key_i[95]' is unconstrained in LPF and will be automatically placed
Warning: IO 'scramble_key_i[94]' is unconstrained in LPF and will be automatically placed
Warning: IO 'scramble_key_i[93]' is unconstrained in LPF and will be automatically placed
Warning: IO 'scramble_key_i[92]' is unconstrained in LPF and will be automatically placed
Warning: IO 'scramble_key_i[91]' is unconstrained in LPF and will be automatically placed
Warning: IO 'scramble_key_i[90]' is unconstrained in LPF and will be automatically placed
Warning: IO 'scramble_key_i[89]' is unconstrained in LPF and will be automatically placed
Warning: IO 'scramble_key_i[88]' is unconstrained in LPF and will be automatically placed
Warning: IO 'scramble_key_i[87]' is unconstrained in LPF and will be automatically placed
Warning: IO 'scramble_key_i[86]' is unconstrained in LPF and will be automatically placed
Warning: IO 'scramble_key_i[85]' is unconstrained in LPF and will be automatically placed
Warning: IO 'scramble_key_i[84]' is unconstrained in LPF and will be automatically placed
Warning: IO 'scramble_key_i[83]' is unconstrained in LPF and will be automatically placed
Warning: IO 'scramble_key_i[82]' is unconstrained in LPF and will be automatically placed
Warning: IO 'scramble_key_i[81]' is unconstrained in LPF and will be automatically placed
Warning: IO 'scramble_key_i[80]' is unconstrained in LPF and will be automatically placed
Warning: IO 'scramble_key_i[79]' is unconstrained in LPF and will be automatically placed
Warning: IO 'scramble_key_i[78]' is unconstrained in LPF and will be automatically placed
Warning: IO 'scramble_key_i[77]' is unconstrained in LPF and will be automatically placed
Warning: IO 'scramble_key_i[76]' is unconstrained in LPF and will be automatically placed
Warning: IO 'scramble_key_i[75]' is unconstrained in LPF and will be automatically placed
Warning: IO 'scramble_key_i[74]' is unconstrained in LPF and will be automatically placed
Warning: IO 'scramble_key_i[73]' is unconstrained in LPF and will be automatically placed
Warning: IO 'scramble_key_i[72]' is unconstrained in LPF and will be automatically placed
Warning: IO 'scramble_key_i[71]' is unconstrained in LPF and will be automatically placed
Warning: IO 'scramble_key_i[70]' is unconstrained in LPF and will be automatically placed
Warning: IO 'scramble_key_i[69]' is unconstrained in LPF and will be automatically placed
Warning: IO 'scramble_key_i[68]' is unconstrained in LPF and will be automatically placed
Warning: IO 'scramble_key_i[67]' is unconstrained in LPF and will be automatically placed
Warning: IO 'scramble_key_i[66]' is unconstrained in LPF and will be automatically placed
Warning: IO 'scramble_key_i[65]' is unconstrained in LPF and will be automatically placed
Warning: IO 'scramble_key_i[64]' is unconstrained in LPF and will be automatically placed
Warning: IO 'scramble_key_i[63]' is unconstrained in LPF and will be automatically placed
Warning: IO 'scramble_key_i[62]' is unconstrained in LPF and will be automatically placed
Warning: IO 'scramble_key_i[61]' is unconstrained in LPF and will be automatically placed
Warning: IO 'scramble_key_i[60]' is unconstrained in LPF and will be automatically placed
Warning: IO 'scramble_key_i[59]' is unconstrained in LPF and will be automatically placed
Warning: IO 'scramble_key_i[58]' is unconstrained in LPF and will be automatically placed
Warning: IO 'scramble_key_i[57]' is unconstrained in LPF and will be automatically placed
Warning: IO 'scramble_key_i[56]' is unconstrained in LPF and will be automatically placed
Warning: IO 'scramble_key_i[55]' is unconstrained in LPF and will be automatically placed
Warning: IO 'scramble_key_i[54]' is unconstrained in LPF and will be automatically placed
Warning: IO 'scramble_key_i[53]' is unconstrained in LPF and will be automatically placed
Warning: IO 'scramble_key_i[52]' is unconstrained in LPF and will be automatically placed
Warning: IO 'scramble_key_i[51]' is unconstrained in LPF and will be automatically placed
Warning: IO 'scramble_key_i[50]' is unconstrained in LPF and will be automatically placed
Warning: IO 'scramble_key_i[49]' is unconstrained in LPF and will be automatically placed
Warning: IO 'scramble_key_i[48]' is unconstrained in LPF and will be automatically placed
Warning: IO 'scramble_key_i[47]' is unconstrained in LPF and will be automatically placed
Warning: IO 'scramble_key_i[46]' is unconstrained in LPF and will be automatically placed
Warning: IO 'scramble_key_i[45]' is unconstrained in LPF and will be automatically placed
Warning: IO 'scramble_key_i[44]' is unconstrained in LPF and will be automatically placed
Warning: IO 'scramble_key_i[43]' is unconstrained in LPF and will be automatically placed
Warning: IO 'scramble_key_i[42]' is unconstrained in LPF and will be automatically placed
Warning: IO 'scramble_key_i[41]' is unconstrained in LPF and will be automatically placed
Warning: IO 'scramble_key_i[40]' is unconstrained in LPF and will be automatically placed
Warning: IO 'scramble_key_i[39]' is unconstrained in LPF and will be automatically placed
Warning: IO 'scramble_key_i[38]' is unconstrained in LPF and will be automatically placed
Warning: IO 'scramble_key_i[37]' is unconstrained in LPF and will be automatically placed
Warning: IO 'scramble_key_i[36]' is unconstrained in LPF and will be automatically placed
Warning: IO 'scramble_key_i[35]' is unconstrained in LPF and will be automatically placed
Warning: IO 'scramble_key_i[34]' is unconstrained in LPF and will be automatically placed
Warning: IO 'scramble_key_i[33]' is unconstrained in LPF and will be automatically placed
Warning: IO 'scramble_key_i[32]' is unconstrained in LPF and will be automatically placed
Warning: IO 'scramble_key_i[31]' is unconstrained in LPF and will be automatically placed
Warning: IO 'scramble_key_i[30]' is unconstrained in LPF and will be automatically placed
Warning: IO 'scramble_key_i[29]' is unconstrained in LPF and will be automatically placed
Warning: IO 'scramble_key_i[28]' is unconstrained in LPF and will be automatically placed
Warning: IO 'scramble_key_i[27]' is unconstrained in LPF and will be automatically placed
Warning: IO 'scramble_key_i[26]' is unconstrained in LPF and will be automatically placed
Warning: IO 'scramble_key_i[25]' is unconstrained in LPF and will be automatically placed
Warning: IO 'scramble_key_i[24]' is unconstrained in LPF and will be automatically placed
Warning: IO 'scramble_key_i[23]' is unconstrained in LPF and will be automatically placed
Warning: IO 'scramble_key_i[22]' is unconstrained in LPF and will be automatically placed
Warning: IO 'scramble_key_i[21]' is unconstrained in LPF and will be automatically placed
Warning: IO 'scramble_key_i[20]' is unconstrained in LPF and will be automatically placed
Warning: IO 'scramble_key_i[19]' is unconstrained in LPF and will be automatically placed
Warning: IO 'scramble_key_i[18]' is unconstrained in LPF and will be automatically placed
Warning: IO 'scramble_key_i[17]' is unconstrained in LPF and will be automatically placed
Warning: IO 'scramble_key_i[16]' is unconstrained in LPF and will be automatically placed
Warning: IO 'scramble_key_i[15]' is unconstrained in LPF and will be automatically placed
Warning: IO 'scramble_key_i[14]' is unconstrained in LPF and will be automatically placed
Warning: IO 'scramble_key_i[13]' is unconstrained in LPF and will be automatically placed
Warning: IO 'scramble_key_i[12]' is unconstrained in LPF and will be automatically placed
Warning: IO 'scramble_key_i[11]' is unconstrained in LPF and will be automatically placed
Warning: IO 'scramble_key_i[10]' is unconstrained in LPF and will be automatically placed
Warning: IO 'scramble_key_i[9]' is unconstrained in LPF and will be automatically placed
Warning: IO 'scramble_key_i[8]' is unconstrained in LPF and will be automatically placed
Warning: IO 'scramble_key_i[7]' is unconstrained in LPF and will be automatically placed
Warning: IO 'scramble_key_i[6]' is unconstrained in LPF and will be automatically placed
Warning: IO 'scramble_key_i[5]' is unconstrained in LPF and will be automatically placed
Warning: IO 'scramble_key_i[4]' is unconstrained in LPF and will be automatically placed
Warning: IO 'scramble_key_i[3]' is unconstrained in LPF and will be automatically placed
Warning: IO 'scramble_key_i[2]' is unconstrained in LPF and will be automatically placed
Warning: IO 'scramble_key_i[1]' is unconstrained in LPF and will be automatically placed
Warning: IO 'scramble_key_i[0]' is unconstrained in LPF and will be automatically placed
Warning: IO 'scan_rst_ni' is unconstrained in LPF and will be automatically placed
Warning: IO 'rvfi_valid' is unconstrained in LPF and will be automatically placed
Warning: IO 'rvfi_trap' is unconstrained in LPF and will be automatically placed
Warning: IO 'rvfi_rs3_rdata[31]' is unconstrained in LPF and will be automatically placed
Warning: IO 'rvfi_rs3_rdata[30]' is unconstrained in LPF and will be automatically placed
Warning: IO 'rvfi_rs3_rdata[29]' is unconstrained in LPF and will be automatically placed
Warning: IO 'rvfi_rs3_rdata[28]' is unconstrained in LPF and will be automatically placed
Warning: IO 'rvfi_rs3_rdata[27]' is unconstrained in LPF and will be automatically placed
Warning: IO 'rvfi_rs3_rdata[26]' is unconstrained in LPF and will be automatically placed
Warning: IO 'rvfi_rs3_rdata[25]' is unconstrained in LPF and will be automatically placed
Warning: IO 'rvfi_rs3_rdata[24]' is unconstrained in LPF and will be automatically placed
Warning: IO 'rvfi_rs3_rdata[23]' is unconstrained in LPF and will be automatically placed
Warning: IO 'rvfi_rs3_rdata[22]' is unconstrained in LPF and will be automatically placed
Warning: IO 'rvfi_rs3_rdata[21]' is unconstrained in LPF and will be automatically placed
Warning: IO 'rvfi_rs3_rdata[20]' is unconstrained in LPF and will be automatically placed
Warning: IO 'rvfi_rs3_rdata[19]' is unconstrained in LPF and will be automatically placed
Warning: IO 'rvfi_rs3_rdata[18]' is unconstrained in LPF and will be automatically placed
Warning: IO 'rvfi_rs3_rdata[17]' is unconstrained in LPF and will be automatically placed
Warning: IO 'rvfi_rs3_rdata[16]' is unconstrained in LPF and will be automatically placed
Warning: IO 'rvfi_rs3_rdata[15]' is unconstrained in LPF and will be automatically placed
Warning: IO 'rvfi_rs3_rdata[14]' is unconstrained in LPF and will be automatically placed
Warning: IO 'rvfi_rs3_rdata[13]' is unconstrained in LPF and will be automatically placed
Warning: IO 'rvfi_rs3_rdata[12]' is unconstrained in LPF and will be automatically placed
Warning: IO 'rvfi_rs3_rdata[11]' is unconstrained in LPF and will be automatically placed
Warning: IO 'rvfi_rs3_rdata[10]' is unconstrained in LPF and will be automatically placed
Warning: IO 'rvfi_rs3_rdata[9]' is unconstrained in LPF and will be automatically placed
Warning: IO 'rvfi_rs3_rdata[8]' is unconstrained in LPF and will be automatically placed
Warning: IO 'rvfi_rs3_rdata[7]' is unconstrained in LPF and will be automatically placed
Warning: IO 'rvfi_rs3_rdata[6]' is unconstrained in LPF and will be automatically placed
Warning: IO 'rvfi_rs3_rdata[5]' is unconstrained in LPF and will be automatically placed
Warning: IO 'rvfi_rs3_rdata[4]' is unconstrained in LPF and will be automatically placed
Warning: IO 'rvfi_rs3_rdata[3]' is unconstrained in LPF and will be automatically placed
Warning: IO 'rvfi_rs3_rdata[2]' is unconstrained in LPF and will be automatically placed
Warning: IO 'rvfi_rs3_rdata[1]' is unconstrained in LPF and will be automatically placed
Warning: IO 'rvfi_rs3_rdata[0]' is unconstrained in LPF and will be automatically placed
Warning: IO 'rvfi_rs3_addr[4]' is unconstrained in LPF and will be automatically placed
Warning: IO 'rvfi_rs3_addr[3]' is unconstrained in LPF and will be automatically placed
Warning: IO 'rvfi_rs3_addr[2]' is unconstrained in LPF and will be automatically placed
Warning: IO 'rvfi_rs3_addr[1]' is unconstrained in LPF and will be automatically placed
Warning: IO 'rvfi_rs3_addr[0]' is unconstrained in LPF and will be automatically placed
Warning: IO 'rvfi_rs2_rdata[31]' is unconstrained in LPF and will be automatically placed
Warning: IO 'rvfi_rs2_rdata[30]' is unconstrained in LPF and will be automatically placed
Warning: IO 'rvfi_rs2_rdata[29]' is unconstrained in LPF and will be automatically placed
Warning: IO 'rvfi_rs2_rdata[28]' is unconstrained in LPF and will be automatically placed
Warning: IO 'rvfi_rs2_rdata[27]' is unconstrained in LPF and will be automatically placed
Warning: IO 'rvfi_rs2_rdata[26]' is unconstrained in LPF and will be automatically placed
Warning: IO 'rvfi_rs2_rdata[25]' is unconstrained in LPF and will be automatically placed
Warning: IO 'rvfi_rs2_rdata[24]' is unconstrained in LPF and will be automatically placed
Warning: IO 'rvfi_rs2_rdata[23]' is unconstrained in LPF and will be automatically placed
Warning: IO 'rvfi_rs2_rdata[22]' is unconstrained in LPF and will be automatically placed
Warning: IO 'rvfi_rs2_rdata[21]' is unconstrained in LPF and will be automatically placed
Warning: IO 'rvfi_rs2_rdata[20]' is unconstrained in LPF and will be automatically placed
Warning: IO 'rvfi_rs2_rdata[19]' is unconstrained in LPF and will be automatically placed
Warning: IO 'rvfi_rs2_rdata[18]' is unconstrained in LPF and will be automatically placed
Warning: IO 'rvfi_rs2_rdata[17]' is unconstrained in LPF and will be automatically placed
Warning: IO 'rvfi_rs2_rdata[16]' is unconstrained in LPF and will be automatically placed
Warning: IO 'rvfi_rs2_rdata[15]' is unconstrained in LPF and will be automatically placed
Warning: IO 'rvfi_rs2_rdata[14]' is unconstrained in LPF and will be automatically placed
Warning: IO 'rvfi_rs2_rdata[13]' is unconstrained in LPF and will be automatically placed
Warning: IO 'rvfi_rs2_rdata[12]' is unconstrained in LPF and will be automatically placed
Warning: IO 'rvfi_rs2_rdata[11]' is unconstrained in LPF and will be automatically placed
Warning: IO 'rvfi_rs2_rdata[10]' is unconstrained in LPF and will be automatically placed
Warning: IO 'rvfi_rs2_rdata[9]' is unconstrained in LPF and will be automatically placed
Warning: IO 'rvfi_rs2_rdata[8]' is unconstrained in LPF and will be automatically placed
Warning: IO 'rvfi_rs2_rdata[7]' is unconstrained in LPF and will be automatically placed
Warning: IO 'rvfi_rs2_rdata[6]' is unconstrained in LPF and will be automatically placed
Warning: IO 'rvfi_rs2_rdata[5]' is unconstrained in LPF and will be automatically placed
Warning: IO 'rvfi_rs2_rdata[4]' is unconstrained in LPF and will be automatically placed
Warning: IO 'rvfi_rs2_rdata[3]' is unconstrained in LPF and will be automatically placed
Warning: IO 'rvfi_rs2_rdata[2]' is unconstrained in LPF and will be automatically placed
Warning: IO 'rvfi_rs2_rdata[1]' is unconstrained in LPF and will be automatically placed
Warning: IO 'rvfi_rs2_rdata[0]' is unconstrained in LPF and will be automatically placed
Warning: IO 'rvfi_rs2_addr[4]' is unconstrained in LPF and will be automatically placed
Warning: IO 'rvfi_rs2_addr[3]' is unconstrained in LPF and will be automatically placed
Warning: IO 'rvfi_rs2_addr[2]' is unconstrained in LPF and will be automatically placed
Warning: IO 'rvfi_rs2_addr[1]' is unconstrained in LPF and will be automatically placed
Warning: IO 'rvfi_rs2_addr[0]' is unconstrained in LPF and will be automatically placed
Warning: IO 'rvfi_rs1_rdata[31]' is unconstrained in LPF and will be automatically placed
Warning: IO 'rvfi_rs1_rdata[30]' is unconstrained in LPF and will be automatically placed
Warning: IO 'rvfi_rs1_rdata[29]' is unconstrained in LPF and will be automatically placed
Warning: IO 'rvfi_rs1_rdata[28]' is unconstrained in LPF and will be automatically placed
Warning: IO 'rvfi_rs1_rdata[27]' is unconstrained in LPF and will be automatically placed
Warning: IO 'rvfi_rs1_rdata[26]' is unconstrained in LPF and will be automatically placed
Warning: IO 'rvfi_rs1_rdata[25]' is unconstrained in LPF and will be automatically placed
Warning: IO 'rvfi_rs1_rdata[24]' is unconstrained in LPF and will be automatically placed
Warning: IO 'rvfi_rs1_rdata[23]' is unconstrained in LPF and will be automatically placed
Warning: IO 'rvfi_rs1_rdata[22]' is unconstrained in LPF and will be automatically placed
Warning: IO 'rvfi_rs1_rdata[21]' is unconstrained in LPF and will be automatically placed
Warning: IO 'rvfi_rs1_rdata[20]' is unconstrained in LPF and will be automatically placed
Warning: IO 'rvfi_rs1_rdata[19]' is unconstrained in LPF and will be automatically placed
Warning: IO 'rvfi_rs1_rdata[18]' is unconstrained in LPF and will be automatically placed
Warning: IO 'rvfi_rs1_rdata[17]' is unconstrained in LPF and will be automatically placed
Warning: IO 'rvfi_rs1_rdata[16]' is unconstrained in LPF and will be automatically placed
Warning: IO 'rvfi_rs1_rdata[15]' is unconstrained in LPF and will be automatically placed
Warning: IO 'rvfi_rs1_rdata[14]' is unconstrained in LPF and will be automatically placed
Warning: IO 'rvfi_rs1_rdata[13]' is unconstrained in LPF and will be automatically placed
Warning: IO 'rvfi_rs1_rdata[12]' is unconstrained in LPF and will be automatically placed
Warning: IO 'rvfi_rs1_rdata[11]' is unconstrained in LPF and will be automatically placed
Warning: IO 'rvfi_rs1_rdata[10]' is unconstrained in LPF and will be automatically placed
Warning: IO 'rvfi_rs1_rdata[9]' is unconstrained in LPF and will be automatically placed
Warning: IO 'rvfi_rs1_rdata[8]' is unconstrained in LPF and will be automatically placed
Warning: IO 'rvfi_rs1_rdata[7]' is unconstrained in LPF and will be automatically placed
Warning: IO 'rvfi_rs1_rdata[6]' is unconstrained in LPF and will be automatically placed
Warning: IO 'rvfi_rs1_rdata[5]' is unconstrained in LPF and will be automatically placed
Warning: IO 'rvfi_rs1_rdata[4]' is unconstrained in LPF and will be automatically placed
Warning: IO 'rvfi_rs1_rdata[3]' is unconstrained in LPF and will be automatically placed
Warning: IO 'rvfi_rs1_rdata[2]' is unconstrained in LPF and will be automatically placed
Warning: IO 'rvfi_rs1_rdata[1]' is unconstrained in LPF and will be automatically placed
Warning: IO 'rvfi_rs1_rdata[0]' is unconstrained in LPF and will be automatically placed
Warning: IO 'rvfi_rs1_addr[4]' is unconstrained in LPF and will be automatically placed
Warning: IO 'rvfi_rs1_addr[3]' is unconstrained in LPF and will be automatically placed
Warning: IO 'rvfi_rs1_addr[2]' is unconstrained in LPF and will be automatically placed
Warning: IO 'rvfi_rs1_addr[1]' is unconstrained in LPF and will be automatically placed
Warning: IO 'rvfi_rs1_addr[0]' is unconstrained in LPF and will be automatically placed
Warning: IO 'rvfi_rd_wdata[31]' is unconstrained in LPF and will be automatically placed
Warning: IO 'rvfi_rd_wdata[30]' is unconstrained in LPF and will be automatically placed
Warning: IO 'rvfi_rd_wdata[29]' is unconstrained in LPF and will be automatically placed
Warning: IO 'rvfi_rd_wdata[28]' is unconstrained in LPF and will be automatically placed
Warning: IO 'rvfi_rd_wdata[27]' is unconstrained in LPF and will be automatically placed
Warning: IO 'rvfi_rd_wdata[26]' is unconstrained in LPF and will be automatically placed
Warning: IO 'rvfi_rd_wdata[25]' is unconstrained in LPF and will be automatically placed
Warning: IO 'rvfi_rd_wdata[24]' is unconstrained in LPF and will be automatically placed
Warning: IO 'rvfi_rd_wdata[23]' is unconstrained in LPF and will be automatically placed
Warning: IO 'rvfi_rd_wdata[22]' is unconstrained in LPF and will be automatically placed
Warning: IO 'rvfi_rd_wdata[21]' is unconstrained in LPF and will be automatically placed
Warning: IO 'rvfi_rd_wdata[20]' is unconstrained in LPF and will be automatically placed
Warning: IO 'rvfi_rd_wdata[19]' is unconstrained in LPF and will be automatically placed
Warning: IO 'rvfi_rd_wdata[18]' is unconstrained in LPF and will be automatically placed
Warning: IO 'rvfi_rd_wdata[17]' is unconstrained in LPF and will be automatically placed
Warning: IO 'rvfi_rd_wdata[16]' is unconstrained in LPF and will be automatically placed
Warning: IO 'rvfi_rd_wdata[15]' is unconstrained in LPF and will be automatically placed
Warning: IO 'rvfi_rd_wdata[14]' is unconstrained in LPF and will be automatically placed
Warning: IO 'rvfi_rd_wdata[13]' is unconstrained in LPF and will be automatically placed
Warning: IO 'rvfi_rd_wdata[12]' is unconstrained in LPF and will be automatically placed
Warning: IO 'rvfi_rd_wdata[11]' is unconstrained in LPF and will be automatically placed
Warning: IO 'rvfi_rd_wdata[10]' is unconstrained in LPF and will be automatically placed
Warning: IO 'rvfi_rd_wdata[9]' is unconstrained in LPF and will be automatically placed
Warning: IO 'rvfi_rd_wdata[8]' is unconstrained in LPF and will be automatically placed
Warning: IO 'rvfi_rd_wdata[7]' is unconstrained in LPF and will be automatically placed
Warning: IO 'rvfi_rd_wdata[6]' is unconstrained in LPF and will be automatically placed
Warning: IO 'rvfi_rd_wdata[5]' is unconstrained in LPF and will be automatically placed
Warning: IO 'rvfi_rd_wdata[4]' is unconstrained in LPF and will be automatically placed
Warning: IO 'rvfi_rd_wdata[3]' is unconstrained in LPF and will be automatically placed
Warning: IO 'rvfi_rd_wdata[2]' is unconstrained in LPF and will be automatically placed
Warning: IO 'rvfi_rd_wdata[1]' is unconstrained in LPF and will be automatically placed
Warning: IO 'rvfi_rd_wdata[0]' is unconstrained in LPF and will be automatically placed
Warning: IO 'rvfi_rd_addr[4]' is unconstrained in LPF and will be automatically placed
Warning: IO 'rvfi_rd_addr[3]' is unconstrained in LPF and will be automatically placed
Warning: IO 'rvfi_rd_addr[2]' is unconstrained in LPF and will be automatically placed
Warning: IO 'rvfi_rd_addr[1]' is unconstrained in LPF and will be automatically placed
Warning: IO 'rvfi_rd_addr[0]' is unconstrained in LPF and will be automatically placed
Warning: IO 'rvfi_pc_wdata[31]' is unconstrained in LPF and will be automatically placed
Warning: IO 'rvfi_pc_wdata[30]' is unconstrained in LPF and will be automatically placed
Warning: IO 'rvfi_pc_wdata[29]' is unconstrained in LPF and will be automatically placed
Warning: IO 'rvfi_pc_wdata[28]' is unconstrained in LPF and will be automatically placed
Warning: IO 'rvfi_pc_wdata[27]' is unconstrained in LPF and will be automatically placed
Warning: IO 'rvfi_pc_wdata[26]' is unconstrained in LPF and will be automatically placed
Warning: IO 'rvfi_pc_wdata[25]' is unconstrained in LPF and will be automatically placed
Warning: IO 'rvfi_pc_wdata[24]' is unconstrained in LPF and will be automatically placed
Warning: IO 'rvfi_pc_wdata[23]' is unconstrained in LPF and will be automatically placed
Warning: IO 'rvfi_pc_wdata[22]' is unconstrained in LPF and will be automatically placed
Warning: IO 'rvfi_pc_wdata[21]' is unconstrained in LPF and will be automatically placed
Warning: IO 'rvfi_pc_wdata[20]' is unconstrained in LPF and will be automatically placed
Warning: IO 'rvfi_pc_wdata[19]' is unconstrained in LPF and will be automatically placed
Warning: IO 'rvfi_pc_wdata[18]' is unconstrained in LPF and will be automatically placed
Warning: IO 'rvfi_pc_wdata[17]' is unconstrained in LPF and will be automatically placed
Warning: IO 'rvfi_pc_wdata[16]' is unconstrained in LPF and will be automatically placed
Warning: IO 'rvfi_pc_wdata[15]' is unconstrained in LPF and will be automatically placed
Warning: IO 'rvfi_pc_wdata[14]' is unconstrained in LPF and will be automatically placed
Warning: IO 'rvfi_pc_wdata[13]' is unconstrained in LPF and will be automatically placed
Warning: IO 'rvfi_pc_wdata[12]' is unconstrained in LPF and will be automatically placed
Warning: IO 'rvfi_pc_wdata[11]' is unconstrained in LPF and will be automatically placed
Warning: IO 'rvfi_pc_wdata[10]' is unconstrained in LPF and will be automatically placed
Warning: IO 'rvfi_pc_wdata[9]' is unconstrained in LPF and will be automatically placed
Warning: IO 'rvfi_pc_wdata[8]' is unconstrained in LPF and will be automatically placed
Warning: IO 'rvfi_pc_wdata[7]' is unconstrained in LPF and will be automatically placed
Warning: IO 'rvfi_pc_wdata[6]' is unconstrained in LPF and will be automatically placed
Warning: IO 'rvfi_pc_wdata[5]' is unconstrained in LPF and will be automatically placed
Warning: IO 'rvfi_pc_wdata[4]' is unconstrained in LPF and will be automatically placed
Warning: IO 'rvfi_pc_wdata[3]' is unconstrained in LPF and will be automatically placed
Warning: IO 'rvfi_pc_wdata[2]' is unconstrained in LPF and will be automatically placed
Warning: IO 'rvfi_pc_wdata[1]' is unconstrained in LPF and will be automatically placed
Warning: IO 'rvfi_pc_wdata[0]' is unconstrained in LPF and will be automatically placed
Warning: IO 'rvfi_pc_rdata[31]' is unconstrained in LPF and will be automatically placed
Warning: IO 'rvfi_pc_rdata[30]' is unconstrained in LPF and will be automatically placed
Warning: IO 'rvfi_pc_rdata[29]' is unconstrained in LPF and will be automatically placed
Warning: IO 'rvfi_pc_rdata[28]' is unconstrained in LPF and will be automatically placed
Warning: IO 'rvfi_pc_rdata[27]' is unconstrained in LPF and will be automatically placed
Warning: IO 'rvfi_pc_rdata[26]' is unconstrained in LPF and will be automatically placed
Warning: IO 'rvfi_pc_rdata[25]' is unconstrained in LPF and will be automatically placed
Warning: IO 'rvfi_pc_rdata[24]' is unconstrained in LPF and will be automatically placed
Warning: IO 'rvfi_pc_rdata[23]' is unconstrained in LPF and will be automatically placed
Warning: IO 'rvfi_pc_rdata[22]' is unconstrained in LPF and will be automatically placed
Warning: IO 'rvfi_pc_rdata[21]' is unconstrained in LPF and will be automatically placed
Warning: IO 'rvfi_pc_rdata[20]' is unconstrained in LPF and will be automatically placed
Warning: IO 'rvfi_pc_rdata[19]' is unconstrained in LPF and will be automatically placed
Warning: IO 'rvfi_pc_rdata[18]' is unconstrained in LPF and will be automatically placed
Warning: IO 'rvfi_pc_rdata[17]' is unconstrained in LPF and will be automatically placed
Warning: IO 'rvfi_pc_rdata[16]' is unconstrained in LPF and will be automatically placed
Warning: IO 'rvfi_pc_rdata[15]' is unconstrained in LPF and will be automatically placed
Warning: IO 'rvfi_pc_rdata[14]' is unconstrained in LPF and will be automatically placed
Warning: IO 'rvfi_pc_rdata[13]' is unconstrained in LPF and will be automatically placed
Warning: IO 'rvfi_pc_rdata[12]' is unconstrained in LPF and will be automatically placed
Warning: IO 'rvfi_pc_rdata[11]' is unconstrained in LPF and will be automatically placed
Warning: IO 'rvfi_pc_rdata[10]' is unconstrained in LPF and will be automatically placed
Warning: IO 'rvfi_pc_rdata[9]' is unconstrained in LPF and will be automatically placed
Warning: IO 'rvfi_pc_rdata[8]' is unconstrained in LPF and will be automatically placed
Warning: IO 'rvfi_pc_rdata[7]' is unconstrained in LPF and will be automatically placed
Warning: IO 'rvfi_pc_rdata[6]' is unconstrained in LPF and will be automatically placed
Warning: IO 'rvfi_pc_rdata[5]' is unconstrained in LPF and will be automatically placed
Warning: IO 'rvfi_pc_rdata[4]' is unconstrained in LPF and will be automatically placed
Warning: IO 'rvfi_pc_rdata[3]' is unconstrained in LPF and will be automatically placed
Warning: IO 'rvfi_pc_rdata[2]' is unconstrained in LPF and will be automatically placed
Warning: IO 'rvfi_pc_rdata[1]' is unconstrained in LPF and will be automatically placed
Warning: IO 'rvfi_pc_rdata[0]' is unconstrained in LPF and will be automatically placed
Warning: IO 'rvfi_order[63]' is unconstrained in LPF and will be automatically placed
Warning: IO 'rvfi_order[62]' is unconstrained in LPF and will be automatically placed
Warning: IO 'rvfi_order[61]' is unconstrained in LPF and will be automatically placed
Warning: IO 'rvfi_order[60]' is unconstrained in LPF and will be automatically placed
Warning: IO 'rvfi_order[59]' is unconstrained in LPF and will be automatically placed
Warning: IO 'rvfi_order[58]' is unconstrained in LPF and will be automatically placed
Warning: IO 'rvfi_order[57]' is unconstrained in LPF and will be automatically placed
Warning: IO 'rvfi_order[56]' is unconstrained in LPF and will be automatically placed
Warning: IO 'rvfi_order[55]' is unconstrained in LPF and will be automatically placed
Warning: IO 'rvfi_order[54]' is unconstrained in LPF and will be automatically placed
Warning: IO 'rvfi_order[53]' is unconstrained in LPF and will be automatically placed
Warning: IO 'rvfi_order[52]' is unconstrained in LPF and will be automatically placed
Warning: IO 'rvfi_order[51]' is unconstrained in LPF and will be automatically placed
Warning: IO 'rvfi_order[50]' is unconstrained in LPF and will be automatically placed
Warning: IO 'rvfi_order[49]' is unconstrained in LPF and will be automatically placed
Warning: IO 'rvfi_order[48]' is unconstrained in LPF and will be automatically placed
Warning: IO 'rvfi_order[47]' is unconstrained in LPF and will be automatically placed
Warning: IO 'rvfi_order[46]' is unconstrained in LPF and will be automatically placed
Warning: IO 'rvfi_order[45]' is unconstrained in LPF and will be automatically placed
Warning: IO 'rvfi_order[44]' is unconstrained in LPF and will be automatically placed
Warning: IO 'rvfi_order[43]' is unconstrained in LPF and will be automatically placed
Warning: IO 'rvfi_order[42]' is unconstrained in LPF and will be automatically placed
Warning: IO 'rvfi_order[41]' is unconstrained in LPF and will be automatically placed
Warning: IO 'rvfi_order[40]' is unconstrained in LPF and will be automatically placed
Warning: IO 'rvfi_order[39]' is unconstrained in LPF and will be automatically placed
Warning: IO 'rvfi_order[38]' is unconstrained in LPF and will be automatically placed
Warning: IO 'rvfi_order[37]' is unconstrained in LPF and will be automatically placed
Warning: IO 'rvfi_order[36]' is unconstrained in LPF and will be automatically placed
Warning: IO 'rvfi_order[35]' is unconstrained in LPF and will be automatically placed
Warning: IO 'rvfi_order[34]' is unconstrained in LPF and will be automatically placed
Warning: IO 'rvfi_order[33]' is unconstrained in LPF and will be automatically placed
Warning: IO 'rvfi_order[32]' is unconstrained in LPF and will be automatically placed
Warning: IO 'rvfi_order[31]' is unconstrained in LPF and will be automatically placed
Warning: IO 'rvfi_order[30]' is unconstrained in LPF and will be automatically placed
Warning: IO 'rvfi_order[29]' is unconstrained in LPF and will be automatically placed
Warning: IO 'rvfi_order[28]' is unconstrained in LPF and will be automatically placed
Warning: IO 'rvfi_order[27]' is unconstrained in LPF and will be automatically placed
Warning: IO 'rvfi_order[26]' is unconstrained in LPF and will be automatically placed
Warning: IO 'rvfi_order[25]' is unconstrained in LPF and will be automatically placed
Warning: IO 'rvfi_order[24]' is unconstrained in LPF and will be automatically placed
Warning: IO 'rvfi_order[23]' is unconstrained in LPF and will be automatically placed
Warning: IO 'rvfi_order[22]' is unconstrained in LPF and will be automatically placed
Warning: IO 'rvfi_order[21]' is unconstrained in LPF and will be automatically placed
Warning: IO 'rvfi_order[20]' is unconstrained in LPF and will be automatically placed
Warning: IO 'rvfi_order[19]' is unconstrained in LPF and will be automatically placed
Warning: IO 'rvfi_order[18]' is unconstrained in LPF and will be automatically placed
Warning: IO 'rvfi_order[17]' is unconstrained in LPF and will be automatically placed
Warning: IO 'rvfi_order[16]' is unconstrained in LPF and will be automatically placed
Warning: IO 'rvfi_order[15]' is unconstrained in LPF and will be automatically placed
Warning: IO 'rvfi_order[14]' is unconstrained in LPF and will be automatically placed
Warning: IO 'rvfi_order[13]' is unconstrained in LPF and will be automatically placed
Warning: IO 'rvfi_order[12]' is unconstrained in LPF and will be automatically placed
Warning: IO 'rvfi_order[11]' is unconstrained in LPF and will be automatically placed
Warning: IO 'rvfi_order[10]' is unconstrained in LPF and will be automatically placed
Warning: IO 'rvfi_order[9]' is unconstrained in LPF and will be automatically placed
Warning: IO 'rvfi_order[8]' is unconstrained in LPF and will be automatically placed
Warning: IO 'rvfi_order[7]' is unconstrained in LPF and will be automatically placed
Warning: IO 'rvfi_order[6]' is unconstrained in LPF and will be automatically placed
Warning: IO 'rvfi_order[5]' is unconstrained in LPF and will be automatically placed
Warning: IO 'rvfi_order[4]' is unconstrained in LPF and will be automatically placed
Warning: IO 'rvfi_order[3]' is unconstrained in LPF and will be automatically placed
Warning: IO 'rvfi_order[2]' is unconstrained in LPF and will be automatically placed
Warning: IO 'rvfi_order[1]' is unconstrained in LPF and will be automatically placed
Warning: IO 'rvfi_order[0]' is unconstrained in LPF and will be automatically placed
Warning: IO 'rvfi_mode[1]' is unconstrained in LPF and will be automatically placed
Warning: IO 'rvfi_mode[0]' is unconstrained in LPF and will be automatically placed
Warning: IO 'rvfi_mem_wmask[3]' is unconstrained in LPF and will be automatically placed
Warning: IO 'rvfi_mem_wmask[2]' is unconstrained in LPF and will be automatically placed
Warning: IO 'rvfi_mem_wmask[1]' is unconstrained in LPF and will be automatically placed
Warning: IO 'rvfi_mem_wmask[0]' is unconstrained in LPF and will be automatically placed
Warning: IO 'rvfi_mem_wdata[31]' is unconstrained in LPF and will be automatically placed
Warning: IO 'rvfi_mem_wdata[30]' is unconstrained in LPF and will be automatically placed
Warning: IO 'rvfi_mem_wdata[29]' is unconstrained in LPF and will be automatically placed
Warning: IO 'rvfi_mem_wdata[28]' is unconstrained in LPF and will be automatically placed
Warning: IO 'rvfi_mem_wdata[27]' is unconstrained in LPF and will be automatically placed
Warning: IO 'rvfi_mem_wdata[26]' is unconstrained in LPF and will be automatically placed
Warning: IO 'rvfi_mem_wdata[25]' is unconstrained in LPF and will be automatically placed
Warning: IO 'rvfi_mem_wdata[24]' is unconstrained in LPF and will be automatically placed
Warning: IO 'rvfi_mem_wdata[23]' is unconstrained in LPF and will be automatically placed
Warning: IO 'rvfi_mem_wdata[22]' is unconstrained in LPF and will be automatically placed
Warning: IO 'rvfi_mem_wdata[21]' is unconstrained in LPF and will be automatically placed
Warning: IO 'rvfi_mem_wdata[20]' is unconstrained in LPF and will be automatically placed
Warning: IO 'rvfi_mem_wdata[19]' is unconstrained in LPF and will be automatically placed
Warning: IO 'rvfi_mem_wdata[18]' is unconstrained in LPF and will be automatically placed
Warning: IO 'rvfi_mem_wdata[17]' is unconstrained in LPF and will be automatically placed
Warning: IO 'rvfi_mem_wdata[16]' is unconstrained in LPF and will be automatically placed
Warning: IO 'rvfi_mem_wdata[15]' is unconstrained in LPF and will be automatically placed
Warning: IO 'rvfi_mem_wdata[14]' is unconstrained in LPF and will be automatically placed
Warning: IO 'rvfi_mem_wdata[13]' is unconstrained in LPF and will be automatically placed
Warning: IO 'rvfi_mem_wdata[12]' is unconstrained in LPF and will be automatically placed
Warning: IO 'rvfi_mem_wdata[11]' is unconstrained in LPF and will be automatically placed
Warning: IO 'rvfi_mem_wdata[10]' is unconstrained in LPF and will be automatically placed
Warning: IO 'rvfi_mem_wdata[9]' is unconstrained in LPF and will be automatically placed
Warning: IO 'rvfi_mem_wdata[8]' is unconstrained in LPF and will be automatically placed
Warning: IO 'rvfi_mem_wdata[7]' is unconstrained in LPF and will be automatically placed
Warning: IO 'rvfi_mem_wdata[6]' is unconstrained in LPF and will be automatically placed
Warning: IO 'rvfi_mem_wdata[5]' is unconstrained in LPF and will be automatically placed
Warning: IO 'rvfi_mem_wdata[4]' is unconstrained in LPF and will be automatically placed
Warning: IO 'rvfi_mem_wdata[3]' is unconstrained in LPF and will be automatically placed
Warning: IO 'rvfi_mem_wdata[2]' is unconstrained in LPF and will be automatically placed
Warning: IO 'rvfi_mem_wdata[1]' is unconstrained in LPF and will be automatically placed
Warning: IO 'rvfi_mem_wdata[0]' is unconstrained in LPF and will be automatically placed
Warning: IO 'rvfi_mem_rmask[3]' is unconstrained in LPF and will be automatically placed
Warning: IO 'rvfi_mem_rmask[2]' is unconstrained in LPF and will be automatically placed
Warning: IO 'rvfi_mem_rmask[1]' is unconstrained in LPF and will be automatically placed
Warning: IO 'rvfi_mem_rmask[0]' is unconstrained in LPF and will be automatically placed
Warning: IO 'rvfi_mem_rdata[31]' is unconstrained in LPF and will be automatically placed
Warning: IO 'rvfi_mem_rdata[30]' is unconstrained in LPF and will be automatically placed
Warning: IO 'rvfi_mem_rdata[29]' is unconstrained in LPF and will be automatically placed
Warning: IO 'rvfi_mem_rdata[28]' is unconstrained in LPF and will be automatically placed
Warning: IO 'rvfi_mem_rdata[27]' is unconstrained in LPF and will be automatically placed
Warning: IO 'rvfi_mem_rdata[26]' is unconstrained in LPF and will be automatically placed
Warning: IO 'rvfi_mem_rdata[25]' is unconstrained in LPF and will be automatically placed
Warning: IO 'rvfi_mem_rdata[24]' is unconstrained in LPF and will be automatically placed
Warning: IO 'rvfi_mem_rdata[23]' is unconstrained in LPF and will be automatically placed
Warning: IO 'rvfi_mem_rdata[22]' is unconstrained in LPF and will be automatically placed
Warning: IO 'rvfi_mem_rdata[21]' is unconstrained in LPF and will be automatically placed
Warning: IO 'rvfi_mem_rdata[20]' is unconstrained in LPF and will be automatically placed
Warning: IO 'rvfi_mem_rdata[19]' is unconstrained in LPF and will be automatically placed
Warning: IO 'rvfi_mem_rdata[18]' is unconstrained in LPF and will be automatically placed
Warning: IO 'rvfi_mem_rdata[17]' is unconstrained in LPF and will be automatically placed
Warning: IO 'rvfi_mem_rdata[16]' is unconstrained in LPF and will be automatically placed
Warning: IO 'rvfi_mem_rdata[15]' is unconstrained in LPF and will be automatically placed
Warning: IO 'rvfi_mem_rdata[14]' is unconstrained in LPF and will be automatically placed
Warning: IO 'rvfi_mem_rdata[13]' is unconstrained in LPF and will be automatically placed
Warning: IO 'rvfi_mem_rdata[12]' is unconstrained in LPF and will be automatically placed
Warning: IO 'rvfi_mem_rdata[11]' is unconstrained in LPF and will be automatically placed
Warning: IO 'rvfi_mem_rdata[10]' is unconstrained in LPF and will be automatically placed
Warning: IO 'rvfi_mem_rdata[9]' is unconstrained in LPF and will be automatically placed
Warning: IO 'rvfi_mem_rdata[8]' is unconstrained in LPF and will be automatically placed
Warning: IO 'rvfi_mem_rdata[7]' is unconstrained in LPF and will be automatically placed
Warning: IO 'rvfi_mem_rdata[6]' is unconstrained in LPF and will be automatically placed
Warning: IO 'rvfi_mem_rdata[5]' is unconstrained in LPF and will be automatically placed
Warning: IO 'rvfi_mem_rdata[4]' is unconstrained in LPF and will be automatically placed
Warning: IO 'rvfi_mem_rdata[3]' is unconstrained in LPF and will be automatically placed
Warning: IO 'rvfi_mem_rdata[2]' is unconstrained in LPF and will be automatically placed
Warning: IO 'rvfi_mem_rdata[1]' is unconstrained in LPF and will be automatically placed
Warning: IO 'rvfi_mem_rdata[0]' is unconstrained in LPF and will be automatically placed
Warning: IO 'rvfi_mem_addr[31]' is unconstrained in LPF and will be automatically placed
Warning: IO 'rvfi_mem_addr[30]' is unconstrained in LPF and will be automatically placed
Warning: IO 'rvfi_mem_addr[29]' is unconstrained in LPF and will be automatically placed
Warning: IO 'rvfi_mem_addr[28]' is unconstrained in LPF and will be automatically placed
Warning: IO 'rvfi_mem_addr[27]' is unconstrained in LPF and will be automatically placed
Warning: IO 'rvfi_mem_addr[26]' is unconstrained in LPF and will be automatically placed
Warning: IO 'rvfi_mem_addr[25]' is unconstrained in LPF and will be automatically placed
Warning: IO 'rvfi_mem_addr[24]' is unconstrained in LPF and will be automatically placed
Warning: IO 'rvfi_mem_addr[23]' is unconstrained in LPF and will be automatically placed
Warning: IO 'rvfi_mem_addr[22]' is unconstrained in LPF and will be automatically placed
Warning: IO 'rvfi_mem_addr[21]' is unconstrained in LPF and will be automatically placed
Warning: IO 'rvfi_mem_addr[20]' is unconstrained in LPF and will be automatically placed
Warning: IO 'rvfi_mem_addr[19]' is unconstrained in LPF and will be automatically placed
Warning: IO 'rvfi_mem_addr[18]' is unconstrained in LPF and will be automatically placed
Warning: IO 'rvfi_mem_addr[17]' is unconstrained in LPF and will be automatically placed
Warning: IO 'rvfi_mem_addr[16]' is unconstrained in LPF and will be automatically placed
Warning: IO 'rvfi_mem_addr[15]' is unconstrained in LPF and will be automatically placed
Warning: IO 'rvfi_mem_addr[14]' is unconstrained in LPF and will be automatically placed
Warning: IO 'rvfi_mem_addr[13]' is unconstrained in LPF and will be automatically placed
Warning: IO 'rvfi_mem_addr[12]' is unconstrained in LPF and will be automatically placed
Warning: IO 'rvfi_mem_addr[11]' is unconstrained in LPF and will be automatically placed
Warning: IO 'rvfi_mem_addr[10]' is unconstrained in LPF and will be automatically placed
Warning: IO 'rvfi_mem_addr[9]' is unconstrained in LPF and will be automatically placed
Warning: IO 'rvfi_mem_addr[8]' is unconstrained in LPF and will be automatically placed
Warning: IO 'rvfi_mem_addr[7]' is unconstrained in LPF and will be automatically placed
Warning: IO 'rvfi_mem_addr[6]' is unconstrained in LPF and will be automatically placed
Warning: IO 'rvfi_mem_addr[5]' is unconstrained in LPF and will be automatically placed
Warning: IO 'rvfi_mem_addr[4]' is unconstrained in LPF and will be automatically placed
Warning: IO 'rvfi_mem_addr[3]' is unconstrained in LPF and will be automatically placed
Warning: IO 'rvfi_mem_addr[2]' is unconstrained in LPF and will be automatically placed
Warning: IO 'rvfi_mem_addr[1]' is unconstrained in LPF and will be automatically placed
Warning: IO 'rvfi_mem_addr[0]' is unconstrained in LPF and will be automatically placed
Warning: IO 'rvfi_ixl[1]' is unconstrained in LPF and will be automatically placed
Warning: IO 'rvfi_ixl[0]' is unconstrained in LPF and will be automatically placed
Warning: IO 'rvfi_intr' is unconstrained in LPF and will be automatically placed
Warning: IO 'rvfi_insn[31]' is unconstrained in LPF and will be automatically placed
Warning: IO 'rvfi_insn[30]' is unconstrained in LPF and will be automatically placed
Warning: IO 'rvfi_insn[29]' is unconstrained in LPF and will be automatically placed
Warning: IO 'rvfi_insn[28]' is unconstrained in LPF and will be automatically placed
Warning: IO 'rvfi_insn[27]' is unconstrained in LPF and will be automatically placed
Warning: IO 'rvfi_insn[26]' is unconstrained in LPF and will be automatically placed
Warning: IO 'rvfi_insn[25]' is unconstrained in LPF and will be automatically placed
Warning: IO 'rvfi_insn[24]' is unconstrained in LPF and will be automatically placed
Warning: IO 'rvfi_insn[23]' is unconstrained in LPF and will be automatically placed
Warning: IO 'rvfi_insn[22]' is unconstrained in LPF and will be automatically placed
Warning: IO 'rvfi_insn[21]' is unconstrained in LPF and will be automatically placed
Warning: IO 'rvfi_insn[20]' is unconstrained in LPF and will be automatically placed
Warning: IO 'rvfi_insn[19]' is unconstrained in LPF and will be automatically placed
Warning: IO 'rvfi_insn[18]' is unconstrained in LPF and will be automatically placed
Warning: IO 'rvfi_insn[17]' is unconstrained in LPF and will be automatically placed
Warning: IO 'rvfi_insn[16]' is unconstrained in LPF and will be automatically placed
Warning: IO 'rvfi_insn[15]' is unconstrained in LPF and will be automatically placed
Warning: IO 'rvfi_insn[14]' is unconstrained in LPF and will be automatically placed
Warning: IO 'rvfi_insn[13]' is unconstrained in LPF and will be automatically placed
Warning: IO 'rvfi_insn[12]' is unconstrained in LPF and will be automatically placed
Warning: IO 'rvfi_insn[11]' is unconstrained in LPF and will be automatically placed
Warning: IO 'rvfi_insn[10]' is unconstrained in LPF and will be automatically placed
Warning: IO 'rvfi_insn[9]' is unconstrained in LPF and will be automatically placed
Warning: IO 'rvfi_insn[8]' is unconstrained in LPF and will be automatically placed
Warning: IO 'rvfi_insn[7]' is unconstrained in LPF and will be automatically placed
Warning: IO 'rvfi_insn[6]' is unconstrained in LPF and will be automatically placed
Warning: IO 'rvfi_insn[5]' is unconstrained in LPF and will be automatically placed
Warning: IO 'rvfi_insn[4]' is unconstrained in LPF and will be automatically placed
Warning: IO 'rvfi_insn[3]' is unconstrained in LPF and will be automatically placed
Warning: IO 'rvfi_insn[2]' is unconstrained in LPF and will be automatically placed
Warning: IO 'rvfi_insn[1]' is unconstrained in LPF and will be automatically placed
Warning: IO 'rvfi_insn[0]' is unconstrained in LPF and will be automatically placed
Warning: IO 'rvfi_halt' is unconstrained in LPF and will be automatically placed
Warning: IO 'rvfi_ext_rf_wr_suppress' is unconstrained in LPF and will be automatically placed
Warning: IO 'rvfi_ext_pre_mip[31]' is unconstrained in LPF and will be automatically placed
Warning: IO 'rvfi_ext_pre_mip[30]' is unconstrained in LPF and will be automatically placed
Warning: IO 'rvfi_ext_pre_mip[29]' is unconstrained in LPF and will be automatically placed
Warning: IO 'rvfi_ext_pre_mip[28]' is unconstrained in LPF and will be automatically placed
Warning: IO 'rvfi_ext_pre_mip[27]' is unconstrained in LPF and will be automatically placed
Warning: IO 'rvfi_ext_pre_mip[26]' is unconstrained in LPF and will be automatically placed
Warning: IO 'rvfi_ext_pre_mip[25]' is unconstrained in LPF and will be automatically placed
Warning: IO 'rvfi_ext_pre_mip[24]' is unconstrained in LPF and will be automatically placed
Warning: IO 'rvfi_ext_pre_mip[23]' is unconstrained in LPF and will be automatically placed
Warning: IO 'rvfi_ext_pre_mip[22]' is unconstrained in LPF and will be automatically placed
Warning: IO 'rvfi_ext_pre_mip[21]' is unconstrained in LPF and will be automatically placed
Warning: IO 'rvfi_ext_pre_mip[20]' is unconstrained in LPF and will be automatically placed
Warning: IO 'rvfi_ext_pre_mip[19]' is unconstrained in LPF and will be automatically placed
Warning: IO 'rvfi_ext_pre_mip[18]' is unconstrained in LPF and will be automatically placed
Warning: IO 'rvfi_ext_pre_mip[17]' is unconstrained in LPF and will be automatically placed
Warning: IO 'rvfi_ext_pre_mip[16]' is unconstrained in LPF and will be automatically placed
Warning: IO 'rvfi_ext_pre_mip[15]' is unconstrained in LPF and will be automatically placed
Warning: IO 'rvfi_ext_pre_mip[14]' is unconstrained in LPF and will be automatically placed
Warning: IO 'rvfi_ext_pre_mip[13]' is unconstrained in LPF and will be automatically placed
Warning: IO 'rvfi_ext_pre_mip[12]' is unconstrained in LPF and will be automatically placed
Warning: IO 'rvfi_ext_pre_mip[11]' is unconstrained in LPF and will be automatically placed
Warning: IO 'rvfi_ext_pre_mip[10]' is unconstrained in LPF and will be automatically placed
Warning: IO 'rvfi_ext_pre_mip[9]' is unconstrained in LPF and will be automatically placed
Warning: IO 'rvfi_ext_pre_mip[8]' is unconstrained in LPF and will be automatically placed
Warning: IO 'rvfi_ext_pre_mip[7]' is unconstrained in LPF and will be automatically placed
Warning: IO 'rvfi_ext_pre_mip[6]' is unconstrained in LPF and will be automatically placed
Warning: IO 'rvfi_ext_pre_mip[5]' is unconstrained in LPF and will be automatically placed
Warning: IO 'rvfi_ext_pre_mip[4]' is unconstrained in LPF and will be automatically placed
Warning: IO 'rvfi_ext_pre_mip[3]' is unconstrained in LPF and will be automatically placed
Warning: IO 'rvfi_ext_pre_mip[2]' is unconstrained in LPF and will be automatically placed
Warning: IO 'rvfi_ext_pre_mip[1]' is unconstrained in LPF and will be automatically placed
Warning: IO 'rvfi_ext_pre_mip[0]' is unconstrained in LPF and will be automatically placed
Warning: IO 'rvfi_ext_post_mip[31]' is unconstrained in LPF and will be automatically placed
Warning: IO 'rvfi_ext_post_mip[30]' is unconstrained in LPF and will be automatically placed
Warning: IO 'rvfi_ext_post_mip[29]' is unconstrained in LPF and will be automatically placed
Warning: IO 'rvfi_ext_post_mip[28]' is unconstrained in LPF and will be automatically placed
Warning: IO 'rvfi_ext_post_mip[27]' is unconstrained in LPF and will be automatically placed
Warning: IO 'rvfi_ext_post_mip[26]' is unconstrained in LPF and will be automatically placed
Warning: IO 'rvfi_ext_post_mip[25]' is unconstrained in LPF and will be automatically placed
Warning: IO 'rvfi_ext_post_mip[24]' is unconstrained in LPF and will be automatically placed
Warning: IO 'rvfi_ext_post_mip[23]' is unconstrained in LPF and will be automatically placed
Warning: IO 'rvfi_ext_post_mip[22]' is unconstrained in LPF and will be automatically placed
Warning: IO 'rvfi_ext_post_mip[21]' is unconstrained in LPF and will be automatically placed
Warning: IO 'rvfi_ext_post_mip[20]' is unconstrained in LPF and will be automatically placed
Warning: IO 'rvfi_ext_post_mip[19]' is unconstrained in LPF and will be automatically placed
Warning: IO 'rvfi_ext_post_mip[18]' is unconstrained in LPF and will be automatically placed
Warning: IO 'rvfi_ext_post_mip[17]' is unconstrained in LPF and will be automatically placed
Warning: IO 'rvfi_ext_post_mip[16]' is unconstrained in LPF and will be automatically placed
Warning: IO 'rvfi_ext_post_mip[15]' is unconstrained in LPF and will be automatically placed
Warning: IO 'rvfi_ext_post_mip[14]' is unconstrained in LPF and will be automatically placed
Warning: IO 'rvfi_ext_post_mip[13]' is unconstrained in LPF and will be automatically placed
Warning: IO 'rvfi_ext_post_mip[12]' is unconstrained in LPF and will be automatically placed
Warning: IO 'rvfi_ext_post_mip[11]' is unconstrained in LPF and will be automatically placed
Warning: IO 'rvfi_ext_post_mip[10]' is unconstrained in LPF and will be automatically placed
Warning: IO 'rvfi_ext_post_mip[9]' is unconstrained in LPF and will be automatically placed
Warning: IO 'rvfi_ext_post_mip[8]' is unconstrained in LPF and will be automatically placed
Warning: IO 'rvfi_ext_post_mip[7]' is unconstrained in LPF and will be automatically placed
Warning: IO 'rvfi_ext_post_mip[6]' is unconstrained in LPF and will be automatically placed
Warning: IO 'rvfi_ext_post_mip[5]' is unconstrained in LPF and will be automatically placed
Warning: IO 'rvfi_ext_post_mip[4]' is unconstrained in LPF and will be automatically placed
Warning: IO 'rvfi_ext_post_mip[3]' is unconstrained in LPF and will be automatically placed
Warning: IO 'rvfi_ext_post_mip[2]' is unconstrained in LPF and will be automatically placed
Warning: IO 'rvfi_ext_post_mip[1]' is unconstrained in LPF and will be automatically placed
Warning: IO 'rvfi_ext_post_mip[0]' is unconstrained in LPF and will be automatically placed
Warning: IO 'rvfi_ext_nmi_int' is unconstrained in LPF and will be automatically placed
Warning: IO 'rvfi_ext_nmi' is unconstrained in LPF and will be automatically placed
Warning: IO 'rvfi_ext_mhpmcountersh[319]' is unconstrained in LPF and will be automatically placed
Warning: IO 'rvfi_ext_mhpmcountersh[318]' is unconstrained in LPF and will be automatically placed
Warning: IO 'rvfi_ext_mhpmcountersh[317]' is unconstrained in LPF and will be automatically placed
Warning: IO 'rvfi_ext_mhpmcountersh[316]' is unconstrained in LPF and will be automatically placed
Warning: IO 'rvfi_ext_mhpmcountersh[315]' is unconstrained in LPF and will be automatically placed
Warning: IO 'rvfi_ext_mhpmcountersh[314]' is unconstrained in LPF and will be automatically placed
Warning: IO 'rvfi_ext_mhpmcountersh[313]' is unconstrained in LPF and will be automatically placed
Warning: IO 'rvfi_ext_mhpmcountersh[312]' is unconstrained in LPF and will be automatically placed
Warning: IO 'rvfi_ext_mhpmcountersh[311]' is unconstrained in LPF and will be automatically placed
Warning: IO 'rvfi_ext_mhpmcountersh[310]' is unconstrained in LPF and will be automatically placed
Warning: IO 'rvfi_ext_mhpmcountersh[309]' is unconstrained in LPF and will be automatically placed
Warning: IO 'rvfi_ext_mhpmcountersh[308]' is unconstrained in LPF and will be automatically placed
Warning: IO 'rvfi_ext_mhpmcountersh[307]' is unconstrained in LPF and will be automatically placed
Warning: IO 'rvfi_ext_mhpmcountersh[306]' is unconstrained in LPF and will be automatically placed
Warning: IO 'rvfi_ext_mhpmcountersh[305]' is unconstrained in LPF and will be automatically placed
Warning: IO 'rvfi_ext_mhpmcountersh[304]' is unconstrained in LPF and will be automatically placed
Warning: IO 'rvfi_ext_mhpmcountersh[303]' is unconstrained in LPF and will be automatically placed
Warning: IO 'rvfi_ext_mhpmcountersh[302]' is unconstrained in LPF and will be automatically placed
Warning: IO 'rvfi_ext_mhpmcountersh[301]' is unconstrained in LPF and will be automatically placed
Warning: IO 'rvfi_ext_mhpmcountersh[300]' is unconstrained in LPF and will be automatically placed
Warning: IO 'rvfi_ext_mhpmcountersh[299]' is unconstrained in LPF and will be automatically placed
Warning: IO 'rvfi_ext_mhpmcountersh[298]' is unconstrained in LPF and will be automatically placed
Warning: IO 'rvfi_ext_mhpmcountersh[297]' is unconstrained in LPF and will be automatically placed
Warning: IO 'rvfi_ext_mhpmcountersh[296]' is unconstrained in LPF and will be automatically placed
Warning: IO 'rvfi_ext_mhpmcountersh[295]' is unconstrained in LPF and will be automatically placed
Warning: IO 'rvfi_ext_mhpmcountersh[294]' is unconstrained in LPF and will be automatically placed
Warning: IO 'rvfi_ext_mhpmcountersh[293]' is unconstrained in LPF and will be automatically placed
Warning: IO 'rvfi_ext_mhpmcountersh[292]' is unconstrained in LPF and will be automatically placed
Warning: IO 'rvfi_ext_mhpmcountersh[291]' is unconstrained in LPF and will be automatically placed
Warning: IO 'rvfi_ext_mhpmcountersh[290]' is unconstrained in LPF and will be automatically placed
Warning: IO 'rvfi_ext_mhpmcountersh[289]' is unconstrained in LPF and will be automatically placed
Warning: IO 'rvfi_ext_mhpmcountersh[288]' is unconstrained in LPF and will be automatically placed
Warning: IO 'rvfi_ext_mhpmcountersh[287]' is unconstrained in LPF and will be automatically placed
Warning: IO 'rvfi_ext_mhpmcountersh[286]' is unconstrained in LPF and will be automatically placed
Warning: IO 'rvfi_ext_mhpmcountersh[285]' is unconstrained in LPF and will be automatically placed
Warning: IO 'rvfi_ext_mhpmcountersh[284]' is unconstrained in LPF and will be automatically placed
Warning: IO 'rvfi_ext_mhpmcountersh[283]' is unconstrained in LPF and will be automatically placed
Warning: IO 'rvfi_ext_mhpmcountersh[282]' is unconstrained in LPF and will be automatically placed
Warning: IO 'rvfi_ext_mhpmcountersh[281]' is unconstrained in LPF and will be automatically placed
Warning: IO 'rvfi_ext_mhpmcountersh[280]' is unconstrained in LPF and will be automatically placed
Warning: IO 'rvfi_ext_mhpmcountersh[279]' is unconstrained in LPF and will be automatically placed
Warning: IO 'rvfi_ext_mhpmcountersh[278]' is unconstrained in LPF and will be automatically placed
Warning: IO 'rvfi_ext_mhpmcountersh[277]' is unconstrained in LPF and will be automatically placed
Warning: IO 'rvfi_ext_mhpmcountersh[276]' is unconstrained in LPF and will be automatically placed
Warning: IO 'rvfi_ext_mhpmcountersh[275]' is unconstrained in LPF and will be automatically placed
Warning: IO 'rvfi_ext_mhpmcountersh[274]' is unconstrained in LPF and will be automatically placed
Warning: IO 'rvfi_ext_mhpmcountersh[273]' is unconstrained in LPF and will be automatically placed
Warning: IO 'rvfi_ext_mhpmcountersh[272]' is unconstrained in LPF and will be automatically placed
Warning: IO 'rvfi_ext_mhpmcountersh[271]' is unconstrained in LPF and will be automatically placed
Warning: IO 'rvfi_ext_mhpmcountersh[270]' is unconstrained in LPF and will be automatically placed
Warning: IO 'rvfi_ext_mhpmcountersh[269]' is unconstrained in LPF and will be automatically placed
Warning: IO 'rvfi_ext_mhpmcountersh[268]' is unconstrained in LPF and will be automatically placed
Warning: IO 'rvfi_ext_mhpmcountersh[267]' is unconstrained in LPF and will be automatically placed
Warning: IO 'rvfi_ext_mhpmcountersh[266]' is unconstrained in LPF and will be automatically placed
Warning: IO 'rvfi_ext_mhpmcountersh[265]' is unconstrained in LPF and will be automatically placed
Warning: IO 'rvfi_ext_mhpmcountersh[264]' is unconstrained in LPF and will be automatically placed
Warning: IO 'rvfi_ext_mhpmcountersh[263]' is unconstrained in LPF and will be automatically placed
Warning: IO 'rvfi_ext_mhpmcountersh[262]' is unconstrained in LPF and will be automatically placed
Warning: IO 'rvfi_ext_mhpmcountersh[261]' is unconstrained in LPF and will be automatically placed
Warning: IO 'rvfi_ext_mhpmcountersh[260]' is unconstrained in LPF and will be automatically placed
Warning: IO 'rvfi_ext_mhpmcountersh[259]' is unconstrained in LPF and will be automatically placed
Warning: IO 'rvfi_ext_mhpmcountersh[258]' is unconstrained in LPF and will be automatically placed
Warning: IO 'rvfi_ext_mhpmcountersh[257]' is unconstrained in LPF and will be automatically placed
Warning: IO 'rvfi_ext_mhpmcountersh[256]' is unconstrained in LPF and will be automatically placed
Warning: IO 'rvfi_ext_mhpmcountersh[255]' is unconstrained in LPF and will be automatically placed
Warning: IO 'rvfi_ext_mhpmcountersh[254]' is unconstrained in LPF and will be automatically placed
Warning: IO 'rvfi_ext_mhpmcountersh[253]' is unconstrained in LPF and will be automatically placed
Warning: IO 'rvfi_ext_mhpmcountersh[252]' is unconstrained in LPF and will be automatically placed
Warning: IO 'rvfi_ext_mhpmcountersh[251]' is unconstrained in LPF and will be automatically placed
Warning: IO 'rvfi_ext_mhpmcountersh[250]' is unconstrained in LPF and will be automatically placed
Warning: IO 'rvfi_ext_mhpmcountersh[249]' is unconstrained in LPF and will be automatically placed
Warning: IO 'rvfi_ext_mhpmcountersh[248]' is unconstrained in LPF and will be automatically placed
Warning: IO 'rvfi_ext_mhpmcountersh[247]' is unconstrained in LPF and will be automatically placed
Warning: IO 'rvfi_ext_mhpmcountersh[246]' is unconstrained in LPF and will be automatically placed
Warning: IO 'rvfi_ext_mhpmcountersh[245]' is unconstrained in LPF and will be automatically placed
Warning: IO 'rvfi_ext_mhpmcountersh[244]' is unconstrained in LPF and will be automatically placed
Warning: IO 'rvfi_ext_mhpmcountersh[243]' is unconstrained in LPF and will be automatically placed
Warning: IO 'rvfi_ext_mhpmcountersh[242]' is unconstrained in LPF and will be automatically placed
Warning: IO 'rvfi_ext_mhpmcountersh[241]' is unconstrained in LPF and will be automatically placed
Warning: IO 'rvfi_ext_mhpmcountersh[240]' is unconstrained in LPF and will be automatically placed
Warning: IO 'rvfi_ext_mhpmcountersh[239]' is unconstrained in LPF and will be automatically placed
Warning: IO 'rvfi_ext_mhpmcountersh[238]' is unconstrained in LPF and will be automatically placed
Warning: IO 'rvfi_ext_mhpmcountersh[237]' is unconstrained in LPF and will be automatically placed
Warning: IO 'rvfi_ext_mhpmcountersh[236]' is unconstrained in LPF and will be automatically placed
Warning: IO 'rvfi_ext_mhpmcountersh[235]' is unconstrained in LPF and will be automatically placed
Warning: IO 'rvfi_ext_mhpmcountersh[234]' is unconstrained in LPF and will be automatically placed
Warning: IO 'rvfi_ext_mhpmcountersh[233]' is unconstrained in LPF and will be automatically placed
Warning: IO 'rvfi_ext_mhpmcountersh[232]' is unconstrained in LPF and will be automatically placed
Warning: IO 'rvfi_ext_mhpmcountersh[231]' is unconstrained in LPF and will be automatically placed
Warning: IO 'rvfi_ext_mhpmcountersh[230]' is unconstrained in LPF and will be automatically placed
Warning: IO 'rvfi_ext_mhpmcountersh[229]' is unconstrained in LPF and will be automatically placed
Warning: IO 'rvfi_ext_mhpmcountersh[228]' is unconstrained in LPF and will be automatically placed
Warning: IO 'rvfi_ext_mhpmcountersh[227]' is unconstrained in LPF and will be automatically placed
Warning: IO 'rvfi_ext_mhpmcountersh[226]' is unconstrained in LPF and will be automatically placed
Warning: IO 'rvfi_ext_mhpmcountersh[225]' is unconstrained in LPF and will be automatically placed
Warning: IO 'rvfi_ext_mhpmcountersh[224]' is unconstrained in LPF and will be automatically placed
Warning: IO 'rvfi_ext_mhpmcountersh[223]' is unconstrained in LPF and will be automatically placed
Warning: IO 'rvfi_ext_mhpmcountersh[222]' is unconstrained in LPF and will be automatically placed
Warning: IO 'rvfi_ext_mhpmcountersh[221]' is unconstrained in LPF and will be automatically placed
Warning: IO 'rvfi_ext_mhpmcountersh[220]' is unconstrained in LPF and will be automatically placed
Warning: IO 'rvfi_ext_mhpmcountersh[219]' is unconstrained in LPF and will be automatically placed
Warning: IO 'rvfi_ext_mhpmcountersh[218]' is unconstrained in LPF and will be automatically placed
Warning: IO 'rvfi_ext_mhpmcountersh[217]' is unconstrained in LPF and will be automatically placed
Warning: IO 'rvfi_ext_mhpmcountersh[216]' is unconstrained in LPF and will be automatically placed
Warning: IO 'rvfi_ext_mhpmcountersh[215]' is unconstrained in LPF and will be automatically placed
Warning: IO 'rvfi_ext_mhpmcountersh[214]' is unconstrained in LPF and will be automatically placed
Warning: IO 'rvfi_ext_mhpmcountersh[213]' is unconstrained in LPF and will be automatically placed
Warning: IO 'rvfi_ext_mhpmcountersh[212]' is unconstrained in LPF and will be automatically placed
Warning: IO 'rvfi_ext_mhpmcountersh[211]' is unconstrained in LPF and will be automatically placed
Warning: IO 'rvfi_ext_mhpmcountersh[210]' is unconstrained in LPF and will be automatically placed
Warning: IO 'rvfi_ext_mhpmcountersh[209]' is unconstrained in LPF and will be automatically placed
Warning: IO 'rvfi_ext_mhpmcountersh[208]' is unconstrained in LPF and will be automatically placed
Warning: IO 'rvfi_ext_mhpmcountersh[207]' is unconstrained in LPF and will be automatically placed
Warning: IO 'rvfi_ext_mhpmcountersh[206]' is unconstrained in LPF and will be automatically placed
Warning: IO 'rvfi_ext_mhpmcountersh[205]' is unconstrained in LPF and will be automatically placed
Warning: IO 'rvfi_ext_mhpmcountersh[204]' is unconstrained in LPF and will be automatically placed
Warning: IO 'rvfi_ext_mhpmcountersh[203]' is unconstrained in LPF and will be automatically placed
Warning: IO 'rvfi_ext_mhpmcountersh[202]' is unconstrained in LPF and will be automatically placed
Warning: IO 'rvfi_ext_mhpmcountersh[201]' is unconstrained in LPF and will be automatically placed
Warning: IO 'rvfi_ext_mhpmcountersh[200]' is unconstrained in LPF and will be automatically placed
Warning: IO 'rvfi_ext_mhpmcountersh[199]' is unconstrained in LPF and will be automatically placed
Warning: IO 'rvfi_ext_mhpmcountersh[198]' is unconstrained in LPF and will be automatically placed
Warning: IO 'rvfi_ext_mhpmcountersh[197]' is unconstrained in LPF and will be automatically placed
Warning: IO 'rvfi_ext_mhpmcountersh[196]' is unconstrained in LPF and will be automatically placed
Warning: IO 'rvfi_ext_mhpmcountersh[195]' is unconstrained in LPF and will be automatically placed
Warning: IO 'rvfi_ext_mhpmcountersh[194]' is unconstrained in LPF and will be automatically placed
Warning: IO 'rvfi_ext_mhpmcountersh[193]' is unconstrained in LPF and will be automatically placed
Warning: IO 'rvfi_ext_mhpmcountersh[192]' is unconstrained in LPF and will be automatically placed
Warning: IO 'rvfi_ext_mhpmcountersh[191]' is unconstrained in LPF and will be automatically placed
Warning: IO 'rvfi_ext_mhpmcountersh[190]' is unconstrained in LPF and will be automatically placed
Warning: IO 'rvfi_ext_mhpmcountersh[189]' is unconstrained in LPF and will be automatically placed
Warning: IO 'rvfi_ext_mhpmcountersh[188]' is unconstrained in LPF and will be automatically placed
Warning: IO 'rvfi_ext_mhpmcountersh[187]' is unconstrained in LPF and will be automatically placed
Warning: IO 'rvfi_ext_mhpmcountersh[186]' is unconstrained in LPF and will be automatically placed
Warning: IO 'rvfi_ext_mhpmcountersh[185]' is unconstrained in LPF and will be automatically placed
Warning: IO 'rvfi_ext_mhpmcountersh[184]' is unconstrained in LPF and will be automatically placed
Warning: IO 'rvfi_ext_mhpmcountersh[183]' is unconstrained in LPF and will be automatically placed
Warning: IO 'rvfi_ext_mhpmcountersh[182]' is unconstrained in LPF and will be automatically placed
Warning: IO 'rvfi_ext_mhpmcountersh[181]' is unconstrained in LPF and will be automatically placed
Warning: IO 'rvfi_ext_mhpmcountersh[180]' is unconstrained in LPF and will be automatically placed
Warning: IO 'rvfi_ext_mhpmcountersh[179]' is unconstrained in LPF and will be automatically placed
Warning: IO 'rvfi_ext_mhpmcountersh[178]' is unconstrained in LPF and will be automatically placed
Warning: IO 'rvfi_ext_mhpmcountersh[177]' is unconstrained in LPF and will be automatically placed
Warning: IO 'rvfi_ext_mhpmcountersh[176]' is unconstrained in LPF and will be automatically placed
Warning: IO 'rvfi_ext_mhpmcountersh[175]' is unconstrained in LPF and will be automatically placed
Warning: IO 'rvfi_ext_mhpmcountersh[174]' is unconstrained in LPF and will be automatically placed
Warning: IO 'rvfi_ext_mhpmcountersh[173]' is unconstrained in LPF and will be automatically placed
Warning: IO 'rvfi_ext_mhpmcountersh[172]' is unconstrained in LPF and will be automatically placed
Warning: IO 'rvfi_ext_mhpmcountersh[171]' is unconstrained in LPF and will be automatically placed
Warning: IO 'rvfi_ext_mhpmcountersh[170]' is unconstrained in LPF and will be automatically placed
Warning: IO 'rvfi_ext_mhpmcountersh[169]' is unconstrained in LPF and will be automatically placed
Warning: IO 'rvfi_ext_mhpmcountersh[168]' is unconstrained in LPF and will be automatically placed
Warning: IO 'rvfi_ext_mhpmcountersh[167]' is unconstrained in LPF and will be automatically placed
Warning: IO 'rvfi_ext_mhpmcountersh[166]' is unconstrained in LPF and will be automatically placed
Warning: IO 'rvfi_ext_mhpmcountersh[165]' is unconstrained in LPF and will be automatically placed
Warning: IO 'rvfi_ext_mhpmcountersh[164]' is unconstrained in LPF and will be automatically placed
Warning: IO 'rvfi_ext_mhpmcountersh[163]' is unconstrained in LPF and will be automatically placed
Warning: IO 'rvfi_ext_mhpmcountersh[162]' is unconstrained in LPF and will be automatically placed
Warning: IO 'rvfi_ext_mhpmcountersh[161]' is unconstrained in LPF and will be automatically placed
Warning: IO 'rvfi_ext_mhpmcountersh[160]' is unconstrained in LPF and will be automatically placed
Warning: IO 'rvfi_ext_mhpmcountersh[159]' is unconstrained in LPF and will be automatically placed
Warning: IO 'rvfi_ext_mhpmcountersh[158]' is unconstrained in LPF and will be automatically placed
Warning: IO 'rvfi_ext_mhpmcountersh[157]' is unconstrained in LPF and will be automatically placed
Warning: IO 'rvfi_ext_mhpmcountersh[156]' is unconstrained in LPF and will be automatically placed
Warning: IO 'rvfi_ext_mhpmcountersh[155]' is unconstrained in LPF and will be automatically placed
Warning: IO 'rvfi_ext_mhpmcountersh[154]' is unconstrained in LPF and will be automatically placed
Warning: IO 'rvfi_ext_mhpmcountersh[153]' is unconstrained in LPF and will be automatically placed
Warning: IO 'rvfi_ext_mhpmcountersh[152]' is unconstrained in LPF and will be automatically placed
Warning: IO 'rvfi_ext_mhpmcountersh[151]' is unconstrained in LPF and will be automatically placed
Warning: IO 'rvfi_ext_mhpmcountersh[150]' is unconstrained in LPF and will be automatically placed
Warning: IO 'rvfi_ext_mhpmcountersh[149]' is unconstrained in LPF and will be automatically placed
Warning: IO 'rvfi_ext_mhpmcountersh[148]' is unconstrained in LPF and will be automatically placed
Warning: IO 'rvfi_ext_mhpmcountersh[147]' is unconstrained in LPF and will be automatically placed
Warning: IO 'rvfi_ext_mhpmcountersh[146]' is unconstrained in LPF and will be automatically placed
Warning: IO 'rvfi_ext_mhpmcountersh[145]' is unconstrained in LPF and will be automatically placed
Warning: IO 'rvfi_ext_mhpmcountersh[144]' is unconstrained in LPF and will be automatically placed
Warning: IO 'rvfi_ext_mhpmcountersh[143]' is unconstrained in LPF and will be automatically placed
Warning: IO 'rvfi_ext_mhpmcountersh[142]' is unconstrained in LPF and will be automatically placed
Warning: IO 'rvfi_ext_mhpmcountersh[141]' is unconstrained in LPF and will be automatically placed
Warning: IO 'rvfi_ext_mhpmcountersh[140]' is unconstrained in LPF and will be automatically placed
Warning: IO 'rvfi_ext_mhpmcountersh[139]' is unconstrained in LPF and will be automatically placed
Warning: IO 'rvfi_ext_mhpmcountersh[138]' is unconstrained in LPF and will be automatically placed
Warning: IO 'rvfi_ext_mhpmcountersh[137]' is unconstrained in LPF and will be automatically placed
Warning: IO 'rvfi_ext_mhpmcountersh[136]' is unconstrained in LPF and will be automatically placed
Warning: IO 'rvfi_ext_mhpmcountersh[135]' is unconstrained in LPF and will be automatically placed
Warning: IO 'rvfi_ext_mhpmcountersh[134]' is unconstrained in LPF and will be automatically placed
Warning: IO 'rvfi_ext_mhpmcountersh[133]' is unconstrained in LPF and will be automatically placed
Warning: IO 'rvfi_ext_mhpmcountersh[132]' is unconstrained in LPF and will be automatically placed
Warning: IO 'rvfi_ext_mhpmcountersh[131]' is unconstrained in LPF and will be automatically placed
Warning: IO 'rvfi_ext_mhpmcountersh[130]' is unconstrained in LPF and will be automatically placed
Warning: IO 'rvfi_ext_mhpmcountersh[129]' is unconstrained in LPF and will be automatically placed
Warning: IO 'rvfi_ext_mhpmcountersh[128]' is unconstrained in LPF and will be automatically placed
Warning: IO 'rvfi_ext_mhpmcountersh[127]' is unconstrained in LPF and will be automatically placed
Warning: IO 'rvfi_ext_mhpmcountersh[126]' is unconstrained in LPF and will be automatically placed
Warning: IO 'rvfi_ext_mhpmcountersh[125]' is unconstrained in LPF and will be automatically placed
Warning: IO 'rvfi_ext_mhpmcountersh[124]' is unconstrained in LPF and will be automatically placed
Warning: IO 'rvfi_ext_mhpmcountersh[123]' is unconstrained in LPF and will be automatically placed
Warning: IO 'rvfi_ext_mhpmcountersh[122]' is unconstrained in LPF and will be automatically placed
Warning: IO 'rvfi_ext_mhpmcountersh[121]' is unconstrained in LPF and will be automatically placed
Warning: IO 'rvfi_ext_mhpmcountersh[120]' is unconstrained in LPF and will be automatically placed
Warning: IO 'rvfi_ext_mhpmcountersh[119]' is unconstrained in LPF and will be automatically placed
Warning: IO 'rvfi_ext_mhpmcountersh[118]' is unconstrained in LPF and will be automatically placed
Warning: IO 'rvfi_ext_mhpmcountersh[117]' is unconstrained in LPF and will be automatically placed
Warning: IO 'rvfi_ext_mhpmcountersh[116]' is unconstrained in LPF and will be automatically placed
Warning: IO 'rvfi_ext_mhpmcountersh[115]' is unconstrained in LPF and will be automatically placed
Warning: IO 'rvfi_ext_mhpmcountersh[114]' is unconstrained in LPF and will be automatically placed
Warning: IO 'rvfi_ext_mhpmcountersh[113]' is unconstrained in LPF and will be automatically placed
Warning: IO 'rvfi_ext_mhpmcountersh[112]' is unconstrained in LPF and will be automatically placed
Warning: IO 'rvfi_ext_mhpmcountersh[111]' is unconstrained in LPF and will be automatically placed
Warning: IO 'rvfi_ext_mhpmcountersh[110]' is unconstrained in LPF and will be automatically placed
Warning: IO 'rvfi_ext_mhpmcountersh[109]' is unconstrained in LPF and will be automatically placed
Warning: IO 'rvfi_ext_mhpmcountersh[108]' is unconstrained in LPF and will be automatically placed
Warning: IO 'rvfi_ext_mhpmcountersh[107]' is unconstrained in LPF and will be automatically placed
Warning: IO 'rvfi_ext_mhpmcountersh[106]' is unconstrained in LPF and will be automatically placed
Warning: IO 'rvfi_ext_mhpmcountersh[105]' is unconstrained in LPF and will be automatically placed
Warning: IO 'rvfi_ext_mhpmcountersh[104]' is unconstrained in LPF and will be automatically placed
Warning: IO 'rvfi_ext_mhpmcountersh[103]' is unconstrained in LPF and will be automatically placed
Warning: IO 'rvfi_ext_mhpmcountersh[102]' is unconstrained in LPF and will be automatically placed
Warning: IO 'rvfi_ext_mhpmcountersh[101]' is unconstrained in LPF and will be automatically placed
Warning: IO 'rvfi_ext_mhpmcountersh[100]' is unconstrained in LPF and will be automatically placed
Warning: IO 'rvfi_ext_mhpmcountersh[99]' is unconstrained in LPF and will be automatically placed
Warning: IO 'rvfi_ext_mhpmcountersh[98]' is unconstrained in LPF and will be automatically placed
Warning: IO 'rvfi_ext_mhpmcountersh[97]' is unconstrained in LPF and will be automatically placed
Warning: IO 'rvfi_ext_mhpmcountersh[96]' is unconstrained in LPF and will be automatically placed
Warning: IO 'rvfi_ext_mhpmcountersh[95]' is unconstrained in LPF and will be automatically placed
Warning: IO 'rvfi_ext_mhpmcountersh[94]' is unconstrained in LPF and will be automatically placed
Warning: IO 'rvfi_ext_mhpmcountersh[93]' is unconstrained in LPF and will be automatically placed
Warning: IO 'rvfi_ext_mhpmcountersh[92]' is unconstrained in LPF and will be automatically placed
Warning: IO 'rvfi_ext_mhpmcountersh[91]' is unconstrained in LPF and will be automatically placed
Warning: IO 'rvfi_ext_mhpmcountersh[90]' is unconstrained in LPF and will be automatically placed
Warning: IO 'rvfi_ext_mhpmcountersh[89]' is unconstrained in LPF and will be automatically placed
Warning: IO 'rvfi_ext_mhpmcountersh[88]' is unconstrained in LPF and will be automatically placed
Warning: IO 'rvfi_ext_mhpmcountersh[87]' is unconstrained in LPF and will be automatically placed
Warning: IO 'rvfi_ext_mhpmcountersh[86]' is unconstrained in LPF and will be automatically placed
Warning: IO 'rvfi_ext_mhpmcountersh[85]' is unconstrained in LPF and will be automatically placed
Warning: IO 'rvfi_ext_mhpmcountersh[84]' is unconstrained in LPF and will be automatically placed
Warning: IO 'rvfi_ext_mhpmcountersh[83]' is unconstrained in LPF and will be automatically placed
Warning: IO 'rvfi_ext_mhpmcountersh[82]' is unconstrained in LPF and will be automatically placed
Warning: IO 'rvfi_ext_mhpmcountersh[81]' is unconstrained in LPF and will be automatically placed
Warning: IO 'rvfi_ext_mhpmcountersh[80]' is unconstrained in LPF and will be automatically placed
Warning: IO 'rvfi_ext_mhpmcountersh[79]' is unconstrained in LPF and will be automatically placed
Warning: IO 'rvfi_ext_mhpmcountersh[78]' is unconstrained in LPF and will be automatically placed
Warning: IO 'rvfi_ext_mhpmcountersh[77]' is unconstrained in LPF and will be automatically placed
Warning: IO 'rvfi_ext_mhpmcountersh[76]' is unconstrained in LPF and will be automatically placed
Warning: IO 'rvfi_ext_mhpmcountersh[75]' is unconstrained in LPF and will be automatically placed
Warning: IO 'rvfi_ext_mhpmcountersh[74]' is unconstrained in LPF and will be automatically placed
Warning: IO 'rvfi_ext_mhpmcountersh[73]' is unconstrained in LPF and will be automatically placed
Warning: IO 'rvfi_ext_mhpmcountersh[72]' is unconstrained in LPF and will be automatically placed
Warning: IO 'rvfi_ext_mhpmcountersh[71]' is unconstrained in LPF and will be automatically placed
Warning: IO 'rvfi_ext_mhpmcountersh[70]' is unconstrained in LPF and will be automatically placed
Warning: IO 'rvfi_ext_mhpmcountersh[69]' is unconstrained in LPF and will be automatically placed
Warning: IO 'rvfi_ext_mhpmcountersh[68]' is unconstrained in LPF and will be automatically placed
Warning: IO 'rvfi_ext_mhpmcountersh[67]' is unconstrained in LPF and will be automatically placed
Warning: IO 'rvfi_ext_mhpmcountersh[66]' is unconstrained in LPF and will be automatically placed
Warning: IO 'rvfi_ext_mhpmcountersh[65]' is unconstrained in LPF and will be automatically placed
Warning: IO 'rvfi_ext_mhpmcountersh[64]' is unconstrained in LPF and will be automatically placed
Warning: IO 'rvfi_ext_mhpmcountersh[63]' is unconstrained in LPF and will be automatically placed
Warning: IO 'rvfi_ext_mhpmcountersh[62]' is unconstrained in LPF and will be automatically placed
Warning: IO 'rvfi_ext_mhpmcountersh[61]' is unconstrained in LPF and will be automatically placed
Warning: IO 'rvfi_ext_mhpmcountersh[60]' is unconstrained in LPF and will be automatically placed
Warning: IO 'rvfi_ext_mhpmcountersh[59]' is unconstrained in LPF and will be automatically placed
Warning: IO 'rvfi_ext_mhpmcountersh[58]' is unconstrained in LPF and will be automatically placed
Warning: IO 'rvfi_ext_mhpmcountersh[57]' is unconstrained in LPF and will be automatically placed
Warning: IO 'rvfi_ext_mhpmcountersh[56]' is unconstrained in LPF and will be automatically placed
Warning: IO 'rvfi_ext_mhpmcountersh[55]' is unconstrained in LPF and will be automatically placed
Warning: IO 'rvfi_ext_mhpmcountersh[54]' is unconstrained in LPF and will be automatically placed
Warning: IO 'rvfi_ext_mhpmcountersh[53]' is unconstrained in LPF and will be automatically placed
Warning: IO 'rvfi_ext_mhpmcountersh[52]' is unconstrained in LPF and will be automatically placed
Warning: IO 'rvfi_ext_mhpmcountersh[51]' is unconstrained in LPF and will be automatically placed
Warning: IO 'rvfi_ext_mhpmcountersh[50]' is unconstrained in LPF and will be automatically placed
Warning: IO 'rvfi_ext_mhpmcountersh[49]' is unconstrained in LPF and will be automatically placed
Warning: IO 'rvfi_ext_mhpmcountersh[48]' is unconstrained in LPF and will be automatically placed
Warning: IO 'rvfi_ext_mhpmcountersh[47]' is unconstrained in LPF and will be automatically placed
Warning: IO 'rvfi_ext_mhpmcountersh[46]' is unconstrained in LPF and will be automatically placed
Warning: IO 'rvfi_ext_mhpmcountersh[45]' is unconstrained in LPF and will be automatically placed
Warning: IO 'rvfi_ext_mhpmcountersh[44]' is unconstrained in LPF and will be automatically placed
Warning: IO 'rvfi_ext_mhpmcountersh[43]' is unconstrained in LPF and will be automatically placed
Warning: IO 'rvfi_ext_mhpmcountersh[42]' is unconstrained in LPF and will be automatically placed
Warning: IO 'rvfi_ext_mhpmcountersh[41]' is unconstrained in LPF and will be automatically placed
Warning: IO 'rvfi_ext_mhpmcountersh[40]' is unconstrained in LPF and will be automatically placed
Warning: IO 'rvfi_ext_mhpmcountersh[39]' is unconstrained in LPF and will be automatically placed
Warning: IO 'rvfi_ext_mhpmcountersh[38]' is unconstrained in LPF and will be automatically placed
Warning: IO 'rvfi_ext_mhpmcountersh[37]' is unconstrained in LPF and will be automatically placed
Warning: IO 'rvfi_ext_mhpmcountersh[36]' is unconstrained in LPF and will be automatically placed
Warning: IO 'rvfi_ext_mhpmcountersh[35]' is unconstrained in LPF and will be automatically placed
Warning: IO 'rvfi_ext_mhpmcountersh[34]' is unconstrained in LPF and will be automatically placed
Warning: IO 'rvfi_ext_mhpmcountersh[33]' is unconstrained in LPF and will be automatically placed
Warning: IO 'rvfi_ext_mhpmcountersh[32]' is unconstrained in LPF and will be automatically placed
Warning: IO 'rvfi_ext_mhpmcountersh[31]' is unconstrained in LPF and will be automatically placed
Warning: IO 'rvfi_ext_mhpmcountersh[30]' is unconstrained in LPF and will be automatically placed
Warning: IO 'rvfi_ext_mhpmcountersh[29]' is unconstrained in LPF and will be automatically placed
Warning: IO 'rvfi_ext_mhpmcountersh[28]' is unconstrained in LPF and will be automatically placed
Warning: IO 'rvfi_ext_mhpmcountersh[27]' is unconstrained in LPF and will be automatically placed
Warning: IO 'rvfi_ext_mhpmcountersh[26]' is unconstrained in LPF and will be automatically placed
Warning: IO 'rvfi_ext_mhpmcountersh[25]' is unconstrained in LPF and will be automatically placed
Warning: IO 'rvfi_ext_mhpmcountersh[24]' is unconstrained in LPF and will be automatically placed
Warning: IO 'rvfi_ext_mhpmcountersh[23]' is unconstrained in LPF and will be automatically placed
Warning: IO 'rvfi_ext_mhpmcountersh[22]' is unconstrained in LPF and will be automatically placed
Warning: IO 'rvfi_ext_mhpmcountersh[21]' is unconstrained in LPF and will be automatically placed
Warning: IO 'rvfi_ext_mhpmcountersh[20]' is unconstrained in LPF and will be automatically placed
Warning: IO 'rvfi_ext_mhpmcountersh[19]' is unconstrained in LPF and will be automatically placed
Warning: IO 'rvfi_ext_mhpmcountersh[18]' is unconstrained in LPF and will be automatically placed
Warning: IO 'rvfi_ext_mhpmcountersh[17]' is unconstrained in LPF and will be automatically placed
Warning: IO 'rvfi_ext_mhpmcountersh[16]' is unconstrained in LPF and will be automatically placed
Warning: IO 'rvfi_ext_mhpmcountersh[15]' is unconstrained in LPF and will be automatically placed
Warning: IO 'rvfi_ext_mhpmcountersh[14]' is unconstrained in LPF and will be automatically placed
Warning: IO 'rvfi_ext_mhpmcountersh[13]' is unconstrained in LPF and will be automatically placed
Warning: IO 'rvfi_ext_mhpmcountersh[12]' is unconstrained in LPF and will be automatically placed
Warning: IO 'rvfi_ext_mhpmcountersh[11]' is unconstrained in LPF and will be automatically placed
Warning: IO 'rvfi_ext_mhpmcountersh[10]' is unconstrained in LPF and will be automatically placed
Warning: IO 'rvfi_ext_mhpmcountersh[9]' is unconstrained in LPF and will be automatically placed
Warning: IO 'rvfi_ext_mhpmcountersh[8]' is unconstrained in LPF and will be automatically placed
Warning: IO 'rvfi_ext_mhpmcountersh[7]' is unconstrained in LPF and will be automatically placed
Warning: IO 'rvfi_ext_mhpmcountersh[6]' is unconstrained in LPF and will be automatically placed
Warning: IO 'rvfi_ext_mhpmcountersh[5]' is unconstrained in LPF and will be automatically placed
Warning: IO 'rvfi_ext_mhpmcountersh[4]' is unconstrained in LPF and will be automatically placed
Warning: IO 'rvfi_ext_mhpmcountersh[3]' is unconstrained in LPF and will be automatically placed
Warning: IO 'rvfi_ext_mhpmcountersh[2]' is unconstrained in LPF and will be automatically placed
Warning: IO 'rvfi_ext_mhpmcountersh[1]' is unconstrained in LPF and will be automatically placed
Warning: IO 'rvfi_ext_mhpmcountersh[0]' is unconstrained in LPF and will be automatically placed
Warning: IO 'rvfi_ext_mhpmcounters[319]' is unconstrained in LPF and will be automatically placed
Warning: IO 'rvfi_ext_mhpmcounters[318]' is unconstrained in LPF and will be automatically placed
Warning: IO 'rvfi_ext_mhpmcounters[317]' is unconstrained in LPF and will be automatically placed
Warning: IO 'rvfi_ext_mhpmcounters[316]' is unconstrained in LPF and will be automatically placed
Warning: IO 'rvfi_ext_mhpmcounters[315]' is unconstrained in LPF and will be automatically placed
Warning: IO 'rvfi_ext_mhpmcounters[314]' is unconstrained in LPF and will be automatically placed
Warning: IO 'rvfi_ext_mhpmcounters[313]' is unconstrained in LPF and will be automatically placed
Warning: IO 'rvfi_ext_mhpmcounters[312]' is unconstrained in LPF and will be automatically placed
Warning: IO 'rvfi_ext_mhpmcounters[311]' is unconstrained in LPF and will be automatically placed
Warning: IO 'rvfi_ext_mhpmcounters[310]' is unconstrained in LPF and will be automatically placed
Warning: IO 'rvfi_ext_mhpmcounters[309]' is unconstrained in LPF and will be automatically placed
Warning: IO 'rvfi_ext_mhpmcounters[308]' is unconstrained in LPF and will be automatically placed
Warning: IO 'rvfi_ext_mhpmcounters[307]' is unconstrained in LPF and will be automatically placed
Warning: IO 'rvfi_ext_mhpmcounters[306]' is unconstrained in LPF and will be automatically placed
Warning: IO 'rvfi_ext_mhpmcounters[305]' is unconstrained in LPF and will be automatically placed
Warning: IO 'rvfi_ext_mhpmcounters[304]' is unconstrained in LPF and will be automatically placed
Warning: IO 'rvfi_ext_mhpmcounters[303]' is unconstrained in LPF and will be automatically placed
Warning: IO 'rvfi_ext_mhpmcounters[302]' is unconstrained in LPF and will be automatically placed
Warning: IO 'rvfi_ext_mhpmcounters[301]' is unconstrained in LPF and will be automatically placed
Warning: IO 'rvfi_ext_mhpmcounters[300]' is unconstrained in LPF and will be automatically placed
Warning: IO 'rvfi_ext_mhpmcounters[299]' is unconstrained in LPF and will be automatically placed
Warning: IO 'rvfi_ext_mhpmcounters[298]' is unconstrained in LPF and will be automatically placed
Warning: IO 'rvfi_ext_mhpmcounters[297]' is unconstrained in LPF and will be automatically placed
Warning: IO 'rvfi_ext_mhpmcounters[296]' is unconstrained in LPF and will be automatically placed
Warning: IO 'rvfi_ext_mhpmcounters[295]' is unconstrained in LPF and will be automatically placed
Warning: IO 'rvfi_ext_mhpmcounters[294]' is unconstrained in LPF and will be automatically placed
Warning: IO 'rvfi_ext_mhpmcounters[293]' is unconstrained in LPF and will be automatically placed
Warning: IO 'rvfi_ext_mhpmcounters[292]' is unconstrained in LPF and will be automatically placed
Warning: IO 'rvfi_ext_mhpmcounters[291]' is unconstrained in LPF and will be automatically placed
Warning: IO 'rvfi_ext_mhpmcounters[290]' is unconstrained in LPF and will be automatically placed
Warning: IO 'rvfi_ext_mhpmcounters[289]' is unconstrained in LPF and will be automatically placed
Warning: IO 'rvfi_ext_mhpmcounters[288]' is unconstrained in LPF and will be automatically placed
Warning: IO 'rvfi_ext_mhpmcounters[287]' is unconstrained in LPF and will be automatically placed
Warning: IO 'rvfi_ext_mhpmcounters[286]' is unconstrained in LPF and will be automatically placed
Warning: IO 'rvfi_ext_mhpmcounters[285]' is unconstrained in LPF and will be automatically placed
Warning: IO 'rvfi_ext_mhpmcounters[284]' is unconstrained in LPF and will be automatically placed
Warning: IO 'rvfi_ext_mhpmcounters[283]' is unconstrained in LPF and will be automatically placed
Warning: IO 'rvfi_ext_mhpmcounters[282]' is unconstrained in LPF and will be automatically placed
Warning: IO 'rvfi_ext_mhpmcounters[281]' is unconstrained in LPF and will be automatically placed
Warning: IO 'rvfi_ext_mhpmcounters[280]' is unconstrained in LPF and will be automatically placed
Warning: IO 'rvfi_ext_mhpmcounters[279]' is unconstrained in LPF and will be automatically placed
Warning: IO 'rvfi_ext_mhpmcounters[278]' is unconstrained in LPF and will be automatically placed
Warning: IO 'rvfi_ext_mhpmcounters[277]' is unconstrained in LPF and will be automatically placed
Warning: IO 'rvfi_ext_mhpmcounters[276]' is unconstrained in LPF and will be automatically placed
Warning: IO 'rvfi_ext_mhpmcounters[275]' is unconstrained in LPF and will be automatically placed
Warning: IO 'rvfi_ext_mhpmcounters[274]' is unconstrained in LPF and will be automatically placed
Warning: IO 'rvfi_ext_mhpmcounters[273]' is unconstrained in LPF and will be automatically placed
Warning: IO 'rvfi_ext_mhpmcounters[272]' is unconstrained in LPF and will be automatically placed
Warning: IO 'rvfi_ext_mhpmcounters[271]' is unconstrained in LPF and will be automatically placed
Warning: IO 'rvfi_ext_mhpmcounters[270]' is unconstrained in LPF and will be automatically placed
Warning: IO 'rvfi_ext_mhpmcounters[269]' is unconstrained in LPF and will be automatically placed
Warning: IO 'rvfi_ext_mhpmcounters[268]' is unconstrained in LPF and will be automatically placed
Warning: IO 'rvfi_ext_mhpmcounters[267]' is unconstrained in LPF and will be automatically placed
Warning: IO 'rvfi_ext_mhpmcounters[266]' is unconstrained in LPF and will be automatically placed
Warning: IO 'rvfi_ext_mhpmcounters[265]' is unconstrained in LPF and will be automatically placed
Warning: IO 'rvfi_ext_mhpmcounters[264]' is unconstrained in LPF and will be automatically placed
Warning: IO 'rvfi_ext_mhpmcounters[263]' is unconstrained in LPF and will be automatically placed
Warning: IO 'rvfi_ext_mhpmcounters[262]' is unconstrained in LPF and will be automatically placed
Warning: IO 'rvfi_ext_mhpmcounters[261]' is unconstrained in LPF and will be automatically placed
Warning: IO 'rvfi_ext_mhpmcounters[260]' is unconstrained in LPF and will be automatically placed
Warning: IO 'rvfi_ext_mhpmcounters[259]' is unconstrained in LPF and will be automatically placed
Warning: IO 'rvfi_ext_mhpmcounters[258]' is unconstrained in LPF and will be automatically placed
Warning: IO 'rvfi_ext_mhpmcounters[257]' is unconstrained in LPF and will be automatically placed
Warning: IO 'rvfi_ext_mhpmcounters[256]' is unconstrained in LPF and will be automatically placed
Warning: IO 'rvfi_ext_mhpmcounters[255]' is unconstrained in LPF and will be automatically placed
Warning: IO 'rvfi_ext_mhpmcounters[254]' is unconstrained in LPF and will be automatically placed
Warning: IO 'rvfi_ext_mhpmcounters[253]' is unconstrained in LPF and will be automatically placed
Warning: IO 'rvfi_ext_mhpmcounters[252]' is unconstrained in LPF and will be automatically placed
Warning: IO 'rvfi_ext_mhpmcounters[251]' is unconstrained in LPF and will be automatically placed
Warning: IO 'rvfi_ext_mhpmcounters[250]' is unconstrained in LPF and will be automatically placed
Warning: IO 'rvfi_ext_mhpmcounters[249]' is unconstrained in LPF and will be automatically placed
Warning: IO 'rvfi_ext_mhpmcounters[248]' is unconstrained in LPF and will be automatically placed
Warning: IO 'rvfi_ext_mhpmcounters[247]' is unconstrained in LPF and will be automatically placed
Warning: IO 'rvfi_ext_mhpmcounters[246]' is unconstrained in LPF and will be automatically placed
Warning: IO 'rvfi_ext_mhpmcounters[245]' is unconstrained in LPF and will be automatically placed
Warning: IO 'rvfi_ext_mhpmcounters[244]' is unconstrained in LPF and will be automatically placed
Warning: IO 'rvfi_ext_mhpmcounters[243]' is unconstrained in LPF and will be automatically placed
Warning: IO 'rvfi_ext_mhpmcounters[242]' is unconstrained in LPF and will be automatically placed
Warning: IO 'rvfi_ext_mhpmcounters[241]' is unconstrained in LPF and will be automatically placed
Warning: IO 'rvfi_ext_mhpmcounters[240]' is unconstrained in LPF and will be automatically placed
Warning: IO 'rvfi_ext_mhpmcounters[239]' is unconstrained in LPF and will be automatically placed
Warning: IO 'rvfi_ext_mhpmcounters[238]' is unconstrained in LPF and will be automatically placed
Warning: IO 'rvfi_ext_mhpmcounters[237]' is unconstrained in LPF and will be automatically placed
Warning: IO 'rvfi_ext_mhpmcounters[236]' is unconstrained in LPF and will be automatically placed
Warning: IO 'rvfi_ext_mhpmcounters[235]' is unconstrained in LPF and will be automatically placed
Warning: IO 'rvfi_ext_mhpmcounters[234]' is unconstrained in LPF and will be automatically placed
Warning: IO 'rvfi_ext_mhpmcounters[233]' is unconstrained in LPF and will be automatically placed
Warning: IO 'rvfi_ext_mhpmcounters[232]' is unconstrained in LPF and will be automatically placed
Warning: IO 'rvfi_ext_mhpmcounters[231]' is unconstrained in LPF and will be automatically placed
Warning: IO 'rvfi_ext_mhpmcounters[230]' is unconstrained in LPF and will be automatically placed
Warning: IO 'rvfi_ext_mhpmcounters[229]' is unconstrained in LPF and will be automatically placed
Warning: IO 'rvfi_ext_mhpmcounters[228]' is unconstrained in LPF and will be automatically placed
Warning: IO 'rvfi_ext_mhpmcounters[227]' is unconstrained in LPF and will be automatically placed
Warning: IO 'rvfi_ext_mhpmcounters[226]' is unconstrained in LPF and will be automatically placed
Warning: IO 'rvfi_ext_mhpmcounters[225]' is unconstrained in LPF and will be automatically placed
Warning: IO 'rvfi_ext_mhpmcounters[224]' is unconstrained in LPF and will be automatically placed
Warning: IO 'rvfi_ext_mhpmcounters[223]' is unconstrained in LPF and will be automatically placed
Warning: IO 'rvfi_ext_mhpmcounters[222]' is unconstrained in LPF and will be automatically placed
Warning: IO 'rvfi_ext_mhpmcounters[221]' is unconstrained in LPF and will be automatically placed
Warning: IO 'rvfi_ext_mhpmcounters[220]' is unconstrained in LPF and will be automatically placed
Warning: IO 'rvfi_ext_mhpmcounters[219]' is unconstrained in LPF and will be automatically placed
Warning: IO 'rvfi_ext_mhpmcounters[218]' is unconstrained in LPF and will be automatically placed
Warning: IO 'rvfi_ext_mhpmcounters[217]' is unconstrained in LPF and will be automatically placed
Warning: IO 'rvfi_ext_mhpmcounters[216]' is unconstrained in LPF and will be automatically placed
Warning: IO 'rvfi_ext_mhpmcounters[215]' is unconstrained in LPF and will be automatically placed
Warning: IO 'rvfi_ext_mhpmcounters[214]' is unconstrained in LPF and will be automatically placed
Warning: IO 'rvfi_ext_mhpmcounters[213]' is unconstrained in LPF and will be automatically placed
Warning: IO 'rvfi_ext_mhpmcounters[212]' is unconstrained in LPF and will be automatically placed
Warning: IO 'rvfi_ext_mhpmcounters[211]' is unconstrained in LPF and will be automatically placed
Warning: IO 'rvfi_ext_mhpmcounters[210]' is unconstrained in LPF and will be automatically placed
Warning: IO 'rvfi_ext_mhpmcounters[209]' is unconstrained in LPF and will be automatically placed
Warning: IO 'rvfi_ext_mhpmcounters[208]' is unconstrained in LPF and will be automatically placed
Warning: IO 'rvfi_ext_mhpmcounters[207]' is unconstrained in LPF and will be automatically placed
Warning: IO 'rvfi_ext_mhpmcounters[206]' is unconstrained in LPF and will be automatically placed
Warning: IO 'rvfi_ext_mhpmcounters[205]' is unconstrained in LPF and will be automatically placed
Warning: IO 'rvfi_ext_mhpmcounters[204]' is unconstrained in LPF and will be automatically placed
Warning: IO 'rvfi_ext_mhpmcounters[203]' is unconstrained in LPF and will be automatically placed
Warning: IO 'rvfi_ext_mhpmcounters[202]' is unconstrained in LPF and will be automatically placed
Warning: IO 'rvfi_ext_mhpmcounters[201]' is unconstrained in LPF and will be automatically placed
Warning: IO 'rvfi_ext_mhpmcounters[200]' is unconstrained in LPF and will be automatically placed
Warning: IO 'rvfi_ext_mhpmcounters[199]' is unconstrained in LPF and will be automatically placed
Warning: IO 'rvfi_ext_mhpmcounters[198]' is unconstrained in LPF and will be automatically placed
Warning: IO 'rvfi_ext_mhpmcounters[197]' is unconstrained in LPF and will be automatically placed
Warning: IO 'rvfi_ext_mhpmcounters[196]' is unconstrained in LPF and will be automatically placed
Warning: IO 'rvfi_ext_mhpmcounters[195]' is unconstrained in LPF and will be automatically placed
Warning: IO 'rvfi_ext_mhpmcounters[194]' is unconstrained in LPF and will be automatically placed
Warning: IO 'rvfi_ext_mhpmcounters[193]' is unconstrained in LPF and will be automatically placed
Warning: IO 'rvfi_ext_mhpmcounters[192]' is unconstrained in LPF and will be automatically placed
Warning: IO 'rvfi_ext_mhpmcounters[191]' is unconstrained in LPF and will be automatically placed
Warning: IO 'rvfi_ext_mhpmcounters[190]' is unconstrained in LPF and will be automatically placed
Warning: IO 'rvfi_ext_mhpmcounters[189]' is unconstrained in LPF and will be automatically placed
Warning: IO 'rvfi_ext_mhpmcounters[188]' is unconstrained in LPF and will be automatically placed
Warning: IO 'rvfi_ext_mhpmcounters[187]' is unconstrained in LPF and will be automatically placed
Warning: IO 'rvfi_ext_mhpmcounters[186]' is unconstrained in LPF and will be automatically placed
Warning: IO 'rvfi_ext_mhpmcounters[185]' is unconstrained in LPF and will be automatically placed
Warning: IO 'rvfi_ext_mhpmcounters[184]' is unconstrained in LPF and will be automatically placed
Warning: IO 'rvfi_ext_mhpmcounters[183]' is unconstrained in LPF and will be automatically placed
Warning: IO 'rvfi_ext_mhpmcounters[182]' is unconstrained in LPF and will be automatically placed
Warning: IO 'rvfi_ext_mhpmcounters[181]' is unconstrained in LPF and will be automatically placed
Warning: IO 'rvfi_ext_mhpmcounters[180]' is unconstrained in LPF and will be automatically placed
Warning: IO 'rvfi_ext_mhpmcounters[179]' is unconstrained in LPF and will be automatically placed
Warning: IO 'rvfi_ext_mhpmcounters[178]' is unconstrained in LPF and will be automatically placed
Warning: IO 'rvfi_ext_mhpmcounters[177]' is unconstrained in LPF and will be automatically placed
Warning: IO 'rvfi_ext_mhpmcounters[176]' is unconstrained in LPF and will be automatically placed
Warning: IO 'rvfi_ext_mhpmcounters[175]' is unconstrained in LPF and will be automatically placed
Warning: IO 'rvfi_ext_mhpmcounters[174]' is unconstrained in LPF and will be automatically placed
Warning: IO 'rvfi_ext_mhpmcounters[173]' is unconstrained in LPF and will be automatically placed
Warning: IO 'rvfi_ext_mhpmcounters[172]' is unconstrained in LPF and will be automatically placed
Warning: IO 'rvfi_ext_mhpmcounters[171]' is unconstrained in LPF and will be automatically placed
Warning: IO 'rvfi_ext_mhpmcounters[170]' is unconstrained in LPF and will be automatically placed
Warning: IO 'rvfi_ext_mhpmcounters[169]' is unconstrained in LPF and will be automatically placed
Warning: IO 'rvfi_ext_mhpmcounters[168]' is unconstrained in LPF and will be automatically placed
Warning: IO 'rvfi_ext_mhpmcounters[167]' is unconstrained in LPF and will be automatically placed
Warning: IO 'rvfi_ext_mhpmcounters[166]' is unconstrained in LPF and will be automatically placed
Warning: IO 'rvfi_ext_mhpmcounters[165]' is unconstrained in LPF and will be automatically placed
Warning: IO 'rvfi_ext_mhpmcounters[164]' is unconstrained in LPF and will be automatically placed
Warning: IO 'rvfi_ext_mhpmcounters[163]' is unconstrained in LPF and will be automatically placed
Warning: IO 'rvfi_ext_mhpmcounters[162]' is unconstrained in LPF and will be automatically placed
Warning: IO 'rvfi_ext_mhpmcounters[161]' is unconstrained in LPF and will be automatically placed
Warning: IO 'rvfi_ext_mhpmcounters[160]' is unconstrained in LPF and will be automatically placed
Warning: IO 'rvfi_ext_mhpmcounters[159]' is unconstrained in LPF and will be automatically placed
Warning: IO 'rvfi_ext_mhpmcounters[158]' is unconstrained in LPF and will be automatically placed
Warning: IO 'rvfi_ext_mhpmcounters[157]' is unconstrained in LPF and will be automatically placed
Warning: IO 'rvfi_ext_mhpmcounters[156]' is unconstrained in LPF and will be automatically placed
Warning: IO 'rvfi_ext_mhpmcounters[155]' is unconstrained in LPF and will be automatically placed
Warning: IO 'rvfi_ext_mhpmcounters[154]' is unconstrained in LPF and will be automatically placed
Warning: IO 'rvfi_ext_mhpmcounters[153]' is unconstrained in LPF and will be automatically placed
Warning: IO 'rvfi_ext_mhpmcounters[152]' is unconstrained in LPF and will be automatically placed
Warning: IO 'rvfi_ext_mhpmcounters[151]' is unconstrained in LPF and will be automatically placed
Warning: IO 'rvfi_ext_mhpmcounters[150]' is unconstrained in LPF and will be automatically placed
Warning: IO 'rvfi_ext_mhpmcounters[149]' is unconstrained in LPF and will be automatically placed
Warning: IO 'rvfi_ext_mhpmcounters[148]' is unconstrained in LPF and will be automatically placed
Warning: IO 'rvfi_ext_mhpmcounters[147]' is unconstrained in LPF and will be automatically placed
Warning: IO 'rvfi_ext_mhpmcounters[146]' is unconstrained in LPF and will be automatically placed
Warning: IO 'rvfi_ext_mhpmcounters[145]' is unconstrained in LPF and will be automatically placed
Warning: IO 'rvfi_ext_mhpmcounters[144]' is unconstrained in LPF and will be automatically placed
Warning: IO 'rvfi_ext_mhpmcounters[143]' is unconstrained in LPF and will be automatically placed
Warning: IO 'rvfi_ext_mhpmcounters[142]' is unconstrained in LPF and will be automatically placed
Warning: IO 'rvfi_ext_mhpmcounters[141]' is unconstrained in LPF and will be automatically placed
Warning: IO 'rvfi_ext_mhpmcounters[140]' is unconstrained in LPF and will be automatically placed
Warning: IO 'rvfi_ext_mhpmcounters[139]' is unconstrained in LPF and will be automatically placed
Warning: IO 'rvfi_ext_mhpmcounters[138]' is unconstrained in LPF and will be automatically placed
Warning: IO 'rvfi_ext_mhpmcounters[137]' is unconstrained in LPF and will be automatically placed
Warning: IO 'rvfi_ext_mhpmcounters[136]' is unconstrained in LPF and will be automatically placed
Warning: IO 'rvfi_ext_mhpmcounters[135]' is unconstrained in LPF and will be automatically placed
Warning: IO 'rvfi_ext_mhpmcounters[134]' is unconstrained in LPF and will be automatically placed
Warning: IO 'rvfi_ext_mhpmcounters[133]' is unconstrained in LPF and will be automatically placed
Warning: IO 'rvfi_ext_mhpmcounters[132]' is unconstrained in LPF and will be automatically placed
Warning: IO 'rvfi_ext_mhpmcounters[131]' is unconstrained in LPF and will be automatically placed
Warning: IO 'rvfi_ext_mhpmcounters[130]' is unconstrained in LPF and will be automatically placed
Warning: IO 'rvfi_ext_mhpmcounters[129]' is unconstrained in LPF and will be automatically placed
Warning: IO 'rvfi_ext_mhpmcounters[128]' is unconstrained in LPF and will be automatically placed
Warning: IO 'rvfi_ext_mhpmcounters[127]' is unconstrained in LPF and will be automatically placed
Warning: IO 'rvfi_ext_mhpmcounters[126]' is unconstrained in LPF and will be automatically placed
Warning: IO 'rvfi_ext_mhpmcounters[125]' is unconstrained in LPF and will be automatically placed
Warning: IO 'rvfi_ext_mhpmcounters[124]' is unconstrained in LPF and will be automatically placed
Warning: IO 'rvfi_ext_mhpmcounters[123]' is unconstrained in LPF and will be automatically placed
Warning: IO 'rvfi_ext_mhpmcounters[122]' is unconstrained in LPF and will be automatically placed
Warning: IO 'rvfi_ext_mhpmcounters[121]' is unconstrained in LPF and will be automatically placed
Warning: IO 'rvfi_ext_mhpmcounters[120]' is unconstrained in LPF and will be automatically placed
Warning: IO 'rvfi_ext_mhpmcounters[119]' is unconstrained in LPF and will be automatically placed
Warning: IO 'rvfi_ext_mhpmcounters[118]' is unconstrained in LPF and will be automatically placed
Warning: IO 'rvfi_ext_mhpmcounters[117]' is unconstrained in LPF and will be automatically placed
Warning: IO 'rvfi_ext_mhpmcounters[116]' is unconstrained in LPF and will be automatically placed
Warning: IO 'rvfi_ext_mhpmcounters[115]' is unconstrained in LPF and will be automatically placed
Warning: IO 'rvfi_ext_mhpmcounters[114]' is unconstrained in LPF and will be automatically placed
Warning: IO 'rvfi_ext_mhpmcounters[113]' is unconstrained in LPF and will be automatically placed
Warning: IO 'rvfi_ext_mhpmcounters[112]' is unconstrained in LPF and will be automatically placed
Warning: IO 'rvfi_ext_mhpmcounters[111]' is unconstrained in LPF and will be automatically placed
Warning: IO 'rvfi_ext_mhpmcounters[110]' is unconstrained in LPF and will be automatically placed
Warning: IO 'rvfi_ext_mhpmcounters[109]' is unconstrained in LPF and will be automatically placed
Warning: IO 'rvfi_ext_mhpmcounters[108]' is unconstrained in LPF and will be automatically placed
Warning: IO 'rvfi_ext_mhpmcounters[107]' is unconstrained in LPF and will be automatically placed
Warning: IO 'rvfi_ext_mhpmcounters[106]' is unconstrained in LPF and will be automatically placed
Warning: IO 'rvfi_ext_mhpmcounters[105]' is unconstrained in LPF and will be automatically placed
Warning: IO 'rvfi_ext_mhpmcounters[104]' is unconstrained in LPF and will be automatically placed
Warning: IO 'rvfi_ext_mhpmcounters[103]' is unconstrained in LPF and will be automatically placed
Warning: IO 'rvfi_ext_mhpmcounters[102]' is unconstrained in LPF and will be automatically placed
Warning: IO 'rvfi_ext_mhpmcounters[101]' is unconstrained in LPF and will be automatically placed
Warning: IO 'rvfi_ext_mhpmcounters[100]' is unconstrained in LPF and will be automatically placed
Warning: IO 'rvfi_ext_mhpmcounters[99]' is unconstrained in LPF and will be automatically placed
Warning: IO 'rvfi_ext_mhpmcounters[98]' is unconstrained in LPF and will be automatically placed
Warning: IO 'rvfi_ext_mhpmcounters[97]' is unconstrained in LPF and will be automatically placed
Warning: IO 'rvfi_ext_mhpmcounters[96]' is unconstrained in LPF and will be automatically placed
Warning: IO 'rvfi_ext_mhpmcounters[95]' is unconstrained in LPF and will be automatically placed
Warning: IO 'rvfi_ext_mhpmcounters[94]' is unconstrained in LPF and will be automatically placed
Warning: IO 'rvfi_ext_mhpmcounters[93]' is unconstrained in LPF and will be automatically placed
Warning: IO 'rvfi_ext_mhpmcounters[92]' is unconstrained in LPF and will be automatically placed
Warning: IO 'rvfi_ext_mhpmcounters[91]' is unconstrained in LPF and will be automatically placed
Warning: IO 'rvfi_ext_mhpmcounters[90]' is unconstrained in LPF and will be automatically placed
Warning: IO 'rvfi_ext_mhpmcounters[89]' is unconstrained in LPF and will be automatically placed
Warning: IO 'rvfi_ext_mhpmcounters[88]' is unconstrained in LPF and will be automatically placed
Warning: IO 'rvfi_ext_mhpmcounters[87]' is unconstrained in LPF and will be automatically placed
Warning: IO 'rvfi_ext_mhpmcounters[86]' is unconstrained in LPF and will be automatically placed
Warning: IO 'rvfi_ext_mhpmcounters[85]' is unconstrained in LPF and will be automatically placed
Warning: IO 'rvfi_ext_mhpmcounters[84]' is unconstrained in LPF and will be automatically placed
Warning: IO 'rvfi_ext_mhpmcounters[83]' is unconstrained in LPF and will be automatically placed
Warning: IO 'rvfi_ext_mhpmcounters[82]' is unconstrained in LPF and will be automatically placed
Warning: IO 'rvfi_ext_mhpmcounters[81]' is unconstrained in LPF and will be automatically placed
Warning: IO 'rvfi_ext_mhpmcounters[80]' is unconstrained in LPF and will be automatically placed
Warning: IO 'rvfi_ext_mhpmcounters[79]' is unconstrained in LPF and will be automatically placed
Warning: IO 'rvfi_ext_mhpmcounters[78]' is unconstrained in LPF and will be automatically placed
Warning: IO 'rvfi_ext_mhpmcounters[77]' is unconstrained in LPF and will be automatically placed
Warning: IO 'rvfi_ext_mhpmcounters[76]' is unconstrained in LPF and will be automatically placed
Warning: IO 'rvfi_ext_mhpmcounters[75]' is unconstrained in LPF and will be automatically placed
Warning: IO 'rvfi_ext_mhpmcounters[74]' is unconstrained in LPF and will be automatically placed
Warning: IO 'rvfi_ext_mhpmcounters[73]' is unconstrained in LPF and will be automatically placed
Warning: IO 'rvfi_ext_mhpmcounters[72]' is unconstrained in LPF and will be automatically placed
Warning: IO 'rvfi_ext_mhpmcounters[71]' is unconstrained in LPF and will be automatically placed
Warning: IO 'rvfi_ext_mhpmcounters[70]' is unconstrained in LPF and will be automatically placed
Warning: IO 'rvfi_ext_mhpmcounters[69]' is unconstrained in LPF and will be automatically placed
Warning: IO 'rvfi_ext_mhpmcounters[68]' is unconstrained in LPF and will be automatically placed
Warning: IO 'rvfi_ext_mhpmcounters[67]' is unconstrained in LPF and will be automatically placed
Warning: IO 'rvfi_ext_mhpmcounters[66]' is unconstrained in LPF and will be automatically placed
Warning: IO 'rvfi_ext_mhpmcounters[65]' is unconstrained in LPF and will be automatically placed
Warning: IO 'rvfi_ext_mhpmcounters[64]' is unconstrained in LPF and will be automatically placed
Warning: IO 'rvfi_ext_mhpmcounters[63]' is unconstrained in LPF and will be automatically placed
Warning: IO 'rvfi_ext_mhpmcounters[62]' is unconstrained in LPF and will be automatically placed
Warning: IO 'rvfi_ext_mhpmcounters[61]' is unconstrained in LPF and will be automatically placed
Warning: IO 'rvfi_ext_mhpmcounters[60]' is unconstrained in LPF and will be automatically placed
Warning: IO 'rvfi_ext_mhpmcounters[59]' is unconstrained in LPF and will be automatically placed
Warning: IO 'rvfi_ext_mhpmcounters[58]' is unconstrained in LPF and will be automatically placed
Warning: IO 'rvfi_ext_mhpmcounters[57]' is unconstrained in LPF and will be automatically placed
Warning: IO 'rvfi_ext_mhpmcounters[56]' is unconstrained in LPF and will be automatically placed
Warning: IO 'rvfi_ext_mhpmcounters[55]' is unconstrained in LPF and will be automatically placed
Warning: IO 'rvfi_ext_mhpmcounters[54]' is unconstrained in LPF and will be automatically placed
Warning: IO 'rvfi_ext_mhpmcounters[53]' is unconstrained in LPF and will be automatically placed
Warning: IO 'rvfi_ext_mhpmcounters[52]' is unconstrained in LPF and will be automatically placed
Warning: IO 'rvfi_ext_mhpmcounters[51]' is unconstrained in LPF and will be automatically placed
Warning: IO 'rvfi_ext_mhpmcounters[50]' is unconstrained in LPF and will be automatically placed
Warning: IO 'rvfi_ext_mhpmcounters[49]' is unconstrained in LPF and will be automatically placed
Warning: IO 'rvfi_ext_mhpmcounters[48]' is unconstrained in LPF and will be automatically placed
Warning: IO 'rvfi_ext_mhpmcounters[47]' is unconstrained in LPF and will be automatically placed
Warning: IO 'rvfi_ext_mhpmcounters[46]' is unconstrained in LPF and will be automatically placed
Warning: IO 'rvfi_ext_mhpmcounters[45]' is unconstrained in LPF and will be automatically placed
Warning: IO 'rvfi_ext_mhpmcounters[44]' is unconstrained in LPF and will be automatically placed
Warning: IO 'rvfi_ext_mhpmcounters[43]' is unconstrained in LPF and will be automatically placed
Warning: IO 'rvfi_ext_mhpmcounters[42]' is unconstrained in LPF and will be automatically placed
Warning: IO 'rvfi_ext_mhpmcounters[41]' is unconstrained in LPF and will be automatically placed
Warning: IO 'rvfi_ext_mhpmcounters[40]' is unconstrained in LPF and will be automatically placed
Warning: IO 'rvfi_ext_mhpmcounters[39]' is unconstrained in LPF and will be automatically placed
Warning: IO 'rvfi_ext_mhpmcounters[38]' is unconstrained in LPF and will be automatically placed
Warning: IO 'rvfi_ext_mhpmcounters[37]' is unconstrained in LPF and will be automatically placed
Warning: IO 'rvfi_ext_mhpmcounters[36]' is unconstrained in LPF and will be automatically placed
Warning: IO 'rvfi_ext_mhpmcounters[35]' is unconstrained in LPF and will be automatically placed
Warning: IO 'rvfi_ext_mhpmcounters[34]' is unconstrained in LPF and will be automatically placed
Warning: IO 'rvfi_ext_mhpmcounters[33]' is unconstrained in LPF and will be automatically placed
Warning: IO 'rvfi_ext_mhpmcounters[32]' is unconstrained in LPF and will be automatically placed
Warning: IO 'rvfi_ext_mhpmcounters[31]' is unconstrained in LPF and will be automatically placed
Warning: IO 'rvfi_ext_mhpmcounters[30]' is unconstrained in LPF and will be automatically placed
Warning: IO 'rvfi_ext_mhpmcounters[29]' is unconstrained in LPF and will be automatically placed
Warning: IO 'rvfi_ext_mhpmcounters[28]' is unconstrained in LPF and will be automatically placed
Warning: IO 'rvfi_ext_mhpmcounters[27]' is unconstrained in LPF and will be automatically placed
Warning: IO 'rvfi_ext_mhpmcounters[26]' is unconstrained in LPF and will be automatically placed
Warning: IO 'rvfi_ext_mhpmcounters[25]' is unconstrained in LPF and will be automatically placed
Warning: IO 'rvfi_ext_mhpmcounters[24]' is unconstrained in LPF and will be automatically placed
Warning: IO 'rvfi_ext_mhpmcounters[23]' is unconstrained in LPF and will be automatically placed
Warning: IO 'rvfi_ext_mhpmcounters[22]' is unconstrained in LPF and will be automatically placed
Warning: IO 'rvfi_ext_mhpmcounters[21]' is unconstrained in LPF and will be automatically placed
Warning: IO 'rvfi_ext_mhpmcounters[20]' is unconstrained in LPF and will be automatically placed
Warning: IO 'rvfi_ext_mhpmcounters[19]' is unconstrained in LPF and will be automatically placed
Warning: IO 'rvfi_ext_mhpmcounters[18]' is unconstrained in LPF and will be automatically placed
Warning: IO 'rvfi_ext_mhpmcounters[17]' is unconstrained in LPF and will be automatically placed
Warning: IO 'rvfi_ext_mhpmcounters[16]' is unconstrained in LPF and will be automatically placed
Warning: IO 'rvfi_ext_mhpmcounters[15]' is unconstrained in LPF and will be automatically placed
Warning: IO 'rvfi_ext_mhpmcounters[14]' is unconstrained in LPF and will be automatically placed
Warning: IO 'rvfi_ext_mhpmcounters[13]' is unconstrained in LPF and will be automatically placed
Warning: IO 'rvfi_ext_mhpmcounters[12]' is unconstrained in LPF and will be automatically placed
Warning: IO 'rvfi_ext_mhpmcounters[11]' is unconstrained in LPF and will be automatically placed
Warning: IO 'rvfi_ext_mhpmcounters[10]' is unconstrained in LPF and will be automatically placed
Warning: IO 'rvfi_ext_mhpmcounters[9]' is unconstrained in LPF and will be automatically placed
Warning: IO 'rvfi_ext_mhpmcounters[8]' is unconstrained in LPF and will be automatically placed
Warning: IO 'rvfi_ext_mhpmcounters[7]' is unconstrained in LPF and will be automatically placed
Warning: IO 'rvfi_ext_mhpmcounters[6]' is unconstrained in LPF and will be automatically placed
Warning: IO 'rvfi_ext_mhpmcounters[5]' is unconstrained in LPF and will be automatically placed
Warning: IO 'rvfi_ext_mhpmcounters[4]' is unconstrained in LPF and will be automatically placed
Warning: IO 'rvfi_ext_mhpmcounters[3]' is unconstrained in LPF and will be automatically placed
Warning: IO 'rvfi_ext_mhpmcounters[2]' is unconstrained in LPF and will be automatically placed
Warning: IO 'rvfi_ext_mhpmcounters[1]' is unconstrained in LPF and will be automatically placed
Warning: IO 'rvfi_ext_mhpmcounters[0]' is unconstrained in LPF and will be automatically placed
Warning: IO 'rvfi_ext_mcycle[63]' is unconstrained in LPF and will be automatically placed
Warning: IO 'rvfi_ext_mcycle[62]' is unconstrained in LPF and will be automatically placed
Warning: IO 'rvfi_ext_mcycle[61]' is unconstrained in LPF and will be automatically placed
Warning: IO 'rvfi_ext_mcycle[60]' is unconstrained in LPF and will be automatically placed
Warning: IO 'rvfi_ext_mcycle[59]' is unconstrained in LPF and will be automatically placed
Warning: IO 'rvfi_ext_mcycle[58]' is unconstrained in LPF and will be automatically placed
Warning: IO 'rvfi_ext_mcycle[57]' is unconstrained in LPF and will be automatically placed
Warning: IO 'rvfi_ext_mcycle[56]' is unconstrained in LPF and will be automatically placed
Warning: IO 'rvfi_ext_mcycle[55]' is unconstrained in LPF and will be automatically placed
Warning: IO 'rvfi_ext_mcycle[54]' is unconstrained in LPF and will be automatically placed
Warning: IO 'rvfi_ext_mcycle[53]' is unconstrained in LPF and will be automatically placed
Warning: IO 'rvfi_ext_mcycle[52]' is unconstrained in LPF and will be automatically placed
Warning: IO 'rvfi_ext_mcycle[51]' is unconstrained in LPF and will be automatically placed
Warning: IO 'rvfi_ext_mcycle[50]' is unconstrained in LPF and will be automatically placed
Warning: IO 'rvfi_ext_mcycle[49]' is unconstrained in LPF and will be automatically placed
Warning: IO 'rvfi_ext_mcycle[48]' is unconstrained in LPF and will be automatically placed
Warning: IO 'rvfi_ext_mcycle[47]' is unconstrained in LPF and will be automatically placed
Warning: IO 'rvfi_ext_mcycle[46]' is unconstrained in LPF and will be automatically placed
Warning: IO 'rvfi_ext_mcycle[45]' is unconstrained in LPF and will be automatically placed
Warning: IO 'rvfi_ext_mcycle[44]' is unconstrained in LPF and will be automatically placed
Warning: IO 'rvfi_ext_mcycle[43]' is unconstrained in LPF and will be automatically placed
Warning: IO 'rvfi_ext_mcycle[42]' is unconstrained in LPF and will be automatically placed
Warning: IO 'rvfi_ext_mcycle[41]' is unconstrained in LPF and will be automatically placed
Warning: IO 'rvfi_ext_mcycle[40]' is unconstrained in LPF and will be automatically placed
Warning: IO 'rvfi_ext_mcycle[39]' is unconstrained in LPF and will be automatically placed
Warning: IO 'rvfi_ext_mcycle[38]' is unconstrained in LPF and will be automatically placed
Warning: IO 'rvfi_ext_mcycle[37]' is unconstrained in LPF and will be automatically placed
Warning: IO 'rvfi_ext_mcycle[36]' is unconstrained in LPF and will be automatically placed
Warning: IO 'rvfi_ext_mcycle[35]' is unconstrained in LPF and will be automatically placed
Warning: IO 'rvfi_ext_mcycle[34]' is unconstrained in LPF and will be automatically placed
Warning: IO 'rvfi_ext_mcycle[33]' is unconstrained in LPF and will be automatically placed
Warning: IO 'rvfi_ext_mcycle[32]' is unconstrained in LPF and will be automatically placed
Warning: IO 'rvfi_ext_mcycle[31]' is unconstrained in LPF and will be automatically placed
Warning: IO 'rvfi_ext_mcycle[30]' is unconstrained in LPF and will be automatically placed
Warning: IO 'rvfi_ext_mcycle[29]' is unconstrained in LPF and will be automatically placed
Warning: IO 'rvfi_ext_mcycle[28]' is unconstrained in LPF and will be automatically placed
Warning: IO 'rvfi_ext_mcycle[27]' is unconstrained in LPF and will be automatically placed
Warning: IO 'rvfi_ext_mcycle[26]' is unconstrained in LPF and will be automatically placed
Warning: IO 'rvfi_ext_mcycle[25]' is unconstrained in LPF and will be automatically placed
Warning: IO 'rvfi_ext_mcycle[24]' is unconstrained in LPF and will be automatically placed
Warning: IO 'rvfi_ext_mcycle[23]' is unconstrained in LPF and will be automatically placed
Warning: IO 'rvfi_ext_mcycle[22]' is unconstrained in LPF and will be automatically placed
Warning: IO 'rvfi_ext_mcycle[21]' is unconstrained in LPF and will be automatically placed
Warning: IO 'rvfi_ext_mcycle[20]' is unconstrained in LPF and will be automatically placed
Warning: IO 'rvfi_ext_mcycle[19]' is unconstrained in LPF and will be automatically placed
Warning: IO 'rvfi_ext_mcycle[18]' is unconstrained in LPF and will be automatically placed
Warning: IO 'rvfi_ext_mcycle[17]' is unconstrained in LPF and will be automatically placed
Warning: IO 'rvfi_ext_mcycle[16]' is unconstrained in LPF and will be automatically placed
Warning: IO 'rvfi_ext_mcycle[15]' is unconstrained in LPF and will be automatically placed
Warning: IO 'rvfi_ext_mcycle[14]' is unconstrained in LPF and will be automatically placed
Warning: IO 'rvfi_ext_mcycle[13]' is unconstrained in LPF and will be automatically placed
Warning: IO 'rvfi_ext_mcycle[12]' is unconstrained in LPF and will be automatically placed
Warning: IO 'rvfi_ext_mcycle[11]' is unconstrained in LPF and will be automatically placed
Warning: IO 'rvfi_ext_mcycle[10]' is unconstrained in LPF and will be automatically placed
Warning: IO 'rvfi_ext_mcycle[9]' is unconstrained in LPF and will be automatically placed
Warning: IO 'rvfi_ext_mcycle[8]' is unconstrained in LPF and will be automatically placed
Warning: IO 'rvfi_ext_mcycle[7]' is unconstrained in LPF and will be automatically placed
Warning: IO 'rvfi_ext_mcycle[6]' is unconstrained in LPF and will be automatically placed
Warning: IO 'rvfi_ext_mcycle[5]' is unconstrained in LPF and will be automatically placed
Warning: IO 'rvfi_ext_mcycle[4]' is unconstrained in LPF and will be automatically placed
Warning: IO 'rvfi_ext_mcycle[3]' is unconstrained in LPF and will be automatically placed
Warning: IO 'rvfi_ext_mcycle[2]' is unconstrained in LPF and will be automatically placed
Warning: IO 'rvfi_ext_mcycle[1]' is unconstrained in LPF and will be automatically placed
Warning: IO 'rvfi_ext_mcycle[0]' is unconstrained in LPF and will be automatically placed
Warning: IO 'rvfi_ext_irq_valid' is unconstrained in LPF and will be automatically placed
Warning: IO 'rvfi_ext_ic_scr_key_valid' is unconstrained in LPF and will be automatically placed
Warning: IO 'rvfi_ext_expanded_insn_valid' is unconstrained in LPF and will be automatically placed
Warning: IO 'rvfi_ext_expanded_insn_last' is unconstrained in LPF and will be automatically placed
Warning: IO 'rvfi_ext_expanded_insn[15]' is unconstrained in LPF and will be automatically placed
Warning: IO 'rvfi_ext_expanded_insn[14]' is unconstrained in LPF and will be automatically placed
Warning: IO 'rvfi_ext_expanded_insn[13]' is unconstrained in LPF and will be automatically placed
Warning: IO 'rvfi_ext_expanded_insn[12]' is unconstrained in LPF and will be automatically placed
Warning: IO 'rvfi_ext_expanded_insn[11]' is unconstrained in LPF and will be automatically placed
Warning: IO 'rvfi_ext_expanded_insn[10]' is unconstrained in LPF and will be automatically placed
Warning: IO 'rvfi_ext_expanded_insn[9]' is unconstrained in LPF and will be automatically placed
Warning: IO 'rvfi_ext_expanded_insn[8]' is unconstrained in LPF and will be automatically placed
Warning: IO 'rvfi_ext_expanded_insn[7]' is unconstrained in LPF and will be automatically placed
Warning: IO 'rvfi_ext_expanded_insn[6]' is unconstrained in LPF and will be automatically placed
Warning: IO 'rvfi_ext_expanded_insn[5]' is unconstrained in LPF and will be automatically placed
Warning: IO 'rvfi_ext_expanded_insn[4]' is unconstrained in LPF and will be automatically placed
Warning: IO 'rvfi_ext_expanded_insn[3]' is unconstrained in LPF and will be automatically placed
Warning: IO 'rvfi_ext_expanded_insn[2]' is unconstrained in LPF and will be automatically placed
Warning: IO 'rvfi_ext_expanded_insn[1]' is unconstrained in LPF and will be automatically placed
Warning: IO 'rvfi_ext_expanded_insn[0]' is unconstrained in LPF and will be automatically placed
Warning: IO 'rvfi_ext_debug_req' is unconstrained in LPF and will be automatically placed
Warning: IO 'rvfi_ext_debug_mode' is unconstrained in LPF and will be automatically placed
Warning: IO 'rst_ni' is unconstrained in LPF and will be automatically placed
Warning: IO 'ram_cfg_rsp_icache_tag_o[1]' is unconstrained in LPF and will be automatically placed
Warning: IO 'ram_cfg_rsp_icache_tag_o[0]' is unconstrained in LPF and will be automatically placed
Warning: IO 'ram_cfg_rsp_icache_data_o[1]' is unconstrained in LPF and will be automatically placed
Warning: IO 'ram_cfg_rsp_icache_data_o[0]' is unconstrained in LPF and will be automatically placed
Warning: IO 'ram_cfg_icache_tag_i[11]' is unconstrained in LPF and will be automatically placed
Warning: IO 'ram_cfg_icache_tag_i[10]' is unconstrained in LPF and will be automatically placed
Warning: IO 'ram_cfg_icache_tag_i[9]' is unconstrained in LPF and will be automatically placed
Warning: IO 'ram_cfg_icache_tag_i[8]' is unconstrained in LPF and will be automatically placed
Warning: IO 'ram_cfg_icache_tag_i[7]' is unconstrained in LPF and will be automatically placed
Warning: IO 'ram_cfg_icache_tag_i[6]' is unconstrained in LPF and will be automatically placed
Warning: IO 'ram_cfg_icache_tag_i[5]' is unconstrained in LPF and will be automatically placed
Warning: IO 'ram_cfg_icache_tag_i[4]' is unconstrained in LPF and will be automatically placed
Warning: IO 'ram_cfg_icache_tag_i[3]' is unconstrained in LPF and will be automatically placed
Warning: IO 'ram_cfg_icache_tag_i[2]' is unconstrained in LPF and will be automatically placed
Warning: IO 'ram_cfg_icache_tag_i[1]' is unconstrained in LPF and will be automatically placed
Warning: IO 'ram_cfg_icache_tag_i[0]' is unconstrained in LPF and will be automatically placed
Warning: IO 'ram_cfg_icache_data_i[11]' is unconstrained in LPF and will be automatically placed
Warning: IO 'ram_cfg_icache_data_i[10]' is unconstrained in LPF and will be automatically placed
Warning: IO 'ram_cfg_icache_data_i[9]' is unconstrained in LPF and will be automatically placed
Warning: IO 'ram_cfg_icache_data_i[8]' is unconstrained in LPF and will be automatically placed
Warning: IO 'ram_cfg_icache_data_i[7]' is unconstrained in LPF and will be automatically placed
Warning: IO 'ram_cfg_icache_data_i[6]' is unconstrained in LPF and will be automatically placed
Warning: IO 'ram_cfg_icache_data_i[5]' is unconstrained in LPF and will be automatically placed
Warning: IO 'ram_cfg_icache_data_i[4]' is unconstrained in LPF and will be automatically placed
Warning: IO 'ram_cfg_icache_data_i[3]' is unconstrained in LPF and will be automatically placed
Warning: IO 'ram_cfg_icache_data_i[2]' is unconstrained in LPF and will be automatically placed
Warning: IO 'ram_cfg_icache_data_i[1]' is unconstrained in LPF and will be automatically placed
Warning: IO 'ram_cfg_icache_data_i[0]' is unconstrained in LPF and will be automatically placed
Warning: IO 'lockstep_cmp_en_o[3]' is unconstrained in LPF and will be automatically placed
Warning: IO 'lockstep_cmp_en_o[2]' is unconstrained in LPF and will be automatically placed
Warning: IO 'lockstep_cmp_en_o[1]' is unconstrained in LPF and will be automatically placed
Warning: IO 'lockstep_cmp_en_o[0]' is unconstrained in LPF and will be automatically placed
Warning: IO 'irq_timer_i' is unconstrained in LPF and will be automatically placed
Warning: IO 'irq_software_i' is unconstrained in LPF and will be automatically placed
Warning: IO 'irq_nm_i' is unconstrained in LPF and will be automatically placed
Warning: IO 'irq_fast_i[14]' is unconstrained in LPF and will be automatically placed
Warning: IO 'irq_fast_i[13]' is unconstrained in LPF and will be automatically placed
Warning: IO 'irq_fast_i[12]' is unconstrained in LPF and will be automatically placed
Warning: IO 'irq_fast_i[11]' is unconstrained in LPF and will be automatically placed
Warning: IO 'irq_fast_i[10]' is unconstrained in LPF and will be automatically placed
Warning: IO 'irq_fast_i[9]' is unconstrained in LPF and will be automatically placed
Warning: IO 'irq_fast_i[8]' is unconstrained in LPF and will be automatically placed
Warning: IO 'irq_fast_i[7]' is unconstrained in LPF and will be automatically placed
Warning: IO 'irq_fast_i[6]' is unconstrained in LPF and will be automatically placed
Warning: IO 'irq_fast_i[5]' is unconstrained in LPF and will be automatically placed
Warning: IO 'irq_fast_i[4]' is unconstrained in LPF and will be automatically placed
Warning: IO 'irq_fast_i[3]' is unconstrained in LPF and will be automatically placed
Warning: IO 'irq_fast_i[2]' is unconstrained in LPF and will be automatically placed
Warning: IO 'irq_fast_i[1]' is unconstrained in LPF and will be automatically placed
Warning: IO 'irq_fast_i[0]' is unconstrained in LPF and will be automatically placed
Warning: IO 'irq_external_i' is unconstrained in LPF and will be automatically placed
Warning: IO 'instr_rvalid_i' is unconstrained in LPF and will be automatically placed
Warning: IO 'instr_req_shadow_o' is unconstrained in LPF and will be automatically placed
Warning: IO 'instr_req_o' is unconstrained in LPF and will be automatically placed
Warning: IO 'instr_rdata_intg_i[6]' is unconstrained in LPF and will be automatically placed
Warning: IO 'instr_rdata_intg_i[5]' is unconstrained in LPF and will be automatically placed
Warning: IO 'instr_rdata_intg_i[4]' is unconstrained in LPF and will be automatically placed
Warning: IO 'instr_rdata_intg_i[3]' is unconstrained in LPF and will be automatically placed
Warning: IO 'instr_rdata_intg_i[2]' is unconstrained in LPF and will be automatically placed
Warning: IO 'instr_rdata_intg_i[1]' is unconstrained in LPF and will be automatically placed
Warning: IO 'instr_rdata_intg_i[0]' is unconstrained in LPF and will be automatically placed
Warning: IO 'instr_rdata_i[31]' is unconstrained in LPF and will be automatically placed
Warning: IO 'instr_rdata_i[30]' is unconstrained in LPF and will be automatically placed
Warning: IO 'instr_rdata_i[29]' is unconstrained in LPF and will be automatically placed
Warning: IO 'instr_rdata_i[28]' is unconstrained in LPF and will be automatically placed
Warning: IO 'instr_rdata_i[27]' is unconstrained in LPF and will be automatically placed
Warning: IO 'instr_rdata_i[26]' is unconstrained in LPF and will be automatically placed
Warning: IO 'instr_rdata_i[25]' is unconstrained in LPF and will be automatically placed
Warning: IO 'instr_rdata_i[24]' is unconstrained in LPF and will be automatically placed
Warning: IO 'instr_rdata_i[23]' is unconstrained in LPF and will be automatically placed
Warning: IO 'instr_rdata_i[22]' is unconstrained in LPF and will be automatically placed
Warning: IO 'instr_rdata_i[21]' is unconstrained in LPF and will be automatically placed
Warning: IO 'instr_rdata_i[20]' is unconstrained in LPF and will be automatically placed
Warning: IO 'instr_rdata_i[19]' is unconstrained in LPF and will be automatically placed
Warning: IO 'instr_rdata_i[18]' is unconstrained in LPF and will be automatically placed
Warning: IO 'instr_rdata_i[17]' is unconstrained in LPF and will be automatically placed
Warning: IO 'instr_rdata_i[16]' is unconstrained in LPF and will be automatically placed
Warning: IO 'instr_rdata_i[15]' is unconstrained in LPF and will be automatically placed
Warning: IO 'instr_rdata_i[14]' is unconstrained in LPF and will be automatically placed
Warning: IO 'instr_rdata_i[13]' is unconstrained in LPF and will be automatically placed
Warning: IO 'instr_rdata_i[12]' is unconstrained in LPF and will be automatically placed
Warning: IO 'instr_rdata_i[11]' is unconstrained in LPF and will be automatically placed
Warning: IO 'instr_rdata_i[10]' is unconstrained in LPF and will be automatically placed
Warning: IO 'instr_rdata_i[9]' is unconstrained in LPF and will be automatically placed
Warning: IO 'instr_rdata_i[8]' is unconstrained in LPF and will be automatically placed
Warning: IO 'instr_rdata_i[7]' is unconstrained in LPF and will be automatically placed
Warning: IO 'instr_rdata_i[6]' is unconstrained in LPF and will be automatically placed
Warning: IO 'instr_rdata_i[5]' is unconstrained in LPF and will be automatically placed
Warning: IO 'instr_rdata_i[4]' is unconstrained in LPF and will be automatically placed
Warning: IO 'instr_rdata_i[3]' is unconstrained in LPF and will be automatically placed
Warning: IO 'instr_rdata_i[2]' is unconstrained in LPF and will be automatically placed
Warning: IO 'instr_rdata_i[1]' is unconstrained in LPF and will be automatically placed
Warning: IO 'instr_rdata_i[0]' is unconstrained in LPF and will be automatically placed
Warning: IO 'instr_gnt_i' is unconstrained in LPF and will be automatically placed
Warning: IO 'instr_err_i' is unconstrained in LPF and will be automatically placed
Warning: IO 'instr_addr_shadow_o[31]' is unconstrained in LPF and will be automatically placed
Warning: IO 'instr_addr_shadow_o[30]' is unconstrained in LPF and will be automatically placed
Warning: IO 'instr_addr_shadow_o[29]' is unconstrained in LPF and will be automatically placed
Warning: IO 'instr_addr_shadow_o[28]' is unconstrained in LPF and will be automatically placed
Warning: IO 'instr_addr_shadow_o[27]' is unconstrained in LPF and will be automatically placed
Warning: IO 'instr_addr_shadow_o[26]' is unconstrained in LPF and will be automatically placed
Warning: IO 'instr_addr_shadow_o[25]' is unconstrained in LPF and will be automatically placed
Warning: IO 'instr_addr_shadow_o[24]' is unconstrained in LPF and will be automatically placed
Warning: IO 'instr_addr_shadow_o[23]' is unconstrained in LPF and will be automatically placed
Warning: IO 'instr_addr_shadow_o[22]' is unconstrained in LPF and will be automatically placed
Warning: IO 'instr_addr_shadow_o[21]' is unconstrained in LPF and will be automatically placed
Warning: IO 'instr_addr_shadow_o[20]' is unconstrained in LPF and will be automatically placed
Warning: IO 'instr_addr_shadow_o[19]' is unconstrained in LPF and will be automatically placed
Warning: IO 'instr_addr_shadow_o[18]' is unconstrained in LPF and will be automatically placed
Warning: IO 'instr_addr_shadow_o[17]' is unconstrained in LPF and will be automatically placed
Warning: IO 'instr_addr_shadow_o[16]' is unconstrained in LPF and will be automatically placed
Warning: IO 'instr_addr_shadow_o[15]' is unconstrained in LPF and will be automatically placed
Warning: IO 'instr_addr_shadow_o[14]' is unconstrained in LPF and will be automatically placed
Warning: IO 'instr_addr_shadow_o[13]' is unconstrained in LPF and will be automatically placed
Warning: IO 'instr_addr_shadow_o[12]' is unconstrained in LPF and will be automatically placed
Warning: IO 'instr_addr_shadow_o[11]' is unconstrained in LPF and will be automatically placed
Warning: IO 'instr_addr_shadow_o[10]' is unconstrained in LPF and will be automatically placed
Warning: IO 'instr_addr_shadow_o[9]' is unconstrained in LPF and will be automatically placed
Warning: IO 'instr_addr_shadow_o[8]' is unconstrained in LPF and will be automatically placed
Warning: IO 'instr_addr_shadow_o[7]' is unconstrained in LPF and will be automatically placed
Warning: IO 'instr_addr_shadow_o[6]' is unconstrained in LPF and will be automatically placed
Warning: IO 'instr_addr_shadow_o[5]' is unconstrained in LPF and will be automatically placed
Warning: IO 'instr_addr_shadow_o[4]' is unconstrained in LPF and will be automatically placed
Warning: IO 'instr_addr_shadow_o[3]' is unconstrained in LPF and will be automatically placed
Warning: IO 'instr_addr_shadow_o[2]' is unconstrained in LPF and will be automatically placed
Warning: IO 'instr_addr_shadow_o[1]' is unconstrained in LPF and will be automatically placed
Warning: IO 'instr_addr_shadow_o[0]' is unconstrained in LPF and will be automatically placed
Warning: IO 'instr_addr_o[31]' is unconstrained in LPF and will be automatically placed
Warning: IO 'instr_addr_o[30]' is unconstrained in LPF and will be automatically placed
Warning: IO 'instr_addr_o[29]' is unconstrained in LPF and will be automatically placed
Warning: IO 'instr_addr_o[28]' is unconstrained in LPF and will be automatically placed
Warning: IO 'instr_addr_o[27]' is unconstrained in LPF and will be automatically placed
Warning: IO 'instr_addr_o[26]' is unconstrained in LPF and will be automatically placed
Warning: IO 'instr_addr_o[25]' is unconstrained in LPF and will be automatically placed
Warning: IO 'instr_addr_o[24]' is unconstrained in LPF and will be automatically placed
Warning: IO 'instr_addr_o[23]' is unconstrained in LPF and will be automatically placed
Warning: IO 'instr_addr_o[22]' is unconstrained in LPF and will be automatically placed
Warning: IO 'instr_addr_o[21]' is unconstrained in LPF and will be automatically placed
Warning: IO 'instr_addr_o[20]' is unconstrained in LPF and will be automatically placed
Warning: IO 'instr_addr_o[19]' is unconstrained in LPF and will be automatically placed
Warning: IO 'instr_addr_o[18]' is unconstrained in LPF and will be automatically placed
Warning: IO 'instr_addr_o[17]' is unconstrained in LPF and will be automatically placed
Warning: IO 'instr_addr_o[16]' is unconstrained in LPF and will be automatically placed
Warning: IO 'instr_addr_o[15]' is unconstrained in LPF and will be automatically placed
Warning: IO 'instr_addr_o[14]' is unconstrained in LPF and will be automatically placed
Warning: IO 'instr_addr_o[13]' is unconstrained in LPF and will be automatically placed
Warning: IO 'instr_addr_o[12]' is unconstrained in LPF and will be automatically placed
Warning: IO 'instr_addr_o[11]' is unconstrained in LPF and will be automatically placed
Warning: IO 'instr_addr_o[10]' is unconstrained in LPF and will be automatically placed
Warning: IO 'instr_addr_o[9]' is unconstrained in LPF and will be automatically placed
Warning: IO 'instr_addr_o[8]' is unconstrained in LPF and will be automatically placed
Warning: IO 'instr_addr_o[7]' is unconstrained in LPF and will be automatically placed
Warning: IO 'instr_addr_o[6]' is unconstrained in LPF and will be automatically placed
Warning: IO 'instr_addr_o[5]' is unconstrained in LPF and will be automatically placed
Warning: IO 'instr_addr_o[4]' is unconstrained in LPF and will be automatically placed
Warning: IO 'instr_addr_o[3]' is unconstrained in LPF and will be automatically placed
Warning: IO 'instr_addr_o[2]' is unconstrained in LPF and will be automatically placed
Warning: IO 'instr_addr_o[1]' is unconstrained in LPF and will be automatically placed
Warning: IO 'instr_addr_o[0]' is unconstrained in LPF and will be automatically placed
Warning: IO 'hart_id_i[31]' is unconstrained in LPF and will be automatically placed
Warning: IO 'hart_id_i[30]' is unconstrained in LPF and will be automatically placed
Warning: IO 'hart_id_i[29]' is unconstrained in LPF and will be automatically placed
Warning: IO 'hart_id_i[28]' is unconstrained in LPF and will be automatically placed
Warning: IO 'hart_id_i[27]' is unconstrained in LPF and will be automatically placed
Warning: IO 'hart_id_i[26]' is unconstrained in LPF and will be automatically placed
Warning: IO 'hart_id_i[25]' is unconstrained in LPF and will be automatically placed
Warning: IO 'hart_id_i[24]' is unconstrained in LPF and will be automatically placed
Warning: IO 'hart_id_i[23]' is unconstrained in LPF and will be automatically placed
Warning: IO 'hart_id_i[22]' is unconstrained in LPF and will be automatically placed
Warning: IO 'hart_id_i[21]' is unconstrained in LPF and will be automatically placed
Warning: IO 'hart_id_i[20]' is unconstrained in LPF and will be automatically placed
Warning: IO 'hart_id_i[19]' is unconstrained in LPF and will be automatically placed
Warning: IO 'hart_id_i[18]' is unconstrained in LPF and will be automatically placed
Warning: IO 'hart_id_i[17]' is unconstrained in LPF and will be automatically placed
Warning: IO 'hart_id_i[16]' is unconstrained in LPF and will be automatically placed
Warning: IO 'hart_id_i[15]' is unconstrained in LPF and will be automatically placed
Warning: IO 'hart_id_i[14]' is unconstrained in LPF and will be automatically placed
Warning: IO 'hart_id_i[13]' is unconstrained in LPF and will be automatically placed
Warning: IO 'hart_id_i[12]' is unconstrained in LPF and will be automatically placed
Warning: IO 'hart_id_i[11]' is unconstrained in LPF and will be automatically placed
Warning: IO 'hart_id_i[10]' is unconstrained in LPF and will be automatically placed
Warning: IO 'hart_id_i[9]' is unconstrained in LPF and will be automatically placed
Warning: IO 'hart_id_i[8]' is unconstrained in LPF and will be automatically placed
Warning: IO 'hart_id_i[7]' is unconstrained in LPF and will be automatically placed
Warning: IO 'hart_id_i[6]' is unconstrained in LPF and will be automatically placed
Warning: IO 'hart_id_i[5]' is unconstrained in LPF and will be automatically placed
Warning: IO 'hart_id_i[4]' is unconstrained in LPF and will be automatically placed
Warning: IO 'hart_id_i[3]' is unconstrained in LPF and will be automatically placed
Warning: IO 'hart_id_i[2]' is unconstrained in LPF and will be automatically placed
Warning: IO 'hart_id_i[1]' is unconstrained in LPF and will be automatically placed
Warning: IO 'hart_id_i[0]' is unconstrained in LPF and will be automatically placed
Warning: IO 'fetch_enable_i[3]' is unconstrained in LPF and will be automatically placed
Warning: IO 'fetch_enable_i[2]' is unconstrained in LPF and will be automatically placed
Warning: IO 'fetch_enable_i[1]' is unconstrained in LPF and will be automatically placed
Warning: IO 'fetch_enable_i[0]' is unconstrained in LPF and will be automatically placed
Warning: IO 'double_fault_seen_o' is unconstrained in LPF and will be automatically placed
Warning: IO 'debug_req_i' is unconstrained in LPF and will be automatically placed
Warning: IO 'data_we_shadow_o' is unconstrained in LPF and will be automatically placed
Warning: IO 'data_we_o' is unconstrained in LPF and will be automatically placed
Warning: IO 'data_wdata_shadow_o[31]' is unconstrained in LPF and will be automatically placed
Warning: IO 'data_wdata_shadow_o[30]' is unconstrained in LPF and will be automatically placed
Warning: IO 'data_wdata_shadow_o[29]' is unconstrained in LPF and will be automatically placed
Warning: IO 'data_wdata_shadow_o[28]' is unconstrained in LPF and will be automatically placed
Warning: IO 'data_wdata_shadow_o[27]' is unconstrained in LPF and will be automatically placed
Warning: IO 'data_wdata_shadow_o[26]' is unconstrained in LPF and will be automatically placed
Warning: IO 'data_wdata_shadow_o[25]' is unconstrained in LPF and will be automatically placed
Warning: IO 'data_wdata_shadow_o[24]' is unconstrained in LPF and will be automatically placed
Warning: IO 'data_wdata_shadow_o[23]' is unconstrained in LPF and will be automatically placed
Warning: IO 'data_wdata_shadow_o[22]' is unconstrained in LPF and will be automatically placed
Warning: IO 'data_wdata_shadow_o[21]' is unconstrained in LPF and will be automatically placed
Warning: IO 'data_wdata_shadow_o[20]' is unconstrained in LPF and will be automatically placed
Warning: IO 'data_wdata_shadow_o[19]' is unconstrained in LPF and will be automatically placed
Warning: IO 'data_wdata_shadow_o[18]' is unconstrained in LPF and will be automatically placed
Warning: IO 'data_wdata_shadow_o[17]' is unconstrained in LPF and will be automatically placed
Warning: IO 'data_wdata_shadow_o[16]' is unconstrained in LPF and will be automatically placed
Warning: IO 'data_wdata_shadow_o[15]' is unconstrained in LPF and will be automatically placed
Warning: IO 'data_wdata_shadow_o[14]' is unconstrained in LPF and will be automatically placed
Warning: IO 'data_wdata_shadow_o[13]' is unconstrained in LPF and will be automatically placed
Warning: IO 'data_wdata_shadow_o[12]' is unconstrained in LPF and will be automatically placed
Warning: IO 'data_wdata_shadow_o[11]' is unconstrained in LPF and will be automatically placed
Warning: IO 'data_wdata_shadow_o[10]' is unconstrained in LPF and will be automatically placed
Warning: IO 'data_wdata_shadow_o[9]' is unconstrained in LPF and will be automatically placed
Warning: IO 'data_wdata_shadow_o[8]' is unconstrained in LPF and will be automatically placed
Warning: IO 'data_wdata_shadow_o[7]' is unconstrained in LPF and will be automatically placed
Warning: IO 'data_wdata_shadow_o[6]' is unconstrained in LPF and will be automatically placed
Warning: IO 'data_wdata_shadow_o[5]' is unconstrained in LPF and will be automatically placed
Warning: IO 'data_wdata_shadow_o[4]' is unconstrained in LPF and will be automatically placed
Warning: IO 'data_wdata_shadow_o[3]' is unconstrained in LPF and will be automatically placed
Warning: IO 'data_wdata_shadow_o[2]' is unconstrained in LPF and will be automatically placed
Warning: IO 'data_wdata_shadow_o[1]' is unconstrained in LPF and will be automatically placed
Warning: IO 'data_wdata_shadow_o[0]' is unconstrained in LPF and will be automatically placed
Warning: IO 'data_wdata_o[31]' is unconstrained in LPF and will be automatically placed
Warning: IO 'data_wdata_o[30]' is unconstrained in LPF and will be automatically placed
Warning: IO 'data_wdata_o[29]' is unconstrained in LPF and will be automatically placed
Warning: IO 'data_wdata_o[28]' is unconstrained in LPF and will be automatically placed
Warning: IO 'data_wdata_o[27]' is unconstrained in LPF and will be automatically placed
Warning: IO 'data_wdata_o[26]' is unconstrained in LPF and will be automatically placed
Warning: IO 'data_wdata_o[25]' is unconstrained in LPF and will be automatically placed
Warning: IO 'data_wdata_o[24]' is unconstrained in LPF and will be automatically placed
Warning: IO 'data_wdata_o[23]' is unconstrained in LPF and will be automatically placed
Warning: IO 'data_wdata_o[22]' is unconstrained in LPF and will be automatically placed
Warning: IO 'data_wdata_o[21]' is unconstrained in LPF and will be automatically placed
Warning: IO 'data_wdata_o[20]' is unconstrained in LPF and will be automatically placed
Warning: IO 'data_wdata_o[19]' is unconstrained in LPF and will be automatically placed
Warning: IO 'data_wdata_o[18]' is unconstrained in LPF and will be automatically placed
Warning: IO 'data_wdata_o[17]' is unconstrained in LPF and will be automatically placed
Warning: IO 'data_wdata_o[16]' is unconstrained in LPF and will be automatically placed
Warning: IO 'data_wdata_o[15]' is unconstrained in LPF and will be automatically placed
Warning: IO 'data_wdata_o[14]' is unconstrained in LPF and will be automatically placed
Warning: IO 'data_wdata_o[13]' is unconstrained in LPF and will be automatically placed
Warning: IO 'data_wdata_o[12]' is unconstrained in LPF and will be automatically placed
Warning: IO 'data_wdata_o[11]' is unconstrained in LPF and will be automatically placed
Warning: IO 'data_wdata_o[10]' is unconstrained in LPF and will be automatically placed
Warning: IO 'data_wdata_o[9]' is unconstrained in LPF and will be automatically placed
Warning: IO 'data_wdata_o[8]' is unconstrained in LPF and will be automatically placed
Warning: IO 'data_wdata_o[7]' is unconstrained in LPF and will be automatically placed
Warning: IO 'data_wdata_o[6]' is unconstrained in LPF and will be automatically placed
Warning: IO 'data_wdata_o[5]' is unconstrained in LPF and will be automatically placed
Warning: IO 'data_wdata_o[4]' is unconstrained in LPF and will be automatically placed
Warning: IO 'data_wdata_o[3]' is unconstrained in LPF and will be automatically placed
Warning: IO 'data_wdata_o[2]' is unconstrained in LPF and will be automatically placed
Warning: IO 'data_wdata_o[1]' is unconstrained in LPF and will be automatically placed
Warning: IO 'data_wdata_o[0]' is unconstrained in LPF and will be automatically placed
Warning: IO 'data_wdata_intg_shadow_o[6]' is unconstrained in LPF and will be automatically placed
Warning: IO 'data_wdata_intg_shadow_o[5]' is unconstrained in LPF and will be automatically placed
Warning: IO 'data_wdata_intg_shadow_o[4]' is unconstrained in LPF and will be automatically placed
Warning: IO 'data_wdata_intg_shadow_o[3]' is unconstrained in LPF and will be automatically placed
Warning: IO 'data_wdata_intg_shadow_o[2]' is unconstrained in LPF and will be automatically placed
Warning: IO 'data_wdata_intg_shadow_o[1]' is unconstrained in LPF and will be automatically placed
Warning: IO 'data_wdata_intg_shadow_o[0]' is unconstrained in LPF and will be automatically placed
Warning: IO 'data_wdata_intg_o[6]' is unconstrained in LPF and will be automatically placed
Warning: IO 'data_wdata_intg_o[5]' is unconstrained in LPF and will be automatically placed
Warning: IO 'data_wdata_intg_o[4]' is unconstrained in LPF and will be automatically placed
Warning: IO 'data_wdata_intg_o[3]' is unconstrained in LPF and will be automatically placed
Warning: IO 'data_wdata_intg_o[2]' is unconstrained in LPF and will be automatically placed
Warning: IO 'data_wdata_intg_o[1]' is unconstrained in LPF and will be automatically placed
Warning: IO 'data_wdata_intg_o[0]' is unconstrained in LPF and will be automatically placed
Warning: IO 'data_rvalid_i' is unconstrained in LPF and will be automatically placed
Warning: IO 'data_req_shadow_o' is unconstrained in LPF and will be automatically placed
Warning: IO 'data_req_o' is unconstrained in LPF and will be automatically placed
Warning: IO 'data_rdata_intg_i[6]' is unconstrained in LPF and will be automatically placed
Warning: IO 'data_rdata_intg_i[5]' is unconstrained in LPF and will be automatically placed
Warning: IO 'data_rdata_intg_i[4]' is unconstrained in LPF and will be automatically placed
Warning: IO 'data_rdata_intg_i[3]' is unconstrained in LPF and will be automatically placed
Warning: IO 'data_rdata_intg_i[2]' is unconstrained in LPF and will be automatically placed
Warning: IO 'data_rdata_intg_i[1]' is unconstrained in LPF and will be automatically placed
Warning: IO 'data_rdata_intg_i[0]' is unconstrained in LPF and will be automatically placed
Warning: IO 'data_rdata_i[31]' is unconstrained in LPF and will be automatically placed
Warning: IO 'data_rdata_i[30]' is unconstrained in LPF and will be automatically placed
Warning: IO 'data_rdata_i[29]' is unconstrained in LPF and will be automatically placed
Warning: IO 'data_rdata_i[28]' is unconstrained in LPF and will be automatically placed
Warning: IO 'data_rdata_i[27]' is unconstrained in LPF and will be automatically placed
Warning: IO 'data_rdata_i[26]' is unconstrained in LPF and will be automatically placed
Warning: IO 'data_rdata_i[25]' is unconstrained in LPF and will be automatically placed
Warning: IO 'data_rdata_i[24]' is unconstrained in LPF and will be automatically placed
Warning: IO 'data_rdata_i[23]' is unconstrained in LPF and will be automatically placed
Warning: IO 'data_rdata_i[22]' is unconstrained in LPF and will be automatically placed
Warning: IO 'data_rdata_i[21]' is unconstrained in LPF and will be automatically placed
Warning: IO 'data_rdata_i[20]' is unconstrained in LPF and will be automatically placed
Warning: IO 'data_rdata_i[19]' is unconstrained in LPF and will be automatically placed
Warning: IO 'data_rdata_i[18]' is unconstrained in LPF and will be automatically placed
Warning: IO 'data_rdata_i[17]' is unconstrained in LPF and will be automatically placed
Warning: IO 'data_rdata_i[16]' is unconstrained in LPF and will be automatically placed
Warning: IO 'data_rdata_i[15]' is unconstrained in LPF and will be automatically placed
Warning: IO 'data_rdata_i[14]' is unconstrained in LPF and will be automatically placed
Warning: IO 'data_rdata_i[13]' is unconstrained in LPF and will be automatically placed
Warning: IO 'data_rdata_i[12]' is unconstrained in LPF and will be automatically placed
Warning: IO 'data_rdata_i[11]' is unconstrained in LPF and will be automatically placed
Warning: IO 'data_rdata_i[10]' is unconstrained in LPF and will be automatically placed
Warning: IO 'data_rdata_i[9]' is unconstrained in LPF and will be automatically placed
Warning: IO 'data_rdata_i[8]' is unconstrained in LPF and will be automatically placed
Warning: IO 'data_rdata_i[7]' is unconstrained in LPF and will be automatically placed
Warning: IO 'data_rdata_i[6]' is unconstrained in LPF and will be automatically placed
Warning: IO 'data_rdata_i[5]' is unconstrained in LPF and will be automatically placed
Warning: IO 'data_rdata_i[4]' is unconstrained in LPF and will be automatically placed
Warning: IO 'data_rdata_i[3]' is unconstrained in LPF and will be automatically placed
Warning: IO 'data_rdata_i[2]' is unconstrained in LPF and will be automatically placed
Warning: IO 'data_rdata_i[1]' is unconstrained in LPF and will be automatically placed
Warning: IO 'data_rdata_i[0]' is unconstrained in LPF and will be automatically placed
Warning: IO 'data_gnt_i' is unconstrained in LPF and will be automatically placed
Warning: IO 'data_err_i' is unconstrained in LPF and will be automatically placed
Warning: IO 'data_be_shadow_o[3]' is unconstrained in LPF and will be automatically placed
Warning: IO 'data_be_shadow_o[2]' is unconstrained in LPF and will be automatically placed
Warning: IO 'data_be_shadow_o[1]' is unconstrained in LPF and will be automatically placed
Warning: IO 'data_be_shadow_o[0]' is unconstrained in LPF and will be automatically placed
Warning: IO 'data_be_o[3]' is unconstrained in LPF and will be automatically placed
Warning: IO 'data_be_o[2]' is unconstrained in LPF and will be automatically placed
Warning: IO 'data_be_o[1]' is unconstrained in LPF and will be automatically placed
Warning: IO 'data_be_o[0]' is unconstrained in LPF and will be automatically placed
Warning: IO 'data_addr_shadow_o[31]' is unconstrained in LPF and will be automatically placed
Warning: IO 'data_addr_shadow_o[30]' is unconstrained in LPF and will be automatically placed
Warning: IO 'data_addr_shadow_o[29]' is unconstrained in LPF and will be automatically placed
Warning: IO 'data_addr_shadow_o[28]' is unconstrained in LPF and will be automatically placed
Warning: IO 'data_addr_shadow_o[27]' is unconstrained in LPF and will be automatically placed
Warning: IO 'data_addr_shadow_o[26]' is unconstrained in LPF and will be automatically placed
Warning: IO 'data_addr_shadow_o[25]' is unconstrained in LPF and will be automatically placed
Warning: IO 'data_addr_shadow_o[24]' is unconstrained in LPF and will be automatically placed
Warning: IO 'data_addr_shadow_o[23]' is unconstrained in LPF and will be automatically placed
Warning: IO 'data_addr_shadow_o[22]' is unconstrained in LPF and will be automatically placed
Warning: IO 'data_addr_shadow_o[21]' is unconstrained in LPF and will be automatically placed
Warning: IO 'data_addr_shadow_o[20]' is unconstrained in LPF and will be automatically placed
Warning: IO 'data_addr_shadow_o[19]' is unconstrained in LPF and will be automatically placed
Warning: IO 'data_addr_shadow_o[18]' is unconstrained in LPF and will be automatically placed
Warning: IO 'data_addr_shadow_o[17]' is unconstrained in LPF and will be automatically placed
Warning: IO 'data_addr_shadow_o[16]' is unconstrained in LPF and will be automatically placed
Warning: IO 'data_addr_shadow_o[15]' is unconstrained in LPF and will be automatically placed
Warning: IO 'data_addr_shadow_o[14]' is unconstrained in LPF and will be automatically placed
Warning: IO 'data_addr_shadow_o[13]' is unconstrained in LPF and will be automatically placed
Warning: IO 'data_addr_shadow_o[12]' is unconstrained in LPF and will be automatically placed
Warning: IO 'data_addr_shadow_o[11]' is unconstrained in LPF and will be automatically placed
Warning: IO 'data_addr_shadow_o[10]' is unconstrained in LPF and will be automatically placed
Warning: IO 'data_addr_shadow_o[9]' is unconstrained in LPF and will be automatically placed
Warning: IO 'data_addr_shadow_o[8]' is unconstrained in LPF and will be automatically placed
Warning: IO 'data_addr_shadow_o[7]' is unconstrained in LPF and will be automatically placed
Warning: IO 'data_addr_shadow_o[6]' is unconstrained in LPF and will be automatically placed
Warning: IO 'data_addr_shadow_o[5]' is unconstrained in LPF and will be automatically placed
Warning: IO 'data_addr_shadow_o[4]' is unconstrained in LPF and will be automatically placed
Warning: IO 'data_addr_shadow_o[3]' is unconstrained in LPF and will be automatically placed
Warning: IO 'data_addr_shadow_o[2]' is unconstrained in LPF and will be automatically placed
Warning: IO 'data_addr_shadow_o[1]' is unconstrained in LPF and will be automatically placed
Warning: IO 'data_addr_shadow_o[0]' is unconstrained in LPF and will be automatically placed
Warning: IO 'data_addr_o[31]' is unconstrained in LPF and will be automatically placed
Warning: IO 'data_addr_o[30]' is unconstrained in LPF and will be automatically placed
Warning: IO 'data_addr_o[29]' is unconstrained in LPF and will be automatically placed
Warning: IO 'data_addr_o[28]' is unconstrained in LPF and will be automatically placed
Warning: IO 'data_addr_o[27]' is unconstrained in LPF and will be automatically placed
Warning: IO 'data_addr_o[26]' is unconstrained in LPF and will be automatically placed
Warning: IO 'data_addr_o[25]' is unconstrained in LPF and will be automatically placed
Warning: IO 'data_addr_o[24]' is unconstrained in LPF and will be automatically placed
Warning: IO 'data_addr_o[23]' is unconstrained in LPF and will be automatically placed
Warning: IO 'data_addr_o[22]' is unconstrained in LPF and will be automatically placed
Warning: IO 'data_addr_o[21]' is unconstrained in LPF and will be automatically placed
Warning: IO 'data_addr_o[20]' is unconstrained in LPF and will be automatically placed
Warning: IO 'data_addr_o[19]' is unconstrained in LPF and will be automatically placed
Warning: IO 'data_addr_o[18]' is unconstrained in LPF and will be automatically placed
Warning: IO 'data_addr_o[17]' is unconstrained in LPF and will be automatically placed
Warning: IO 'data_addr_o[16]' is unconstrained in LPF and will be automatically placed
Warning: IO 'data_addr_o[15]' is unconstrained in LPF and will be automatically placed
Warning: IO 'data_addr_o[14]' is unconstrained in LPF and will be automatically placed
Warning: IO 'data_addr_o[13]' is unconstrained in LPF and will be automatically placed
Warning: IO 'data_addr_o[12]' is unconstrained in LPF and will be automatically placed
Warning: IO 'data_addr_o[11]' is unconstrained in LPF and will be automatically placed
Warning: IO 'data_addr_o[10]' is unconstrained in LPF and will be automatically placed
Warning: IO 'data_addr_o[9]' is unconstrained in LPF and will be automatically placed
Warning: IO 'data_addr_o[8]' is unconstrained in LPF and will be automatically placed
Warning: IO 'data_addr_o[7]' is unconstrained in LPF and will be automatically placed
Warning: IO 'data_addr_o[6]' is unconstrained in LPF and will be automatically placed
Warning: IO 'data_addr_o[5]' is unconstrained in LPF and will be automatically placed
Warning: IO 'data_addr_o[4]' is unconstrained in LPF and will be automatically placed
Warning: IO 'data_addr_o[3]' is unconstrained in LPF and will be automatically placed
Warning: IO 'data_addr_o[2]' is unconstrained in LPF and will be automatically placed
Warning: IO 'data_addr_o[1]' is unconstrained in LPF and will be automatically placed
Warning: IO 'data_addr_o[0]' is unconstrained in LPF and will be automatically placed
Warning: IO 'crash_dump_o[159]' is unconstrained in LPF and will be automatically placed
Warning: IO 'crash_dump_o[158]' is unconstrained in LPF and will be automatically placed
Warning: IO 'crash_dump_o[157]' is unconstrained in LPF and will be automatically placed
Warning: IO 'crash_dump_o[156]' is unconstrained in LPF and will be automatically placed
Warning: IO 'crash_dump_o[155]' is unconstrained in LPF and will be automatically placed
Warning: IO 'crash_dump_o[154]' is unconstrained in LPF and will be automatically placed
Warning: IO 'crash_dump_o[153]' is unconstrained in LPF and will be automatically placed
Warning: IO 'crash_dump_o[152]' is unconstrained in LPF and will be automatically placed
Warning: IO 'crash_dump_o[151]' is unconstrained in LPF and will be automatically placed
Warning: IO 'crash_dump_o[150]' is unconstrained in LPF and will be automatically placed
Warning: IO 'crash_dump_o[149]' is unconstrained in LPF and will be automatically placed
Warning: IO 'crash_dump_o[148]' is unconstrained in LPF and will be automatically placed
Warning: IO 'crash_dump_o[147]' is unconstrained in LPF and will be automatically placed
Warning: IO 'crash_dump_o[146]' is unconstrained in LPF and will be automatically placed
Warning: IO 'crash_dump_o[145]' is unconstrained in LPF and will be automatically placed
Warning: IO 'crash_dump_o[144]' is unconstrained in LPF and will be automatically placed
Warning: IO 'crash_dump_o[143]' is unconstrained in LPF and will be automatically placed
Warning: IO 'crash_dump_o[142]' is unconstrained in LPF and will be automatically placed
Warning: IO 'crash_dump_o[141]' is unconstrained in LPF and will be automatically placed
Warning: IO 'crash_dump_o[140]' is unconstrained in LPF and will be automatically placed
Warning: IO 'crash_dump_o[139]' is unconstrained in LPF and will be automatically placed
Warning: IO 'crash_dump_o[138]' is unconstrained in LPF and will be automatically placed
Warning: IO 'crash_dump_o[137]' is unconstrained in LPF and will be automatically placed
Warning: IO 'crash_dump_o[136]' is unconstrained in LPF and will be automatically placed
Warning: IO 'crash_dump_o[135]' is unconstrained in LPF and will be automatically placed
Warning: IO 'crash_dump_o[134]' is unconstrained in LPF and will be automatically placed
Warning: IO 'crash_dump_o[133]' is unconstrained in LPF and will be automatically placed
Warning: IO 'crash_dump_o[132]' is unconstrained in LPF and will be automatically placed
Warning: IO 'crash_dump_o[131]' is unconstrained in LPF and will be automatically placed
Warning: IO 'crash_dump_o[130]' is unconstrained in LPF and will be automatically placed
Warning: IO 'crash_dump_o[129]' is unconstrained in LPF and will be automatically placed
Warning: IO 'crash_dump_o[128]' is unconstrained in LPF and will be automatically placed
Warning: IO 'crash_dump_o[127]' is unconstrained in LPF and will be automatically placed
Warning: IO 'crash_dump_o[126]' is unconstrained in LPF and will be automatically placed
Warning: IO 'crash_dump_o[125]' is unconstrained in LPF and will be automatically placed
Warning: IO 'crash_dump_o[124]' is unconstrained in LPF and will be automatically placed
Warning: IO 'crash_dump_o[123]' is unconstrained in LPF and will be automatically placed
Warning: IO 'crash_dump_o[122]' is unconstrained in LPF and will be automatically placed
Warning: IO 'crash_dump_o[121]' is unconstrained in LPF and will be automatically placed
Warning: IO 'crash_dump_o[120]' is unconstrained in LPF and will be automatically placed
Warning: IO 'crash_dump_o[119]' is unconstrained in LPF and will be automatically placed
Warning: IO 'crash_dump_o[118]' is unconstrained in LPF and will be automatically placed
Warning: IO 'crash_dump_o[117]' is unconstrained in LPF and will be automatically placed
Warning: IO 'crash_dump_o[116]' is unconstrained in LPF and will be automatically placed
Warning: IO 'crash_dump_o[115]' is unconstrained in LPF and will be automatically placed
Warning: IO 'crash_dump_o[114]' is unconstrained in LPF and will be automatically placed
Warning: IO 'crash_dump_o[113]' is unconstrained in LPF and will be automatically placed
Warning: IO 'crash_dump_o[112]' is unconstrained in LPF and will be automatically placed
Warning: IO 'crash_dump_o[111]' is unconstrained in LPF and will be automatically placed
Warning: IO 'crash_dump_o[110]' is unconstrained in LPF and will be automatically placed
Warning: IO 'crash_dump_o[109]' is unconstrained in LPF and will be automatically placed
Warning: IO 'crash_dump_o[108]' is unconstrained in LPF and will be automatically placed
Warning: IO 'crash_dump_o[107]' is unconstrained in LPF and will be automatically placed
Warning: IO 'crash_dump_o[106]' is unconstrained in LPF and will be automatically placed
Warning: IO 'crash_dump_o[105]' is unconstrained in LPF and will be automatically placed
Warning: IO 'crash_dump_o[104]' is unconstrained in LPF and will be automatically placed
Warning: IO 'crash_dump_o[103]' is unconstrained in LPF and will be automatically placed
Warning: IO 'crash_dump_o[102]' is unconstrained in LPF and will be automatically placed
Warning: IO 'crash_dump_o[101]' is unconstrained in LPF and will be automatically placed
Warning: IO 'crash_dump_o[100]' is unconstrained in LPF and will be automatically placed
Warning: IO 'crash_dump_o[99]' is unconstrained in LPF and will be automatically placed
Warning: IO 'crash_dump_o[98]' is unconstrained in LPF and will be automatically placed
Warning: IO 'crash_dump_o[97]' is unconstrained in LPF and will be automatically placed
Warning: IO 'crash_dump_o[96]' is unconstrained in LPF and will be automatically placed
Warning: IO 'crash_dump_o[95]' is unconstrained in LPF and will be automatically placed
Warning: IO 'crash_dump_o[94]' is unconstrained in LPF and will be automatically placed
Warning: IO 'crash_dump_o[93]' is unconstrained in LPF and will be automatically placed
Warning: IO 'crash_dump_o[92]' is unconstrained in LPF and will be automatically placed
Warning: IO 'crash_dump_o[91]' is unconstrained in LPF and will be automatically placed
Warning: IO 'crash_dump_o[90]' is unconstrained in LPF and will be automatically placed
Warning: IO 'crash_dump_o[89]' is unconstrained in LPF and will be automatically placed
Warning: IO 'crash_dump_o[88]' is unconstrained in LPF and will be automatically placed
Warning: IO 'crash_dump_o[87]' is unconstrained in LPF and will be automatically placed
Warning: IO 'crash_dump_o[86]' is unconstrained in LPF and will be automatically placed
Warning: IO 'crash_dump_o[85]' is unconstrained in LPF and will be automatically placed
Warning: IO 'crash_dump_o[84]' is unconstrained in LPF and will be automatically placed
Warning: IO 'crash_dump_o[83]' is unconstrained in LPF and will be automatically placed
Warning: IO 'crash_dump_o[82]' is unconstrained in LPF and will be automatically placed
Warning: IO 'crash_dump_o[81]' is unconstrained in LPF and will be automatically placed
Warning: IO 'crash_dump_o[80]' is unconstrained in LPF and will be automatically placed
Warning: IO 'crash_dump_o[79]' is unconstrained in LPF and will be automatically placed
Warning: IO 'crash_dump_o[78]' is unconstrained in LPF and will be automatically placed
Warning: IO 'crash_dump_o[77]' is unconstrained in LPF and will be automatically placed
Warning: IO 'crash_dump_o[76]' is unconstrained in LPF and will be automatically placed
Warning: IO 'crash_dump_o[75]' is unconstrained in LPF and will be automatically placed
Warning: IO 'crash_dump_o[74]' is unconstrained in LPF and will be automatically placed
Warning: IO 'crash_dump_o[73]' is unconstrained in LPF and will be automatically placed
Warning: IO 'crash_dump_o[72]' is unconstrained in LPF and will be automatically placed
Warning: IO 'crash_dump_o[71]' is unconstrained in LPF and will be automatically placed
Warning: IO 'crash_dump_o[70]' is unconstrained in LPF and will be automatically placed
Warning: IO 'crash_dump_o[69]' is unconstrained in LPF and will be automatically placed
Warning: IO 'crash_dump_o[68]' is unconstrained in LPF and will be automatically placed
Warning: IO 'crash_dump_o[67]' is unconstrained in LPF and will be automatically placed
Warning: IO 'crash_dump_o[66]' is unconstrained in LPF and will be automatically placed
Warning: IO 'crash_dump_o[65]' is unconstrained in LPF and will be automatically placed
Warning: IO 'crash_dump_o[64]' is unconstrained in LPF and will be automatically placed
Warning: IO 'crash_dump_o[63]' is unconstrained in LPF and will be automatically placed
Warning: IO 'crash_dump_o[62]' is unconstrained in LPF and will be automatically placed
Warning: IO 'crash_dump_o[61]' is unconstrained in LPF and will be automatically placed
Warning: IO 'crash_dump_o[60]' is unconstrained in LPF and will be automatically placed
Warning: IO 'crash_dump_o[59]' is unconstrained in LPF and will be automatically placed
Warning: IO 'crash_dump_o[58]' is unconstrained in LPF and will be automatically placed
Warning: IO 'crash_dump_o[57]' is unconstrained in LPF and will be automatically placed
Warning: IO 'crash_dump_o[56]' is unconstrained in LPF and will be automatically placed
Warning: IO 'crash_dump_o[55]' is unconstrained in LPF and will be automatically placed
Warning: IO 'crash_dump_o[54]' is unconstrained in LPF and will be automatically placed
Warning: IO 'crash_dump_o[53]' is unconstrained in LPF and will be automatically placed
Warning: IO 'crash_dump_o[52]' is unconstrained in LPF and will be automatically placed
Warning: IO 'crash_dump_o[51]' is unconstrained in LPF and will be automatically placed
Warning: IO 'crash_dump_o[50]' is unconstrained in LPF and will be automatically placed
Warning: IO 'crash_dump_o[49]' is unconstrained in LPF and will be automatically placed
Warning: IO 'crash_dump_o[48]' is unconstrained in LPF and will be automatically placed
Warning: IO 'crash_dump_o[47]' is unconstrained in LPF and will be automatically placed
Warning: IO 'crash_dump_o[46]' is unconstrained in LPF and will be automatically placed
Warning: IO 'crash_dump_o[45]' is unconstrained in LPF and will be automatically placed
Warning: IO 'crash_dump_o[44]' is unconstrained in LPF and will be automatically placed
Warning: IO 'crash_dump_o[43]' is unconstrained in LPF and will be automatically placed
Warning: IO 'crash_dump_o[42]' is unconstrained in LPF and will be automatically placed
Warning: IO 'crash_dump_o[41]' is unconstrained in LPF and will be automatically placed
Warning: IO 'crash_dump_o[40]' is unconstrained in LPF and will be automatically placed
Warning: IO 'crash_dump_o[39]' is unconstrained in LPF and will be automatically placed
Warning: IO 'crash_dump_o[38]' is unconstrained in LPF and will be automatically placed
Warning: IO 'crash_dump_o[37]' is unconstrained in LPF and will be automatically placed
Warning: IO 'crash_dump_o[36]' is unconstrained in LPF and will be automatically placed
Warning: IO 'crash_dump_o[35]' is unconstrained in LPF and will be automatically placed
Warning: IO 'crash_dump_o[34]' is unconstrained in LPF and will be automatically placed
Warning: IO 'crash_dump_o[33]' is unconstrained in LPF and will be automatically placed
Warning: IO 'crash_dump_o[32]' is unconstrained in LPF and will be automatically placed
Warning: IO 'crash_dump_o[31]' is unconstrained in LPF and will be automatically placed
Warning: IO 'crash_dump_o[30]' is unconstrained in LPF and will be automatically placed
Warning: IO 'crash_dump_o[29]' is unconstrained in LPF and will be automatically placed
Warning: IO 'crash_dump_o[28]' is unconstrained in LPF and will be automatically placed
Warning: IO 'crash_dump_o[27]' is unconstrained in LPF and will be automatically placed
Warning: IO 'crash_dump_o[26]' is unconstrained in LPF and will be automatically placed
Warning: IO 'crash_dump_o[25]' is unconstrained in LPF and will be automatically placed
Warning: IO 'crash_dump_o[24]' is unconstrained in LPF and will be automatically placed
Warning: IO 'crash_dump_o[23]' is unconstrained in LPF and will be automatically placed
Warning: IO 'crash_dump_o[22]' is unconstrained in LPF and will be automatically placed
Warning: IO 'crash_dump_o[21]' is unconstrained in LPF and will be automatically placed
Warning: IO 'crash_dump_o[20]' is unconstrained in LPF and will be automatically placed
Warning: IO 'crash_dump_o[19]' is unconstrained in LPF and will be automatically placed
Warning: IO 'crash_dump_o[18]' is unconstrained in LPF and will be automatically placed
Warning: IO 'crash_dump_o[17]' is unconstrained in LPF and will be automatically placed
Warning: IO 'crash_dump_o[16]' is unconstrained in LPF and will be automatically placed
Warning: IO 'crash_dump_o[15]' is unconstrained in LPF and will be automatically placed
Warning: IO 'crash_dump_o[14]' is unconstrained in LPF and will be automatically placed
Warning: IO 'crash_dump_o[13]' is unconstrained in LPF and will be automatically placed
Warning: IO 'crash_dump_o[12]' is unconstrained in LPF and will be automatically placed
Warning: IO 'crash_dump_o[11]' is unconstrained in LPF and will be automatically placed
Warning: IO 'crash_dump_o[10]' is unconstrained in LPF and will be automatically placed
Warning: IO 'crash_dump_o[9]' is unconstrained in LPF and will be automatically placed
Warning: IO 'crash_dump_o[8]' is unconstrained in LPF and will be automatically placed
Warning: IO 'crash_dump_o[7]' is unconstrained in LPF and will be automatically placed
Warning: IO 'crash_dump_o[6]' is unconstrained in LPF and will be automatically placed
Warning: IO 'crash_dump_o[5]' is unconstrained in LPF and will be automatically placed
Warning: IO 'crash_dump_o[4]' is unconstrained in LPF and will be automatically placed
Warning: IO 'crash_dump_o[3]' is unconstrained in LPF and will be automatically placed
Warning: IO 'crash_dump_o[2]' is unconstrained in LPF and will be automatically placed
Warning: IO 'crash_dump_o[1]' is unconstrained in LPF and will be automatically placed
Warning: IO 'crash_dump_o[0]' is unconstrained in LPF and will be automatically placed
Warning: IO 'core_sleep_o' is unconstrained in LPF and will be automatically placed
Warning: IO 'clk_i' is unconstrained in LPF and will be automatically placed
Warning: IO 'boot_addr_i[31]' is unconstrained in LPF and will be automatically placed
Warning: IO 'boot_addr_i[30]' is unconstrained in LPF and will be automatically placed
Warning: IO 'boot_addr_i[29]' is unconstrained in LPF and will be automatically placed
Warning: IO 'boot_addr_i[28]' is unconstrained in LPF and will be automatically placed
Warning: IO 'boot_addr_i[27]' is unconstrained in LPF and will be automatically placed
Warning: IO 'boot_addr_i[26]' is unconstrained in LPF and will be automatically placed
Warning: IO 'boot_addr_i[25]' is unconstrained in LPF and will be automatically placed
Warning: IO 'boot_addr_i[24]' is unconstrained in LPF and will be automatically placed
Warning: IO 'boot_addr_i[23]' is unconstrained in LPF and will be automatically placed
Warning: IO 'boot_addr_i[22]' is unconstrained in LPF and will be automatically placed
Warning: IO 'boot_addr_i[21]' is unconstrained in LPF and will be automatically placed
Warning: IO 'boot_addr_i[20]' is unconstrained in LPF and will be automatically placed
Warning: IO 'boot_addr_i[19]' is unconstrained in LPF and will be automatically placed
Warning: IO 'boot_addr_i[18]' is unconstrained in LPF and will be automatically placed
Warning: IO 'boot_addr_i[17]' is unconstrained in LPF and will be automatically placed
Warning: IO 'boot_addr_i[16]' is unconstrained in LPF and will be automatically placed
Warning: IO 'boot_addr_i[15]' is unconstrained in LPF and will be automatically placed
Warning: IO 'boot_addr_i[14]' is unconstrained in LPF and will be automatically placed
Warning: IO 'boot_addr_i[13]' is unconstrained in LPF and will be automatically placed
Warning: IO 'boot_addr_i[12]' is unconstrained in LPF and will be automatically placed
Warning: IO 'boot_addr_i[11]' is unconstrained in LPF and will be automatically placed
Warning: IO 'boot_addr_i[10]' is unconstrained in LPF and will be automatically placed
Warning: IO 'boot_addr_i[9]' is unconstrained in LPF and will be automatically placed
Warning: IO 'boot_addr_i[8]' is unconstrained in LPF and will be automatically placed
Warning: IO 'boot_addr_i[7]' is unconstrained in LPF and will be automatically placed
Warning: IO 'boot_addr_i[6]' is unconstrained in LPF and will be automatically placed
Warning: IO 'boot_addr_i[5]' is unconstrained in LPF and will be automatically placed
Warning: IO 'boot_addr_i[4]' is unconstrained in LPF and will be automatically placed
Warning: IO 'boot_addr_i[3]' is unconstrained in LPF and will be automatically placed
Warning: IO 'boot_addr_i[2]' is unconstrained in LPF and will be automatically placed
Warning: IO 'boot_addr_i[1]' is unconstrained in LPF and will be automatically placed
Warning: IO 'boot_addr_i[0]' is unconstrained in LPF and will be automatically placed
Warning: IO 'alert_minor_o' is unconstrained in LPF and will be automatically placed
Warning: IO 'alert_major_internal_o' is unconstrained in LPF and will be automatically placed
Warning: IO 'alert_major_bus_o' is unconstrained in LPF and will be automatically placed

Info: Logic utilisation before packing:
Info:     Total LUT4s:     16867/83640    20%
Info:         logic LUTs:  15751/83640    18%
Info:         carry LUTs:   1116/83640     1%
Info:           RAM LUTs:      0/10455     0%
Info:          RAMW LUTs:      0/20910     0%

Info:      Total DFFs:      3430/83640     4%

Info: Packing IOs..
Info: Packing constants..
Info: Packing carries...
Info: Packing LUTs...
Info: Packing LUT5-7s...
Info: Packing FFs...
Info:     2250 FFs paired with LUTs.
Info: Generating derived timing constraints...
Info: Promoting globals...
Info: Checksum: 0x09cefb40

Info: Device utilisation:
Info: 	          TRELLIS_IO:       0/    365     0%
Info: 	                DCCA:       0/     56     0%
Info: 	              DP16KD:       6/    208     2%
Info: 	          MULT18X18D:       1/    156     0%
Info: 	              ALU54B:       0/     78     0%
Info: 	             EHXPLLL:       0/      4     0%
Info: 	             EXTREFB:       0/      2     0%
Info: 	                DCUA:       0/      2     0%
Info: 	           PCSCLKDIV:       0/      2     0%
Info: 	             IOLOGIC:       0/    224     0%
Info: 	            SIOLOGIC:       0/    141     0%
Info: 	                 GSR:       0/      1     0%
Info: 	               JTAGG:       0/      1     0%
Info: 	                OSCG:       0/      1     0%
Info: 	               SEDGA:       0/      1     0%
Info: 	                 DTR:       0/      1     0%
Info: 	             USRMCLK:       0/      1     0%
Info: 	             CLKDIVF:       0/      4     0%
Info: 	           ECLKSYNCB:       0/     10     0%
Info: 	             DLLDELD:       0/      8     0%
Info: 	              DDRDLL:       0/      4     0%
Info: 	             DQSBUFM:       0/     14     0%
Info: 	     TRELLIS_ECLKBUF:       0/      8     0%
Info: 	        ECLKBRIDGECS:       0/      2     0%
Info: 	                DCSC:       0/      2     0%
Info: 	          TRELLIS_FF:    3430/  83640     4%
Info: 	        TRELLIS_COMB:   17033/  83640    20%
Info: 	        TRELLIS_RAMW:       0/  10455     0%

Info: Placed 0 cells based on constraints.
Info: Creating initial analytic placement for 13332 cells, random placement wirelen = 1378024.
Info:     at initial placer iter 0, wirelen = 2204
Info:     at initial placer iter 1, wirelen = 2205
Info:     at initial placer iter 2, wirelen = 2226
Info:     at initial placer iter 3, wirelen = 2129
Info: Running main analytical placer, max placement attempts per cell = 52377612.
Info:     at iteration #1, type ALL: wirelen solved = 2243, spread = 364642, legal = 364827; time = 0.23s
Info:     at iteration #2, type ALL: wirelen solved = 14660, spread = 153511, legal = 156269; time = 0.26s
Info:     at iteration #3, type ALL: wirelen solved = 31893, spread = 109358, legal = 111564; time = 0.25s
Info:     at iteration #4, type ALL: wirelen solved = 39692, spread = 98707, legal = 102518; time = 0.24s
Info:     at iteration #5, type ALL: wirelen solved = 46817, spread = 90014, legal = 94025; time = 0.23s
Info:     at iteration #6, type ALL: wirelen solved = 49641, spread = 88142, legal = 92050; time = 0.22s
Info:     at iteration #7, type ALL: wirelen solved = 53438, spread = 84751, legal = 88056; time = 0.22s
Info:     at iteration #8, type ALL: wirelen solved = 55817, spread = 83612, legal = 88140; time = 0.22s
Info:     at iteration #9, type ALL: wirelen solved = 57785, spread = 82798, legal = 86774; time = 0.22s
Info:     at iteration #10, type ALL: wirelen solved = 59308, spread = 82069, legal = 85524; time = 0.21s
Info:     at iteration #11, type ALL: wirelen solved = 61225, spread = 81096, legal = 85203; time = 0.21s
Info:     at iteration #12, type ALL: wirelen solved = 61317, spread = 81120, legal = 84693; time = 0.21s
Info:     at iteration #13, type ALL: wirelen solved = 62608, spread = 79636, legal = 82710; time = 0.21s
Info:     at iteration #14, type ALL: wirelen solved = 63609, spread = 79107, legal = 83162; time = 0.21s
Info:     at iteration #15, type ALL: wirelen solved = 63483, spread = 79696, legal = 84259; time = 0.21s
Info:     at iteration #16, type ALL: wirelen solved = 65112, spread = 79271, legal = 84718; time = 0.21s
Info:     at iteration #17, type ALL: wirelen solved = 65203, spread = 78432, legal = 82012; time = 0.22s
Info:     at iteration #18, type ALL: wirelen solved = 65077, spread = 78451, legal = 81918; time = 0.21s
Info:     at iteration #19, type ALL: wirelen solved = 65440, spread = 77972, legal = 82084; time = 0.21s
Info:     at iteration #20, type ALL: wirelen solved = 65761, spread = 77896, legal = 83163; time = 0.21s
Info:     at iteration #21, type ALL: wirelen solved = 66099, spread = 77901, legal = 82603; time = 0.21s
Info: HeAP Placer Time: 6.30s
Info:   of which solving equations: 4.19s
Info:   of which spreading cells: 0.84s
Info:   of which strict legalisation: 0.20s

Info: Running simulated annealing placer for refinement.
Info:   at iteration #1: temp = 0.000000, timing cost = 12174, wirelen = 81918
Info:   at iteration #5: temp = 0.000000, timing cost = 12512, wirelen = 74795
Info:   at iteration #10: temp = 0.000000, timing cost = 13091, wirelen = 72751
Info:   at iteration #15: temp = 0.000000, timing cost = 13214, wirelen = 72010
Info:   at iteration #20: temp = 0.000000, timing cost = 13514, wirelen = 71782
Info:   at iteration #22: temp = 0.000000, timing cost = 13668, wirelen = 71725 
Info: SA placement time 16.17s

Info: Max frequency for clock 'clk_i': 22.17 MHz (FAIL at 50.00 MHz)

Info: Slack histogram:
Info:  legend: * represents 26 endpoint(s)
Info:          + represents [1,26) endpoint(s)
Info: [-25101, -22883) |*********+
Info: [-22883, -20665) |************************+
Info: [-20665, -18447) |************************************************************ 
Info: [-18447, -16229) |*********************************+
Info: [-16229, -14011) |****+
Info: [-14011, -11793) |*******+
Info: [-11793,  -9575) |***************************+
Info: [ -9575,  -7357) |****+
Info: [ -7357,  -5139) |************+
Info: [ -5139,  -2921) |*************+
Info: [ -2921,   -703) |***+
Info: [  -703,   1515) |*****+
Info: [  1515,   3733) |*******************+
Info: [  3733,   5951) |****************+
Info: [  5951,   8169) |******+
Info: [  8169,  10387) |+
Info: [ 10387,  12605) |**+
Info: [ 12605,  14823) |*+
Info: [ 14823,  17041) |****+
Info: [ 17041,  19259) |****+
Info: Checksum: 0x28212894
Info: Routing globals...

Info: Routing..
Info: Setting up routing queue.
Info: Routing 67374 arcs.
Info:            |   (re-)routed arcs  |   delta    | remaining|       time spent     |
Info:    IterCnt |  w/ripup   wo/ripup |  w/r  wo/r |      arcs| batch(sec) total(sec)|
Info:       1000 |      126        873 |  126   873 |     66533|       0.39       0.39|
Info:       2000 |      305       1694 |  179   821 |     65843|       0.11       0.50|
Info:       3000 |      587       2412 |  282   718 |     65317|       0.11       0.61|
Info:       4000 |      840       3159 |  253   747 |     64718|       0.12       0.73|
Info:       5000 |     1130       3869 |  290   710 |     64073|       0.11       0.83|
Info:       6000 |     1429       4570 |  299   701 |     63460|       0.11       0.95|
Info:       7000 |     1657       5342 |  228   772 |     62789|       0.11       1.06|
Info:       8000 |     1954       6045 |  297   703 |     62165|       0.11       1.17|
Info:       9000 |     2257       6742 |  303   697 |     61941|       0.12       1.29|
Info:      10000 |     2523       7476 |  266   734 |     61610|       0.11       1.40|
Info:      11000 |     2752       8247 |  229   771 |     61539|       0.12       1.51|
Info:      12000 |     3065       8934 |  313   687 |     61401|       0.10       1.62|
Info:      13000 |     3276       9723 |  211   789 |     61176|       0.11       1.73|
Info:      14000 |     3494      10505 |  218   782 |     60641|       0.12       1.85|
Info:      15000 |     3784      11215 |  290   710 |     60108|       0.12       1.97|
Info:      16000 |     4049      11950 |  265   735 |     60045|       0.12       2.09|
Info:      17000 |     4325      12674 |  276   724 |     59715|       0.11       2.20|
Info:      18000 |     4543      13456 |  218   782 |     59200|       0.12       2.32|
Info:      19000 |     4714      14285 |  171   829 |     58837|       0.12       2.44|
Info:      20000 |     4924      15075 |  210   790 |     58467|       0.12       2.56|
Info:      21000 |     5248      15751 |  324   676 |     58181|       0.13       2.69|
Info:      22000 |     5526      16473 |  278   722 |     57774|       0.13       2.82|
Info:      23000 |     5839      17160 |  313   687 |     57524|       0.12       2.94|
Info:      24000 |     6094      17905 |  255   745 |     56992|       0.12       3.07|
Info:      25000 |     6426      18573 |  332   668 |     56678|       0.17       3.24|
Info:      26000 |     6692      19307 |  266   734 |     56169|       0.12       3.36|
Info:      27000 |     6960      20039 |  268   732 |     55655|       0.12       3.48|
Info:      28000 |     7215      20784 |  255   745 |     55252|       0.12       3.60|
Info:      29000 |     7519      21480 |  304   696 |     54714|       0.14       3.73|
Info:      30000 |     7867      22132 |  348   652 |     54231|       0.12       3.85|
Info:      31000 |     8174      22825 |  307   693 |     53720|       0.12       3.97|
Info:      32000 |     8483      23516 |  309   691 |     53231|       0.13       4.10|
Info:      33000 |     8784      24215 |  301   699 |     52749|       0.13       4.23|
Info:      34000 |     9114      24885 |  330   670 |     52484|       0.13       4.37|
Info:      35000 |     9386      25613 |  272   728 |     52003|       0.13       4.49|
Info:      36000 |     9669      26330 |  283   717 |     51837|       0.13       4.62|
Info:      37000 |     9934      27065 |  265   735 |     51297|       0.13       4.75|
Info:      38000 |    10224      27775 |  290   710 |     50802|       0.13       4.87|
Info:      39000 |    10543      28456 |  319   681 |     50358|       0.14       5.01|
Info:      40000 |    10872      29127 |  329   671 |     49901|       0.14       5.15|
Info:      41000 |    11224      29775 |  352   648 |     49505|       0.13       5.28|
Info:      42000 |    11515      30484 |  291   709 |     48968|       0.13       5.41|
Info:      43000 |    11811      31188 |  296   704 |     48514|       0.14       5.55|
Info:      44000 |    12128      31871 |  317   683 |     48024|       0.14       5.70|
Info:      45000 |    12339      32660 |  211   789 |     47744|       0.14       5.84|
Info:      46000 |    12654      33345 |  315   685 |     47190|       0.14       5.98|
Info:      47000 |    13032      33967 |  378   622 |     46833|       0.14       6.12|
Info:      48000 |    13257      34742 |  225   775 |     46719|       0.13       6.24|
Info:      49000 |    13703      35296 |  446   554 |     46354|       0.14       6.38|
Info:      50000 |    13988      36011 |  285   715 |     45901|       0.14       6.52|
Info:      51000 |    14297      36702 |  309   691 |     45404|       0.15       6.67|
Info:      52000 |    14681      37318 |  384   616 |     45033|       0.15       6.82|
Info:      53000 |    15024      37975 |  343   657 |     44544|       0.14       6.97|
Info:      54000 |    15295      38704 |  271   729 |     43950|       0.14       7.11|
Info:      55000 |    15603      39396 |  308   692 |     43467|       0.15       7.25|
Info:      56000 |    16025      39974 |  422   578 |     43123|       0.15       7.40|
Info:      57000 |    16490      40509 |  465   535 |     42791|       0.16       7.56|
Info:      58000 |    16909      41090 |  419   581 |     42432|       0.15       7.72|
Info:      59000 |    17323      41676 |  414   586 |     42110|       0.16       7.88|
Info:      60000 |    17635      42364 |  312   688 |     41764|       0.15       8.02|
Info:      61000 |    18043      42956 |  408   592 |     41347|       0.14       8.16|
Info:      62000 |    18433      43566 |  390   610 |     41008|       0.17       8.33|
Info:      63000 |    18809      44190 |  376   624 |     40552|       0.17       8.50|
Info:      64000 |    19103      44896 |  294   706 |     40168|       0.15       8.64|
Info:      65000 |    19469      45530 |  366   634 |     39664|       0.15       8.79|
Info:      66000 |    19824      46175 |  355   645 |     39091|       0.15       8.94|
Info:      67000 |    20207      46792 |  383   617 |     38672|       0.16       9.10|
Info:      68000 |    20661      47338 |  454   546 |     38229|       0.17       9.27|
Info:      69000 |    21148      47851 |  487   513 |     38154|       0.19       9.46|
Info:      70000 |    21529      48470 |  381   619 |     37802|       0.14       9.59|
Info:      71000 |    21975      49024 |  446   554 |     37413|       0.16       9.75|
Info:      72000 |    22416      49583 |  441   559 |     36969|       0.14       9.89|
Info:      73000 |    22783      50216 |  367   633 |     36652|       0.14      10.04|
Info:      74000 |    23118      50881 |  335   665 |     36264|       0.15      10.19|
Info:      75000 |    23538      51461 |  420   580 |     35911|       0.15      10.34|
Info:      76000 |    23989      52010 |  451   549 |     35602|       0.15      10.49|
Info:      77000 |    24473      52526 |  484   516 |     35178|       0.14      10.63|
Info:      78000 |    24977      53022 |  504   496 |     34805|       0.14      10.78|
Info:      79000 |    25439      53560 |  462   538 |     34347|       0.14      10.91|
Info:      80000 |    25856      54143 |  417   583 |     34011|       0.14      11.05|
Info:      81000 |    26255      54744 |  399   601 |     33561|       0.14      11.20|
Info:      82000 |    26653      55346 |  398   602 |     33233|       0.16      11.36|
Info:      83000 |    27037      55962 |  384   616 |     32844|       0.16      11.52|
Info:      84000 |    27326      56673 |  289   711 |     32565|       0.16      11.67|
Info:      85000 |    27717      57282 |  391   609 |     32086|       0.17      11.84|
Info:      86000 |    28111      57888 |  394   606 |     31672|       0.16      12.00|
Info:      87000 |    28479      58488 |  368   600 |     31185|       0.14      12.14|
Info:      88000 |    28869      59053 |  390   565 |     30702|       0.14      12.28|
Info:      89000 |    29260      59614 |  391   561 |     30289|       0.16      12.44|
Info:      90000 |    29663      60161 |  403   547 |     29785|       0.15      12.59|
Info:      91000 |    30046      60722 |  383   561 |     29319|       0.13      12.73|
Info:      92000 |    30374      61377 |  328   655 |     29211|       0.19      12.92|
Info:      93000 |    30803      61910 |  429   533 |     28835|       0.14      13.06|
Info:      94000 |    31148      62486 |  345   576 |     28324|       0.14      13.19|
Info:      95000 |    31497      63042 |  349   556 |     27736|       0.12      13.31|
Info:      96000 |    31842      63624 |  345   582 |     27119|       0.12      13.43|
Info:      97000 |    32111      64267 |  269   643 |     26518|       0.12      13.56|
Info:      98000 |    32466      64870 |  355   603 |     26199|       0.17      13.72|
Info:      99000 |    32895      65388 |  429   518 |     25752|       0.16      13.88|
Info:     100000 |    33347      65863 |  452   475 |     25290|       0.14      14.02|
Info:     101000 |    33735      66422 |  388   559 |     24808|       0.14      14.16|
Info:     102000 |    34188      66921 |  453   499 |     24401|       0.15      14.31|
Info:     103000 |    34585      67459 |  397   538 |     23945|       0.16      14.47|
Info:     104000 |    34997      67954 |  412   495 |     23408|       0.14      14.61|
Info:     105000 |    35424      68446 |  427   492 |     22898|       0.14      14.74|
Info:     106000 |    35839      68944 |  415   498 |     22375|       0.14      14.88|
Info:     107000 |    36222      69467 |  383   523 |     21897|       0.15      15.03|
Info:     108000 |    36611      70020 |  389   553 |     21527|       0.18      15.22|
Info:     109000 |    37006      70567 |  395   547 |     21107|       0.17      15.39|
Info:     110000 |    37421      71100 |  415   533 |     20611|       0.16      15.55|
Info:     111000 |    37841      71637 |  420   537 |     20129|       0.16      15.70|
Info:     112000 |    38232      72189 |  391   552 |     19846|       0.21      15.91|
Info:     113000 |    38578      72773 |  346   584 |     19335|       0.16      16.07|
Info:     114000 |    38989      73317 |  411   544 |     18901|       0.17      16.25|
Info:     115000 |    39405      73838 |  416   521 |     18429|       0.18      16.42|
Info:     116000 |    39771      74428 |  366   590 |     17904|       0.17      16.59|
Info:     117000 |    40106      75069 |  335   641 |     17352|       0.18      16.77|
Info:     118000 |    40429      75725 |  323   656 |     16869|       0.18      16.95|
Info:     119000 |    40679      76458 |  250   733 |     16229|       0.17      17.12|
Info:     120000 |    40896      77232 |  217   774 |     15568|       0.15      17.27|
Info:     121000 |    41133      77983 |  237   751 |     14928|       0.17      17.44|
Info:     122000 |    41358      78753 |  225   770 |     14234|       0.17      17.60|
Info:     123000 |    41665      79418 |  307   665 |     13715|       0.20      17.80|
Info:     124000 |    41961      80104 |  296   686 |     13244|       0.20      18.00|
Info:     125000 |    42296      80754 |  335   650 |     12853|       0.25      18.24|
Info:     126000 |    42529      81439 |  233   685 |     12156|       0.17      18.41|
Info:     127000 |    42781      82067 |  252   628 |     11475|       0.15      18.56|
Info:     128000 |    43071      82650 |  290   583 |     10964|       0.21      18.77|
Info:     129000 |    43321      83263 |  250   613 |     10356|       0.17      18.94|
Info:     130000 |    43680      83855 |  359   592 |     10329|       0.20      19.14|
Info:     131000 |    44058      84477 |  378   622 |     10023|       0.29      19.43|
Info:     132000 |    44297      85144 |  239   667 |      9308|       0.17      19.60|
Info:     133000 |    44502      85792 |  205   648 |      8607|       0.17      19.77|
Info:     134000 |    44809      86350 |  307   558 |      8135|       0.24      20.01|
Info:     135000 |    45167      86898 |  358   548 |      7635|       0.24      20.25|
Info:     136000 |    45453      87542 |  286   644 |      7130|       0.21      20.46|
Info:     137000 |    45755      88237 |  302   695 |      6978|       0.27      20.72|
Info:     138000 |    46108      88814 |  353   577 |      6615|       0.27      20.99|
Info:     139000 |    46359      89512 |  251   698 |      6020|       0.24      21.24|
Info:     140000 |    46465      90406 |  106   894 |      5388|       0.14      21.38|
Info:     141000 |    46637      91234 |  172   828 |      4732|       0.16      21.54|
Info:     142000 |    46817      92054 |  180   820 |      3964|       0.14      21.68|
Info:     143000 |    47041      92822 |  224   768 |      3235|       0.15      21.83|
Info:     144000 |    47189      93541 |  148   719 |      2498|       0.32      22.14|
Info:     145000 |    47451      94228 |  262   687 |      2101|       0.34      22.49|
Info:     146000 |    47593      94973 |  142   745 |      1297|       0.33      22.82|
Info:     147000 |    47797      95671 |  204   698 |       611|       0.37      23.19|
Info:     147946 |    47981      96353 |  184   682 |         0|       0.43      23.62|
Info: Routing complete.
Info: Router1 time 23.62s
Info: Checksum: 0x93ada144

Info: Critical path report for clock 'clk_i' (posedge -> posedge):
Info:       type curr  total name
Info:   clk-to-q  5.83  5.83 Source tag_bank_w0.mem.0.0.DOB1
Info:    routing  1.28  7.11 Net ic_tag_rdata[41] (53,22) -> (55,21)
Info:                          Sink u_ibex_core.if_stage_i.icache.way0_valid_LUT4_B_Z_PFUMX_Z_C0_L6MUX21_SD_D0_L6MUX21_Z_D1_PFUMX_Z_ALUT_LUT4_Z.C
Info:                          Defined in:
Info:                               /opt/homebrew/bin/../share/yosys/lattice/cells_map_trellis.v:108.23-108.24
Info:      logic  0.24  7.34 Source u_ibex_core.if_stage_i.icache.way0_valid_LUT4_B_Z_PFUMX_Z_C0_L6MUX21_SD_D0_L6MUX21_Z_D1_PFUMX_Z_ALUT_LUT4_Z.F
Info:    routing  0.00  7.34 Net u_ibex_core.if_stage_i.icache.way0_valid_LUT4_B_Z_PFUMX_Z_C0_L6MUX21_SD_D0_L6MUX21_Z_D1_PFUMX_Z_ALUT (55,21) -> (55,21)
Info:                          Sink u_ibex_core.if_stage_i.icache.way0_valid_LUT4_B_Z_PFUMX_Z_C0_L6MUX21_SD_D0_L6MUX21_Z_D1_PFUMX_Z_BLUT_LUT4_Z.F1
Info:                          Defined in:
Info:                               /opt/homebrew/bin/../share/yosys/lattice/cells_map_trellis.v:157.30-157.32
Info:      logic  0.17  7.51 Source u_ibex_core.if_stage_i.icache.way0_valid_LUT4_B_Z_PFUMX_Z_C0_L6MUX21_SD_D0_L6MUX21_Z_D1_PFUMX_Z_BLUT_LUT4_Z.OFX
Info:    routing  0.00  7.51 Net u_ibex_core.if_stage_i.icache.way0_valid_LUT4_B_Z_PFUMX_Z_C0_L6MUX21_SD_D0_L6MUX21_Z_D1 (55,21) -> (55,21)
Info:                          Sink u_ibex_core.if_stage_i.icache.way0_valid_LUT4_B_Z_PFUMX_Z_C0_L6MUX21_SD_D0_L6MUX21_Z_D1_PFUMX_Z_ALUT_LUT4_Z.FXB
Info:                          Defined in:
Info:                               /opt/homebrew/bin/../share/yosys/lattice/cells_map_trellis.v:157.54-157.56
Info:      logic  0.24  7.75 Source u_ibex_core.if_stage_i.icache.way0_valid_LUT4_B_Z_PFUMX_Z_C0_L6MUX21_SD_D0_L6MUX21_Z_D1_PFUMX_Z_ALUT_LUT4_Z.OFX
Info:    routing  0.00  7.75 Net u_ibex_core.if_stage_i.icache.way0_valid_LUT4_B_Z_PFUMX_Z_C0_L6MUX21_SD_D0 (55,21) -> (55,21)
Info:                          Sink u_ibex_core.if_stage_i.icache.way0_valid_LUT4_B_Z_PFUMX_Z_C0_L6MUX21_SD_D1_L6MUX21_Z_D0_PFUMX_Z_ALUT_LUT4_Z.FXA
Info:                          Defined in:
Info:                               /opt/homebrew/bin/../share/yosys/lattice/cells_map_trellis.v:157.66-157.68
Info:      logic  0.24  7.99 Source u_ibex_core.if_stage_i.icache.way0_valid_LUT4_B_Z_PFUMX_Z_C0_L6MUX21_SD_D1_L6MUX21_Z_D0_PFUMX_Z_ALUT_LUT4_Z.OFX
Info:    routing  0.64  8.62 Net u_ibex_core.if_stage_i.icache.way0_valid_LUT4_B_Z_PFUMX_Z_C0_L6MUX21_SD_Z[4] (55,21) -> (53,21)
Info:                          Sink u_ibex_core.if_stage_i.icache.way0_valid_LUT4_B_Z_PFUMX_Z_C0_L6MUX21_SD_Z_PFUMX_C0_BLUT_LUT4_Z.M
Info:                          Defined in:
Info:                               /opt/homebrew/bin/../share/yosys/lattice/cells_map_trellis.v:108.23-108.24
Info:      logic  0.26  8.88 Source u_ibex_core.if_stage_i.icache.way0_valid_LUT4_B_Z_PFUMX_Z_C0_L6MUX21_SD_Z_PFUMX_C0_BLUT_LUT4_Z.OFX
Info:    routing  1.10  9.98 Net u_ibex_core.if_stage_i.icache.lookup_grant_TRELLIS_FF_DI_Q[3] (53,21) -> (52,19)
Info:                          Sink u_ibex_core.if_stage_i.icache.way0_valid_LUT4_B_1_Z_LUT4_C.D
Info:                          Defined in:
Info:                               /opt/homebrew/bin/../share/yosys/lattice/cells_map_trellis.v:108.23-108.24
Info:      logic  0.24  10.21 Source u_ibex_core.if_stage_i.icache.way0_valid_LUT4_B_1_Z_LUT4_C.F
Info:    routing  0.67  10.88 Net instr_rvalid_i_LUT4_B_3_Z_LUT4_D_1_Z_PFUMX_BLUT_Z[6] (52,19) -> (50,19)
Info:                          Sink instr_rvalid_i_LUT4_B_3_Z_LUT4_D_1_Z_PFUMX_BLUT_Z_LUT4_C_1.M
Info:                          Defined in:
Info:                               /opt/homebrew/bin/../share/yosys/lattice/cells_map_trellis.v:108.23-108.24
Info:      logic  0.26  11.14 Source instr_rvalid_i_LUT4_B_3_Z_LUT4_D_1_Z_PFUMX_BLUT_Z_LUT4_C_1.OFX
Info:    routing  1.40  12.54 Net instr_rvalid_i_LUT4_B_3_Z_LUT4_C_Z_PFUMX_ALUT_Z_L6MUX21_Z_SD[4] (50,19) -> (52,27)
Info:                          Sink instr_rvalid_i_LUT4_B_3_Z_LUT4_C_Z_PFUMX_ALUT_Z_L6MUX21_Z_D1_PFUMX_Z_BLUT_LUT4_Z.M
Info:                          Defined in:
Info:                               /opt/homebrew/bin/../share/yosys/lattice/cells_map_trellis.v:108.23-108.24
Info:      logic  0.26  12.79 Source instr_rvalid_i_LUT4_B_3_Z_LUT4_C_Z_PFUMX_ALUT_Z_L6MUX21_Z_D1_PFUMX_Z_BLUT_LUT4_Z.OFX
Info:    routing  0.00  12.79 Net instr_rvalid_i_LUT4_B_3_Z_LUT4_C_Z_PFUMX_ALUT_Z_L6MUX21_Z_D1 (52,27) -> (52,27)
Info:                          Sink instr_rvalid_i_LUT4_B_3_Z_LUT4_C_Z_PFUMX_ALUT_Z_L6MUX21_Z_D1_PFUMX_Z_ALUT_LUT4_Z.FXB
Info:                          Defined in:
Info:                               /opt/homebrew/bin/../share/yosys/lattice/cells_map_trellis.v:141.38-141.40
Info:      logic  0.24  13.03 Source instr_rvalid_i_LUT4_B_3_Z_LUT4_C_Z_PFUMX_ALUT_Z_L6MUX21_Z_D1_PFUMX_Z_ALUT_LUT4_Z.OFX
Info:    routing  1.30  14.33 Net instr_rvalid_i_LUT4_B_3_Z_LUT4_C_Z_PFUMX_ALUT_Z[3] (52,27) -> (52,17)
Info:                          Sink u_ibex_core.if_stage_i.icache.output_stage.raw_curr_err_LUT4_D_Z_LUT4_Z_1_D_L6MUX21_SD_Z_PFUMX_Z_BLUT_LUT4_Z.D
Info:                          Defined in:
Info:                               /opt/homebrew/bin/../share/yosys/lattice/cells_map_trellis.v:108.23-108.24
Info:      logic  0.40  14.73 Source u_ibex_core.if_stage_i.icache.output_stage.raw_curr_err_LUT4_D_Z_LUT4_Z_1_D_L6MUX21_SD_Z_PFUMX_Z_BLUT_LUT4_Z.OFX
Info:    routing  1.18  15.92 Net instr_rvalid_i_LUT4_B_3_Z_LUT4_C_Z_PFUMX_ALUT_Z_L6MUX21_SD_Z[1] (52,17) -> (55,19)
Info:                          Sink instr_rvalid_i_LUT4_B_3_Z_LUT4_C_Z_PFUMX_ALUT_Z_L6MUX21_SD_Z_PFUMX_Z_ALUT_LUT4_Z.D
Info:                          Defined in:
Info:                               /opt/homebrew/bin/../share/yosys/lattice/cells_map_trellis.v:108.23-108.24
Info:      logic  0.24  16.16 Source instr_rvalid_i_LUT4_B_3_Z_LUT4_C_Z_PFUMX_ALUT_Z_L6MUX21_SD_Z_PFUMX_Z_ALUT_LUT4_Z.F
Info:    routing  0.00  16.16 Net instr_rvalid_i_LUT4_B_3_Z_LUT4_C_Z_PFUMX_ALUT_Z_L6MUX21_SD_Z_PFUMX_Z_ALUT (55,19) -> (55,19)
Info:                          Sink instr_rvalid_i_LUT4_B_3_Z_LUT4_C_Z_PFUMX_ALUT_Z_L6MUX21_SD_Z_PFUMX_Z_BLUT_LUT4_Z.F1
Info:                          Defined in:
Info:                               /opt/homebrew/bin/../share/yosys/lattice/cells_map_trellis.v:133.22-133.24
Info:      logic  0.17  16.32 Source instr_rvalid_i_LUT4_B_3_Z_LUT4_C_Z_PFUMX_ALUT_Z_L6MUX21_SD_Z_PFUMX_Z_BLUT_LUT4_Z.OFX
Info:    routing  1.20  17.52 Net instr_rvalid_i_LUT4_B_3_Z_LUT4_C_Z_PFUMX_ALUT_Z_L6MUX21_SD_Z[6] (55,19) -> (55,12)
Info:                          Sink instr_rvalid_i_LUT4_B_3_Z_LUT4_C_Z_PFUMX_ALUT_Z_LUT4_A_Z_L6MUX21_Z_D1_L6MUX21_Z_D0_PFUMX_Z_ALUT_LUT4_Z.M
Info:                          Defined in:
Info:                               /opt/homebrew/bin/../share/yosys/lattice/cells_map_trellis.v:108.23-108.24
Info:      logic  0.26  17.77 Source instr_rvalid_i_LUT4_B_3_Z_LUT4_C_Z_PFUMX_ALUT_Z_LUT4_A_Z_L6MUX21_Z_D1_L6MUX21_Z_D0_PFUMX_Z_ALUT_LUT4_Z.OFX
Info:    routing  1.62  19.39 Net instr_rvalid_i_LUT4_B_3_Z_LUT4_C_Z_PFUMX_ALUT_Z_LUT4_A_Z[4] (55,12) -> (68,7)
Info:                          Sink u_ibex_core.if_stage_i.icache.output_stage.out_beat1_LUT4_C_Z_L6MUX21_Z_D1_L6MUX21_Z_D1_PFUMX_Z_ALUT_LUT4_Z.M
Info:                          Defined in:
Info:                               /opt/homebrew/bin/../share/yosys/lattice/cells_map_trellis.v:108.23-108.24
Info:      logic  0.26  19.65 Source u_ibex_core.if_stage_i.icache.output_stage.out_beat1_LUT4_C_Z_L6MUX21_Z_D1_L6MUX21_Z_D1_PFUMX_Z_ALUT_LUT4_Z.OFX
Info:    routing  0.00  19.65 Net u_ibex_core.if_stage_i.icache.output_stage.out_beat1_LUT4_C_Z_L6MUX21_Z_D1 (68,7) -> (68,7)
Info:                          Sink u_ibex_core.if_stage_i.icache.output_stage.out_beat1_LUT4_C_Z_L6MUX21_Z_D1_L6MUX21_Z_D0_PFUMX_Z_ALUT_LUT4_Z.FXB
Info:                          Defined in:
Info:                               /opt/homebrew/bin/../share/yosys/lattice/cells_map_trellis.v:157.70-157.72
Info:      logic  0.24  19.89 Source u_ibex_core.if_stage_i.icache.output_stage.out_beat1_LUT4_C_Z_L6MUX21_Z_D1_L6MUX21_Z_D0_PFUMX_Z_ALUT_LUT4_Z.OFX
Info:    routing  2.48  22.37 Net u_ibex_core.if_stage_i.icache.fb_count_b1_LUT4_B_1_Z_TRELLIS_FF_Q_DI_L6MUX21_Z_D0_L6MUX21_Z_D1_PFUMX_Z_ALUT_LUT4_Z_D_LUT4_D_Z_LUT4_C_Z_LUT4_Z_103_C[2] (68,7) -> (45,16)
Info:                          Sink u_ibex_core.if_stage_i.icache.output_stage.raw_curr_err_LUT4_D_Z_L6MUX21_Z_D1_PFUMX_Z_BLUT_LUT4_Z.C
Info:                          Defined in:
Info:                               /opt/homebrew/bin/../share/yosys/lattice/cells_map_trellis.v:108.23-108.24
Info:      logic  0.40  22.77 Source u_ibex_core.if_stage_i.icache.output_stage.raw_curr_err_LUT4_D_Z_L6MUX21_Z_D1_PFUMX_Z_BLUT_LUT4_Z.OFX
Info:    routing  0.00  22.77 Net u_ibex_core.if_stage_i.icache.output_stage.raw_curr_err_LUT4_D_Z_L6MUX21_Z_D1 (45,16) -> (45,16)
Info:                          Sink u_ibex_core.if_stage_i.icache.output_stage.raw_curr_err_LUT4_D_Z_L6MUX21_Z_D1_PFUMX_Z_ALUT_LUT4_Z.FXB
Info:                          Defined in:
Info:                               /opt/homebrew/bin/../share/yosys/lattice/cells_map_trellis.v:141.38-141.40
Info:      logic  0.24  23.01 Source u_ibex_core.if_stage_i.icache.output_stage.raw_curr_err_LUT4_D_Z_L6MUX21_Z_D1_PFUMX_Z_ALUT_LUT4_Z.OFX
Info:    routing  1.50  24.51 Net core_busy_d_LUT4_Z_D_LUT4_Z_1_D_LUT4_C_Z_LUT4_D_A_PFUMX_C0_Z_LUT4_C_1_Z[4] (45,16) -> (37,11)
Info:                          Sink u_ibex_core.if_stage_i.cd.instr_i_L6MUX21_Z_D0_L6MUX21_Z_SD_PFUMX_Z_C0_LUT4_Z.D
Info:                          Defined in:
Info:                               /opt/homebrew/bin/../share/yosys/lattice/cells_map_trellis.v:108.23-108.24
Info:      logic  0.24  24.75 Source u_ibex_core.if_stage_i.cd.instr_i_L6MUX21_Z_D0_L6MUX21_Z_SD_PFUMX_Z_C0_LUT4_Z.F
Info:    routing  1.53  26.28 Net u_ibex_core.if_stage_i.cd.instr_i_L6MUX21_Z_D0_L6MUX21_Z_SD_PFUMX_Z_ALUT_LUT4_Z_B[4] (37,11) -> (41,16)
Info:                          Sink u_ibex_core.if_stage_i.icache.output_stage.nonheld_rdata_LUT4_Z_10_D_PFUMX_Z_BLUT_LUT4_Z.M
Info:                          Defined in:
Info:                               /opt/homebrew/bin/../share/yosys/lattice/cells_map_trellis.v:108.23-108.24
Info:      logic  0.26  26.54 Source u_ibex_core.if_stage_i.icache.output_stage.nonheld_rdata_LUT4_Z_10_D_PFUMX_Z_BLUT_LUT4_Z.OFX
Info:    routing  0.46  27.00 Net u_ibex_core.if_stage_i.icache.output_stage.nonheld_rdata_LUT4_Z_10_D[5] (41,16) -> (41,16)
Info:                          Sink u_ibex_core.if_stage_i.icache.output_stage.nonheld_rdata_LUT4_Z_10_D_PFUMX_C0_ALUT_LUT4_Z.M
Info:                          Defined in:
Info:                               /opt/homebrew/bin/../share/yosys/lattice/cells_map_trellis.v:108.23-108.24
Info:      logic  0.26  27.25 Source u_ibex_core.if_stage_i.icache.output_stage.nonheld_rdata_LUT4_Z_10_D_PFUMX_C0_ALUT_LUT4_Z.OFX
Info:    routing  2.37  29.62 Net u_ibex_core.if_stage_i.instr_decompressed_PFUMX_Z_4_C0_L6MUX21_Z_SD[1] (41,16) -> (8,15)
Info:                          Sink u_ibex_core.if_stage_i.instr_decompressed_PFUMX_Z_4_C0_L6MUX21_Z_SD_PFUMX_Z_1_ALUT_LUT4_Z.C
Info:                          Defined in:
Info:                               /opt/homebrew/bin/../share/yosys/lattice/cells_map_trellis.v:108.23-108.24
Info:      logic  0.24  29.86 Source u_ibex_core.if_stage_i.instr_decompressed_PFUMX_Z_4_C0_L6MUX21_Z_SD_PFUMX_Z_1_ALUT_LUT4_Z.F
Info:    routing  0.00  29.86 Net u_ibex_core.if_stage_i.instr_decompressed_PFUMX_Z_4_C0_L6MUX21_Z_SD_PFUMX_Z_1_ALUT (8,15) -> (8,15)
Info:                          Sink u_ibex_core.if_stage_i.instr_decompressed_PFUMX_Z_4_C0_L6MUX21_Z_SD_PFUMX_Z_1_BLUT_LUT4_Z.F1
Info:                          Defined in:
Info:                               /opt/homebrew/bin/../share/yosys/lattice/cells_map_trellis.v:133.22-133.24
Info:      logic  0.17  30.02 Source u_ibex_core.if_stage_i.instr_decompressed_PFUMX_Z_4_C0_L6MUX21_Z_SD_PFUMX_Z_1_BLUT_LUT4_Z.OFX
Info:    routing  0.66  30.68 Net u_ibex_core.if_stage_i.instr_decompressed_PFUMX_Z_4_C0_L6MUX21_Z_SD[3] (8,15) -> (8,16)
Info:                          Sink u_ibex_core.if_stage_i.instr_decompressed_PFUMX_Z_4_C0_L6MUX21_Z_D1_PFUMX_Z_BLUT_LUT4_Z.D
Info:                          Defined in:
Info:                               /opt/homebrew/bin/../share/yosys/lattice/cells_map_trellis.v:108.23-108.24
Info:      logic  0.40  31.08 Source u_ibex_core.if_stage_i.instr_decompressed_PFUMX_Z_4_C0_L6MUX21_Z_D1_PFUMX_Z_BLUT_LUT4_Z.OFX
Info:    routing  0.00  31.08 Net u_ibex_core.if_stage_i.instr_decompressed_PFUMX_Z_4_C0_L6MUX21_Z_D1 (8,16) -> (8,16)
Info:                          Sink u_ibex_core.if_stage_i.instr_decompressed_PFUMX_Z_4_C0_L6MUX21_Z_D1_PFUMX_Z_ALUT_LUT4_Z.FXB
Info:                          Defined in:
Info:                               /opt/homebrew/bin/../share/yosys/lattice/cells_map_trellis.v:141.38-141.40
Info:      logic  0.24  31.33 Source u_ibex_core.if_stage_i.instr_decompressed_PFUMX_Z_4_C0_L6MUX21_Z_D1_PFUMX_Z_ALUT_LUT4_Z.OFX
Info:    routing  0.63  31.96 Net u_ibex_core.if_stage_i.instr_decompressed_PFUMX_Z_4_C0[4] (8,16) -> (7,16)
Info:                          Sink u_ibex_core.if_stage_i.instr_decompressed_PFUMX_Z_4_BLUT_LUT4_Z.M
Info:                          Defined in:
Info:                               /opt/homebrew/bin/../share/yosys/lattice/cells_map_trellis.v:108.23-108.24
Info:      logic  0.26  32.21 Source u_ibex_core.if_stage_i.instr_decompressed_PFUMX_Z_4_BLUT_LUT4_Z.OFX
Info:    routing  2.75  34.96 Net u_ibex_core.if_stage_i.instr_decompressed[17] (7,16) -> (23,33)
Info:                          Sink u_ibex_core.if_stage_i.instr_rdata_alu_id_o_TRELLIS_FF_Q_16.M
Info:                          Defined in:
Info:                               ${REPO_ROOT}/flow/out/arch/ibex_top.v:14018.14-14018.32
Info:      setup  0.00  34.96 Source u_ibex_core.if_stage_i.instr_rdata_alu_id_o_TRELLIS_FF_Q_16.M
Info: 12.20 ns logic, 22.76 ns routing

Warning: Max frequency for clock 'clk_i': 28.60 MHz (FAIL at 50.00 MHz)

Info: Slack histogram:
Info:  legend: * represents 32 endpoint(s)
Info:          + represents [1,32) endpoint(s)
Info: [-14961, -13260) |+
Info: [-13260, -11559) |******+
Info: [-11559,  -9858) |*******+
Info: [ -9858,  -8157) |******************************+
Info: [ -8157,  -6456) |************************************************************ 
Info: [ -6456,  -4755) |**************************+
Info: [ -4755,  -3054) |**+
Info: [ -3054,  -1353) |**********+
Info: [ -1353,    348) |**********+
Info: [   348,   2049) |****+
Info: [  2049,   3750) |****+
Info: [  3750,   5451) |**********+
Info: [  5451,   7152) |********************+
Info: [  7152,   8853) |******+
Info: [  8853,  10554) |+
Info: [ 10554,  12255) |+
Info: [ 12255,  13956) |*+
Info: [ 13956,  15657) |+
Info: [ 15657,  17358) |***+
Info: [ 17358,  19059) |***+
2001 warnings, 0 errors

Info: Program finished normally.
