Info: constraining clock net 'clk_i' to 50.00 MHz
Warning: IO 'test_en_i' is unconstrained in LPF and will be automatically placed
Warning: IO 'scramble_req_o' is unconstrained in LPF and will be automatically placed
Warning: IO 'scramble_nonce_i[63]' is unconstrained in LPF and will be automatically placed
Warning: IO 'scramble_nonce_i[62]' is unconstrained in LPF and will be automatically placed
Warning: IO 'scramble_nonce_i[61]' is unconstrained in LPF and will be automatically placed
Warning: IO 'scramble_nonce_i[60]' is unconstrained in LPF and will be automatically placed
Warning: IO 'scramble_nonce_i[59]' is unconstrained in LPF and will be automatically placed
Warning: IO 'scramble_nonce_i[58]' is unconstrained in LPF and will be automatically placed
Warning: IO 'scramble_nonce_i[57]' is unconstrained in LPF and will be automatically placed
Warning: IO 'scramble_nonce_i[56]' is unconstrained in LPF and will be automatically placed
Warning: IO 'scramble_nonce_i[55]' is unconstrained in LPF and will be automatically placed
Warning: IO 'scramble_nonce_i[54]' is unconstrained in LPF and will be automatically placed
Warning: IO 'scramble_nonce_i[53]' is unconstrained in LPF and will be automatically placed
Warning: IO 'scramble_nonce_i[52]' is unconstrained in LPF and will be automatically placed
Warning: IO 'scramble_nonce_i[51]' is unconstrained in LPF and will be automatically placed
Warning: IO 'scramble_nonce_i[50]' is unconstrained in LPF and will be automatically placed
Warning: IO 'scramble_nonce_i[49]' is unconstrained in LPF and will be automatically placed
Warning: IO 'scramble_nonce_i[48]' is unconstrained in LPF and will be automatically placed
Warning: IO 'scramble_nonce_i[47]' is unconstrained in LPF and will be automatically placed
Warning: IO 'scramble_nonce_i[46]' is unconstrained in LPF and will be automatically placed
Warning: IO 'scramble_nonce_i[45]' is unconstrained in LPF and will be automatically placed
Warning: IO 'scramble_nonce_i[44]' is unconstrained in LPF and will be automatically placed
Warning: IO 'scramble_nonce_i[43]' is unconstrained in LPF and will be automatically placed
Warning: IO 'scramble_nonce_i[42]' is unconstrained in LPF and will be automatically placed
Warning: IO 'scramble_nonce_i[41]' is unconstrained in LPF and will be automatically placed
Warning: IO 'scramble_nonce_i[40]' is unconstrained in LPF and will be automatically placed
Warning: IO 'scramble_nonce_i[39]' is unconstrained in LPF and will be automatically placed
Warning: IO 'scramble_nonce_i[38]' is unconstrained in LPF and will be automatically placed
Warning: IO 'scramble_nonce_i[37]' is unconstrained in LPF and will be automatically placed
Warning: IO 'scramble_nonce_i[36]' is unconstrained in LPF and will be automatically placed
Warning: IO 'scramble_nonce_i[35]' is unconstrained in LPF and will be automatically placed
Warning: IO 'scramble_nonce_i[34]' is unconstrained in LPF and will be automatically placed
Warning: IO 'scramble_nonce_i[33]' is unconstrained in LPF and will be automatically placed
Warning: IO 'scramble_nonce_i[32]' is unconstrained in LPF and will be automatically placed
Warning: IO 'scramble_nonce_i[31]' is unconstrained in LPF and will be automatically placed
Warning: IO 'scramble_nonce_i[30]' is unconstrained in LPF and will be automatically placed
Warning: IO 'scramble_nonce_i[29]' is unconstrained in LPF and will be automatically placed
Warning: IO 'scramble_nonce_i[28]' is unconstrained in LPF and will be automatically placed
Warning: IO 'scramble_nonce_i[27]' is unconstrained in LPF and will be automatically placed
Warning: IO 'scramble_nonce_i[26]' is unconstrained in LPF and will be automatically placed
Warning: IO 'scramble_nonce_i[25]' is unconstrained in LPF and will be automatically placed
Warning: IO 'scramble_nonce_i[24]' is unconstrained in LPF and will be automatically placed
Warning: IO 'scramble_nonce_i[23]' is unconstrained in LPF and will be automatically placed
Warning: IO 'scramble_nonce_i[22]' is unconstrained in LPF and will be automatically placed
Warning: IO 'scramble_nonce_i[21]' is unconstrained in LPF and will be automatically placed
Warning: IO 'scramble_nonce_i[20]' is unconstrained in LPF and will be automatically placed
Warning: IO 'scramble_nonce_i[19]' is unconstrained in LPF and will be automatically placed
Warning: IO 'scramble_nonce_i[18]' is unconstrained in LPF and will be automatically placed
Warning: IO 'scramble_nonce_i[17]' is unconstrained in LPF and will be automatically placed
Warning: IO 'scramble_nonce_i[16]' is unconstrained in LPF and will be automatically placed
Warning: IO 'scramble_nonce_i[15]' is unconstrained in LPF and will be automatically placed
Warning: IO 'scramble_nonce_i[14]' is unconstrained in LPF and will be automatically placed
Warning: IO 'scramble_nonce_i[13]' is unconstrained in LPF and will be automatically placed
Warning: IO 'scramble_nonce_i[12]' is unconstrained in LPF and will be automatically placed
Warning: IO 'scramble_nonce_i[11]' is unconstrained in LPF and will be automatically placed
Warning: IO 'scramble_nonce_i[10]' is unconstrained in LPF and will be automatically placed
Warning: IO 'scramble_nonce_i[9]' is unconstrained in LPF and will be automatically placed
Warning: IO 'scramble_nonce_i[8]' is unconstrained in LPF and will be automatically placed
Warning: IO 'scramble_nonce_i[7]' is unconstrained in LPF and will be automatically placed
Warning: IO 'scramble_nonce_i[6]' is unconstrained in LPF and will be automatically placed
Warning: IO 'scramble_nonce_i[5]' is unconstrained in LPF and will be automatically placed
Warning: IO 'scramble_nonce_i[4]' is unconstrained in LPF and will be automatically placed
Warning: IO 'scramble_nonce_i[3]' is unconstrained in LPF and will be automatically placed
Warning: IO 'scramble_nonce_i[2]' is unconstrained in LPF and will be automatically placed
Warning: IO 'scramble_nonce_i[1]' is unconstrained in LPF and will be automatically placed
Warning: IO 'scramble_nonce_i[0]' is unconstrained in LPF and will be automatically placed
Warning: IO 'scramble_key_valid_i' is unconstrained in LPF and will be automatically placed
Warning: IO 'scramble_key_i[127]' is unconstrained in LPF and will be automatically placed
Warning: IO 'scramble_key_i[126]' is unconstrained in LPF and will be automatically placed
Warning: IO 'scramble_key_i[125]' is unconstrained in LPF and will be automatically placed
Warning: IO 'scramble_key_i[124]' is unconstrained in LPF and will be automatically placed
Warning: IO 'scramble_key_i[123]' is unconstrained in LPF and will be automatically placed
Warning: IO 'scramble_key_i[122]' is unconstrained in LPF and will be automatically placed
Warning: IO 'scramble_key_i[121]' is unconstrained in LPF and will be automatically placed
Warning: IO 'scramble_key_i[120]' is unconstrained in LPF and will be automatically placed
Warning: IO 'scramble_key_i[119]' is unconstrained in LPF and will be automatically placed
Warning: IO 'scramble_key_i[118]' is unconstrained in LPF and will be automatically placed
Warning: IO 'scramble_key_i[117]' is unconstrained in LPF and will be automatically placed
Warning: IO 'scramble_key_i[116]' is unconstrained in LPF and will be automatically placed
Warning: IO 'scramble_key_i[115]' is unconstrained in LPF and will be automatically placed
Warning: IO 'scramble_key_i[114]' is unconstrained in LPF and will be automatically placed
Warning: IO 'scramble_key_i[113]' is unconstrained in LPF and will be automatically placed
Warning: IO 'scramble_key_i[112]' is unconstrained in LPF and will be automatically placed
Warning: IO 'scramble_key_i[111]' is unconstrained in LPF and will be automatically placed
Warning: IO 'scramble_key_i[110]' is unconstrained in LPF and will be automatically placed
Warning: IO 'scramble_key_i[109]' is unconstrained in LPF and will be automatically placed
Warning: IO 'scramble_key_i[108]' is unconstrained in LPF and will be automatically placed
Warning: IO 'scramble_key_i[107]' is unconstrained in LPF and will be automatically placed
Warning: IO 'scramble_key_i[106]' is unconstrained in LPF and will be automatically placed
Warning: IO 'scramble_key_i[105]' is unconstrained in LPF and will be automatically placed
Warning: IO 'scramble_key_i[104]' is unconstrained in LPF and will be automatically placed
Warning: IO 'scramble_key_i[103]' is unconstrained in LPF and will be automatically placed
Warning: IO 'scramble_key_i[102]' is unconstrained in LPF and will be automatically placed
Warning: IO 'scramble_key_i[101]' is unconstrained in LPF and will be automatically placed
Warning: IO 'scramble_key_i[100]' is unconstrained in LPF and will be automatically placed
Warning: IO 'scramble_key_i[99]' is unconstrained in LPF and will be automatically placed
Warning: IO 'scramble_key_i[98]' is unconstrained in LPF and will be automatically placed
Warning: IO 'scramble_key_i[97]' is unconstrained in LPF and will be automatically placed
Warning: IO 'scramble_key_i[96]' is unconstrained in LPF and will be automatically placed
Warning: IO 'scramble_key_i[95]' is unconstrained in LPF and will be automatically placed
Warning: IO 'scramble_key_i[94]' is unconstrained in LPF and will be automatically placed
Warning: IO 'scramble_key_i[93]' is unconstrained in LPF and will be automatically placed
Warning: IO 'scramble_key_i[92]' is unconstrained in LPF and will be automatically placed
Warning: IO 'scramble_key_i[91]' is unconstrained in LPF and will be automatically placed
Warning: IO 'scramble_key_i[90]' is unconstrained in LPF and will be automatically placed
Warning: IO 'scramble_key_i[89]' is unconstrained in LPF and will be automatically placed
Warning: IO 'scramble_key_i[88]' is unconstrained in LPF and will be automatically placed
Warning: IO 'scramble_key_i[87]' is unconstrained in LPF and will be automatically placed
Warning: IO 'scramble_key_i[86]' is unconstrained in LPF and will be automatically placed
Warning: IO 'scramble_key_i[85]' is unconstrained in LPF and will be automatically placed
Warning: IO 'scramble_key_i[84]' is unconstrained in LPF and will be automatically placed
Warning: IO 'scramble_key_i[83]' is unconstrained in LPF and will be automatically placed
Warning: IO 'scramble_key_i[82]' is unconstrained in LPF and will be automatically placed
Warning: IO 'scramble_key_i[81]' is unconstrained in LPF and will be automatically placed
Warning: IO 'scramble_key_i[80]' is unconstrained in LPF and will be automatically placed
Warning: IO 'scramble_key_i[79]' is unconstrained in LPF and will be automatically placed
Warning: IO 'scramble_key_i[78]' is unconstrained in LPF and will be automatically placed
Warning: IO 'scramble_key_i[77]' is unconstrained in LPF and will be automatically placed
Warning: IO 'scramble_key_i[76]' is unconstrained in LPF and will be automatically placed
Warning: IO 'scramble_key_i[75]' is unconstrained in LPF and will be automatically placed
Warning: IO 'scramble_key_i[74]' is unconstrained in LPF and will be automatically placed
Warning: IO 'scramble_key_i[73]' is unconstrained in LPF and will be automatically placed
Warning: IO 'scramble_key_i[72]' is unconstrained in LPF and will be automatically placed
Warning: IO 'scramble_key_i[71]' is unconstrained in LPF and will be automatically placed
Warning: IO 'scramble_key_i[70]' is unconstrained in LPF and will be automatically placed
Warning: IO 'scramble_key_i[69]' is unconstrained in LPF and will be automatically placed
Warning: IO 'scramble_key_i[68]' is unconstrained in LPF and will be automatically placed
Warning: IO 'scramble_key_i[67]' is unconstrained in LPF and will be automatically placed
Warning: IO 'scramble_key_i[66]' is unconstrained in LPF and will be automatically placed
Warning: IO 'scramble_key_i[65]' is unconstrained in LPF and will be automatically placed
Warning: IO 'scramble_key_i[64]' is unconstrained in LPF and will be automatically placed
Warning: IO 'scramble_key_i[63]' is unconstrained in LPF and will be automatically placed
Warning: IO 'scramble_key_i[62]' is unconstrained in LPF and will be automatically placed
Warning: IO 'scramble_key_i[61]' is unconstrained in LPF and will be automatically placed
Warning: IO 'scramble_key_i[60]' is unconstrained in LPF and will be automatically placed
Warning: IO 'scramble_key_i[59]' is unconstrained in LPF and will be automatically placed
Warning: IO 'scramble_key_i[58]' is unconstrained in LPF and will be automatically placed
Warning: IO 'scramble_key_i[57]' is unconstrained in LPF and will be automatically placed
Warning: IO 'scramble_key_i[56]' is unconstrained in LPF and will be automatically placed
Warning: IO 'scramble_key_i[55]' is unconstrained in LPF and will be automatically placed
Warning: IO 'scramble_key_i[54]' is unconstrained in LPF and will be automatically placed
Warning: IO 'scramble_key_i[53]' is unconstrained in LPF and will be automatically placed
Warning: IO 'scramble_key_i[52]' is unconstrained in LPF and will be automatically placed
Warning: IO 'scramble_key_i[51]' is unconstrained in LPF and will be automatically placed
Warning: IO 'scramble_key_i[50]' is unconstrained in LPF and will be automatically placed
Warning: IO 'scramble_key_i[49]' is unconstrained in LPF and will be automatically placed
Warning: IO 'scramble_key_i[48]' is unconstrained in LPF and will be automatically placed
Warning: IO 'scramble_key_i[47]' is unconstrained in LPF and will be automatically placed
Warning: IO 'scramble_key_i[46]' is unconstrained in LPF and will be automatically placed
Warning: IO 'scramble_key_i[45]' is unconstrained in LPF and will be automatically placed
Warning: IO 'scramble_key_i[44]' is unconstrained in LPF and will be automatically placed
Warning: IO 'scramble_key_i[43]' is unconstrained in LPF and will be automatically placed
Warning: IO 'scramble_key_i[42]' is unconstrained in LPF and will be automatically placed
Warning: IO 'scramble_key_i[41]' is unconstrained in LPF and will be automatically placed
Warning: IO 'scramble_key_i[40]' is unconstrained in LPF and will be automatically placed
Warning: IO 'scramble_key_i[39]' is unconstrained in LPF and will be automatically placed
Warning: IO 'scramble_key_i[38]' is unconstrained in LPF and will be automatically placed
Warning: IO 'scramble_key_i[37]' is unconstrained in LPF and will be automatically placed
Warning: IO 'scramble_key_i[36]' is unconstrained in LPF and will be automatically placed
Warning: IO 'scramble_key_i[35]' is unconstrained in LPF and will be automatically placed
Warning: IO 'scramble_key_i[34]' is unconstrained in LPF and will be automatically placed
Warning: IO 'scramble_key_i[33]' is unconstrained in LPF and will be automatically placed
Warning: IO 'scramble_key_i[32]' is unconstrained in LPF and will be automatically placed
Warning: IO 'scramble_key_i[31]' is unconstrained in LPF and will be automatically placed
Warning: IO 'scramble_key_i[30]' is unconstrained in LPF and will be automatically placed
Warning: IO 'scramble_key_i[29]' is unconstrained in LPF and will be automatically placed
Warning: IO 'scramble_key_i[28]' is unconstrained in LPF and will be automatically placed
Warning: IO 'scramble_key_i[27]' is unconstrained in LPF and will be automatically placed
Warning: IO 'scramble_key_i[26]' is unconstrained in LPF and will be automatically placed
Warning: IO 'scramble_key_i[25]' is unconstrained in LPF and will be automatically placed
Warning: IO 'scramble_key_i[24]' is unconstrained in LPF and will be automatically placed
Warning: IO 'scramble_key_i[23]' is unconstrained in LPF and will be automatically placed
Warning: IO 'scramble_key_i[22]' is unconstrained in LPF and will be automatically placed
Warning: IO 'scramble_key_i[21]' is unconstrained in LPF and will be automatically placed
Warning: IO 'scramble_key_i[20]' is unconstrained in LPF and will be automatically placed
Warning: IO 'scramble_key_i[19]' is unconstrained in LPF and will be automatically placed
Warning: IO 'scramble_key_i[18]' is unconstrained in LPF and will be automatically placed
Warning: IO 'scramble_key_i[17]' is unconstrained in LPF and will be automatically placed
Warning: IO 'scramble_key_i[16]' is unconstrained in LPF and will be automatically placed
Warning: IO 'scramble_key_i[15]' is unconstrained in LPF and will be automatically placed
Warning: IO 'scramble_key_i[14]' is unconstrained in LPF and will be automatically placed
Warning: IO 'scramble_key_i[13]' is unconstrained in LPF and will be automatically placed
Warning: IO 'scramble_key_i[12]' is unconstrained in LPF and will be automatically placed
Warning: IO 'scramble_key_i[11]' is unconstrained in LPF and will be automatically placed
Warning: IO 'scramble_key_i[10]' is unconstrained in LPF and will be automatically placed
Warning: IO 'scramble_key_i[9]' is unconstrained in LPF and will be automatically placed
Warning: IO 'scramble_key_i[8]' is unconstrained in LPF and will be automatically placed
Warning: IO 'scramble_key_i[7]' is unconstrained in LPF and will be automatically placed
Warning: IO 'scramble_key_i[6]' is unconstrained in LPF and will be automatically placed
Warning: IO 'scramble_key_i[5]' is unconstrained in LPF and will be automatically placed
Warning: IO 'scramble_key_i[4]' is unconstrained in LPF and will be automatically placed
Warning: IO 'scramble_key_i[3]' is unconstrained in LPF and will be automatically placed
Warning: IO 'scramble_key_i[2]' is unconstrained in LPF and will be automatically placed
Warning: IO 'scramble_key_i[1]' is unconstrained in LPF and will be automatically placed
Warning: IO 'scramble_key_i[0]' is unconstrained in LPF and will be automatically placed
Warning: IO 'scan_rst_ni' is unconstrained in LPF and will be automatically placed
Warning: IO 'rst_ni' is unconstrained in LPF and will be automatically placed
Warning: IO 'ram_cfg_rsp_icache_tag_o[1]' is unconstrained in LPF and will be automatically placed
Warning: IO 'ram_cfg_rsp_icache_tag_o[0]' is unconstrained in LPF and will be automatically placed
Warning: IO 'ram_cfg_rsp_icache_data_o[1]' is unconstrained in LPF and will be automatically placed
Warning: IO 'ram_cfg_rsp_icache_data_o[0]' is unconstrained in LPF and will be automatically placed
Warning: IO 'ram_cfg_icache_tag_i[11]' is unconstrained in LPF and will be automatically placed
Warning: IO 'ram_cfg_icache_tag_i[10]' is unconstrained in LPF and will be automatically placed
Warning: IO 'ram_cfg_icache_tag_i[9]' is unconstrained in LPF and will be automatically placed
Warning: IO 'ram_cfg_icache_tag_i[8]' is unconstrained in LPF and will be automatically placed
Warning: IO 'ram_cfg_icache_tag_i[7]' is unconstrained in LPF and will be automatically placed
Warning: IO 'ram_cfg_icache_tag_i[6]' is unconstrained in LPF and will be automatically placed
Warning: IO 'ram_cfg_icache_tag_i[5]' is unconstrained in LPF and will be automatically placed
Warning: IO 'ram_cfg_icache_tag_i[4]' is unconstrained in LPF and will be automatically placed
Warning: IO 'ram_cfg_icache_tag_i[3]' is unconstrained in LPF and will be automatically placed
Warning: IO 'ram_cfg_icache_tag_i[2]' is unconstrained in LPF and will be automatically placed
Warning: IO 'ram_cfg_icache_tag_i[1]' is unconstrained in LPF and will be automatically placed
Warning: IO 'ram_cfg_icache_tag_i[0]' is unconstrained in LPF and will be automatically placed
Warning: IO 'ram_cfg_icache_data_i[11]' is unconstrained in LPF and will be automatically placed
Warning: IO 'ram_cfg_icache_data_i[10]' is unconstrained in LPF and will be automatically placed
Warning: IO 'ram_cfg_icache_data_i[9]' is unconstrained in LPF and will be automatically placed
Warning: IO 'ram_cfg_icache_data_i[8]' is unconstrained in LPF and will be automatically placed
Warning: IO 'ram_cfg_icache_data_i[7]' is unconstrained in LPF and will be automatically placed
Warning: IO 'ram_cfg_icache_data_i[6]' is unconstrained in LPF and will be automatically placed
Warning: IO 'ram_cfg_icache_data_i[5]' is unconstrained in LPF and will be automatically placed
Warning: IO 'ram_cfg_icache_data_i[4]' is unconstrained in LPF and will be automatically placed
Warning: IO 'ram_cfg_icache_data_i[3]' is unconstrained in LPF and will be automatically placed
Warning: IO 'ram_cfg_icache_data_i[2]' is unconstrained in LPF and will be automatically placed
Warning: IO 'ram_cfg_icache_data_i[1]' is unconstrained in LPF and will be automatically placed
Warning: IO 'ram_cfg_icache_data_i[0]' is unconstrained in LPF and will be automatically placed
Warning: IO 'lockstep_cmp_en_o[3]' is unconstrained in LPF and will be automatically placed
Warning: IO 'lockstep_cmp_en_o[2]' is unconstrained in LPF and will be automatically placed
Warning: IO 'lockstep_cmp_en_o[1]' is unconstrained in LPF and will be automatically placed
Warning: IO 'lockstep_cmp_en_o[0]' is unconstrained in LPF and will be automatically placed
Warning: IO 'irq_timer_i' is unconstrained in LPF and will be automatically placed
Warning: IO 'irq_software_i' is unconstrained in LPF and will be automatically placed
Warning: IO 'irq_nm_i' is unconstrained in LPF and will be automatically placed
Warning: IO 'irq_fast_i[14]' is unconstrained in LPF and will be automatically placed
Warning: IO 'irq_fast_i[13]' is unconstrained in LPF and will be automatically placed
Warning: IO 'irq_fast_i[12]' is unconstrained in LPF and will be automatically placed
Warning: IO 'irq_fast_i[11]' is unconstrained in LPF and will be automatically placed
Warning: IO 'irq_fast_i[10]' is unconstrained in LPF and will be automatically placed
Warning: IO 'irq_fast_i[9]' is unconstrained in LPF and will be automatically placed
Warning: IO 'irq_fast_i[8]' is unconstrained in LPF and will be automatically placed
Warning: IO 'irq_fast_i[7]' is unconstrained in LPF and will be automatically placed
Warning: IO 'irq_fast_i[6]' is unconstrained in LPF and will be automatically placed
Warning: IO 'irq_fast_i[5]' is unconstrained in LPF and will be automatically placed
Warning: IO 'irq_fast_i[4]' is unconstrained in LPF and will be automatically placed
Warning: IO 'irq_fast_i[3]' is unconstrained in LPF and will be automatically placed
Warning: IO 'irq_fast_i[2]' is unconstrained in LPF and will be automatically placed
Warning: IO 'irq_fast_i[1]' is unconstrained in LPF and will be automatically placed
Warning: IO 'irq_fast_i[0]' is unconstrained in LPF and will be automatically placed
Warning: IO 'irq_external_i' is unconstrained in LPF and will be automatically placed
Warning: IO 'instr_rvalid_i' is unconstrained in LPF and will be automatically placed
Warning: IO 'instr_req_shadow_o' is unconstrained in LPF and will be automatically placed
Warning: IO 'instr_req_o' is unconstrained in LPF and will be automatically placed
Warning: IO 'instr_rdata_intg_i[6]' is unconstrained in LPF and will be automatically placed
Warning: IO 'instr_rdata_intg_i[5]' is unconstrained in LPF and will be automatically placed
Warning: IO 'instr_rdata_intg_i[4]' is unconstrained in LPF and will be automatically placed
Warning: IO 'instr_rdata_intg_i[3]' is unconstrained in LPF and will be automatically placed
Warning: IO 'instr_rdata_intg_i[2]' is unconstrained in LPF and will be automatically placed
Warning: IO 'instr_rdata_intg_i[1]' is unconstrained in LPF and will be automatically placed
Warning: IO 'instr_rdata_intg_i[0]' is unconstrained in LPF and will be automatically placed
Warning: IO 'instr_rdata_i[31]' is unconstrained in LPF and will be automatically placed
Warning: IO 'instr_rdata_i[30]' is unconstrained in LPF and will be automatically placed
Warning: IO 'instr_rdata_i[29]' is unconstrained in LPF and will be automatically placed
Warning: IO 'instr_rdata_i[28]' is unconstrained in LPF and will be automatically placed
Warning: IO 'instr_rdata_i[27]' is unconstrained in LPF and will be automatically placed
Warning: IO 'instr_rdata_i[26]' is unconstrained in LPF and will be automatically placed
Warning: IO 'instr_rdata_i[25]' is unconstrained in LPF and will be automatically placed
Warning: IO 'instr_rdata_i[24]' is unconstrained in LPF and will be automatically placed
Warning: IO 'instr_rdata_i[23]' is unconstrained in LPF and will be automatically placed
Warning: IO 'instr_rdata_i[22]' is unconstrained in LPF and will be automatically placed
Warning: IO 'instr_rdata_i[21]' is unconstrained in LPF and will be automatically placed
Warning: IO 'instr_rdata_i[20]' is unconstrained in LPF and will be automatically placed
Warning: IO 'instr_rdata_i[19]' is unconstrained in LPF and will be automatically placed
Warning: IO 'instr_rdata_i[18]' is unconstrained in LPF and will be automatically placed
Warning: IO 'instr_rdata_i[17]' is unconstrained in LPF and will be automatically placed
Warning: IO 'instr_rdata_i[16]' is unconstrained in LPF and will be automatically placed
Warning: IO 'instr_rdata_i[15]' is unconstrained in LPF and will be automatically placed
Warning: IO 'instr_rdata_i[14]' is unconstrained in LPF and will be automatically placed
Warning: IO 'instr_rdata_i[13]' is unconstrained in LPF and will be automatically placed
Warning: IO 'instr_rdata_i[12]' is unconstrained in LPF and will be automatically placed
Warning: IO 'instr_rdata_i[11]' is unconstrained in LPF and will be automatically placed
Warning: IO 'instr_rdata_i[10]' is unconstrained in LPF and will be automatically placed
Warning: IO 'instr_rdata_i[9]' is unconstrained in LPF and will be automatically placed
Warning: IO 'instr_rdata_i[8]' is unconstrained in LPF and will be automatically placed
Warning: IO 'instr_rdata_i[7]' is unconstrained in LPF and will be automatically placed
Warning: IO 'instr_rdata_i[6]' is unconstrained in LPF and will be automatically placed
Warning: IO 'instr_rdata_i[5]' is unconstrained in LPF and will be automatically placed
Warning: IO 'instr_rdata_i[4]' is unconstrained in LPF and will be automatically placed
Warning: IO 'instr_rdata_i[3]' is unconstrained in LPF and will be automatically placed
Warning: IO 'instr_rdata_i[2]' is unconstrained in LPF and will be automatically placed
Warning: IO 'instr_rdata_i[1]' is unconstrained in LPF and will be automatically placed
Warning: IO 'instr_rdata_i[0]' is unconstrained in LPF and will be automatically placed
Warning: IO 'instr_gnt_i' is unconstrained in LPF and will be automatically placed
Warning: IO 'instr_err_i' is unconstrained in LPF and will be automatically placed
Warning: IO 'instr_addr_shadow_o[31]' is unconstrained in LPF and will be automatically placed
Warning: IO 'instr_addr_shadow_o[30]' is unconstrained in LPF and will be automatically placed
Warning: IO 'instr_addr_shadow_o[29]' is unconstrained in LPF and will be automatically placed
Warning: IO 'instr_addr_shadow_o[28]' is unconstrained in LPF and will be automatically placed
Warning: IO 'instr_addr_shadow_o[27]' is unconstrained in LPF and will be automatically placed
Warning: IO 'instr_addr_shadow_o[26]' is unconstrained in LPF and will be automatically placed
Warning: IO 'instr_addr_shadow_o[25]' is unconstrained in LPF and will be automatically placed
Warning: IO 'instr_addr_shadow_o[24]' is unconstrained in LPF and will be automatically placed
Warning: IO 'instr_addr_shadow_o[23]' is unconstrained in LPF and will be automatically placed
Warning: IO 'instr_addr_shadow_o[22]' is unconstrained in LPF and will be automatically placed
Warning: IO 'instr_addr_shadow_o[21]' is unconstrained in LPF and will be automatically placed
Warning: IO 'instr_addr_shadow_o[20]' is unconstrained in LPF and will be automatically placed
Warning: IO 'instr_addr_shadow_o[19]' is unconstrained in LPF and will be automatically placed
Warning: IO 'instr_addr_shadow_o[18]' is unconstrained in LPF and will be automatically placed
Warning: IO 'instr_addr_shadow_o[17]' is unconstrained in LPF and will be automatically placed
Warning: IO 'instr_addr_shadow_o[16]' is unconstrained in LPF and will be automatically placed
Warning: IO 'instr_addr_shadow_o[15]' is unconstrained in LPF and will be automatically placed
Warning: IO 'instr_addr_shadow_o[14]' is unconstrained in LPF and will be automatically placed
Warning: IO 'instr_addr_shadow_o[13]' is unconstrained in LPF and will be automatically placed
Warning: IO 'instr_addr_shadow_o[12]' is unconstrained in LPF and will be automatically placed
Warning: IO 'instr_addr_shadow_o[11]' is unconstrained in LPF and will be automatically placed
Warning: IO 'instr_addr_shadow_o[10]' is unconstrained in LPF and will be automatically placed
Warning: IO 'instr_addr_shadow_o[9]' is unconstrained in LPF and will be automatically placed
Warning: IO 'instr_addr_shadow_o[8]' is unconstrained in LPF and will be automatically placed
Warning: IO 'instr_addr_shadow_o[7]' is unconstrained in LPF and will be automatically placed
Warning: IO 'instr_addr_shadow_o[6]' is unconstrained in LPF and will be automatically placed
Warning: IO 'instr_addr_shadow_o[5]' is unconstrained in LPF and will be automatically placed
Warning: IO 'instr_addr_shadow_o[4]' is unconstrained in LPF and will be automatically placed
Warning: IO 'instr_addr_shadow_o[3]' is unconstrained in LPF and will be automatically placed
Warning: IO 'instr_addr_shadow_o[2]' is unconstrained in LPF and will be automatically placed
Warning: IO 'instr_addr_shadow_o[1]' is unconstrained in LPF and will be automatically placed
Warning: IO 'instr_addr_shadow_o[0]' is unconstrained in LPF and will be automatically placed
Warning: IO 'instr_addr_o[31]' is unconstrained in LPF and will be automatically placed
Warning: IO 'instr_addr_o[30]' is unconstrained in LPF and will be automatically placed
Warning: IO 'instr_addr_o[29]' is unconstrained in LPF and will be automatically placed
Warning: IO 'instr_addr_o[28]' is unconstrained in LPF and will be automatically placed
Warning: IO 'instr_addr_o[27]' is unconstrained in LPF and will be automatically placed
Warning: IO 'instr_addr_o[26]' is unconstrained in LPF and will be automatically placed
Warning: IO 'instr_addr_o[25]' is unconstrained in LPF and will be automatically placed
Warning: IO 'instr_addr_o[24]' is unconstrained in LPF and will be automatically placed
Warning: IO 'instr_addr_o[23]' is unconstrained in LPF and will be automatically placed
Warning: IO 'instr_addr_o[22]' is unconstrained in LPF and will be automatically placed
Warning: IO 'instr_addr_o[21]' is unconstrained in LPF and will be automatically placed
Warning: IO 'instr_addr_o[20]' is unconstrained in LPF and will be automatically placed
Warning: IO 'instr_addr_o[19]' is unconstrained in LPF and will be automatically placed
Warning: IO 'instr_addr_o[18]' is unconstrained in LPF and will be automatically placed
Warning: IO 'instr_addr_o[17]' is unconstrained in LPF and will be automatically placed
Warning: IO 'instr_addr_o[16]' is unconstrained in LPF and will be automatically placed
Warning: IO 'instr_addr_o[15]' is unconstrained in LPF and will be automatically placed
Warning: IO 'instr_addr_o[14]' is unconstrained in LPF and will be automatically placed
Warning: IO 'instr_addr_o[13]' is unconstrained in LPF and will be automatically placed
Warning: IO 'instr_addr_o[12]' is unconstrained in LPF and will be automatically placed
Warning: IO 'instr_addr_o[11]' is unconstrained in LPF and will be automatically placed
Warning: IO 'instr_addr_o[10]' is unconstrained in LPF and will be automatically placed
Warning: IO 'instr_addr_o[9]' is unconstrained in LPF and will be automatically placed
Warning: IO 'instr_addr_o[8]' is unconstrained in LPF and will be automatically placed
Warning: IO 'instr_addr_o[7]' is unconstrained in LPF and will be automatically placed
Warning: IO 'instr_addr_o[6]' is unconstrained in LPF and will be automatically placed
Warning: IO 'instr_addr_o[5]' is unconstrained in LPF and will be automatically placed
Warning: IO 'instr_addr_o[4]' is unconstrained in LPF and will be automatically placed
Warning: IO 'instr_addr_o[3]' is unconstrained in LPF and will be automatically placed
Warning: IO 'instr_addr_o[2]' is unconstrained in LPF and will be automatically placed
Warning: IO 'instr_addr_o[1]' is unconstrained in LPF and will be automatically placed
Warning: IO 'instr_addr_o[0]' is unconstrained in LPF and will be automatically placed
Warning: IO 'hart_id_i[31]' is unconstrained in LPF and will be automatically placed
Warning: IO 'hart_id_i[30]' is unconstrained in LPF and will be automatically placed
Warning: IO 'hart_id_i[29]' is unconstrained in LPF and will be automatically placed
Warning: IO 'hart_id_i[28]' is unconstrained in LPF and will be automatically placed
Warning: IO 'hart_id_i[27]' is unconstrained in LPF and will be automatically placed
Warning: IO 'hart_id_i[26]' is unconstrained in LPF and will be automatically placed
Warning: IO 'hart_id_i[25]' is unconstrained in LPF and will be automatically placed
Warning: IO 'hart_id_i[24]' is unconstrained in LPF and will be automatically placed
Warning: IO 'hart_id_i[23]' is unconstrained in LPF and will be automatically placed
Warning: IO 'hart_id_i[22]' is unconstrained in LPF and will be automatically placed
Warning: IO 'hart_id_i[21]' is unconstrained in LPF and will be automatically placed
Warning: IO 'hart_id_i[20]' is unconstrained in LPF and will be automatically placed
Warning: IO 'hart_id_i[19]' is unconstrained in LPF and will be automatically placed
Warning: IO 'hart_id_i[18]' is unconstrained in LPF and will be automatically placed
Warning: IO 'hart_id_i[17]' is unconstrained in LPF and will be automatically placed
Warning: IO 'hart_id_i[16]' is unconstrained in LPF and will be automatically placed
Warning: IO 'hart_id_i[15]' is unconstrained in LPF and will be automatically placed
Warning: IO 'hart_id_i[14]' is unconstrained in LPF and will be automatically placed
Warning: IO 'hart_id_i[13]' is unconstrained in LPF and will be automatically placed
Warning: IO 'hart_id_i[12]' is unconstrained in LPF and will be automatically placed
Warning: IO 'hart_id_i[11]' is unconstrained in LPF and will be automatically placed
Warning: IO 'hart_id_i[10]' is unconstrained in LPF and will be automatically placed
Warning: IO 'hart_id_i[9]' is unconstrained in LPF and will be automatically placed
Warning: IO 'hart_id_i[8]' is unconstrained in LPF and will be automatically placed
Warning: IO 'hart_id_i[7]' is unconstrained in LPF and will be automatically placed
Warning: IO 'hart_id_i[6]' is unconstrained in LPF and will be automatically placed
Warning: IO 'hart_id_i[5]' is unconstrained in LPF and will be automatically placed
Warning: IO 'hart_id_i[4]' is unconstrained in LPF and will be automatically placed
Warning: IO 'hart_id_i[3]' is unconstrained in LPF and will be automatically placed
Warning: IO 'hart_id_i[2]' is unconstrained in LPF and will be automatically placed
Warning: IO 'hart_id_i[1]' is unconstrained in LPF and will be automatically placed
Warning: IO 'hart_id_i[0]' is unconstrained in LPF and will be automatically placed
Warning: IO 'fetch_enable_i[3]' is unconstrained in LPF and will be automatically placed
Warning: IO 'fetch_enable_i[2]' is unconstrained in LPF and will be automatically placed
Warning: IO 'fetch_enable_i[1]' is unconstrained in LPF and will be automatically placed
Warning: IO 'fetch_enable_i[0]' is unconstrained in LPF and will be automatically placed
Warning: IO 'double_fault_seen_o' is unconstrained in LPF and will be automatically placed
Warning: IO 'debug_req_i' is unconstrained in LPF and will be automatically placed
Warning: IO 'data_we_shadow_o' is unconstrained in LPF and will be automatically placed
Warning: IO 'data_we_o' is unconstrained in LPF and will be automatically placed
Warning: IO 'data_wdata_shadow_o[31]' is unconstrained in LPF and will be automatically placed
Warning: IO 'data_wdata_shadow_o[30]' is unconstrained in LPF and will be automatically placed
Warning: IO 'data_wdata_shadow_o[29]' is unconstrained in LPF and will be automatically placed
Warning: IO 'data_wdata_shadow_o[28]' is unconstrained in LPF and will be automatically placed
Warning: IO 'data_wdata_shadow_o[27]' is unconstrained in LPF and will be automatically placed
Warning: IO 'data_wdata_shadow_o[26]' is unconstrained in LPF and will be automatically placed
Warning: IO 'data_wdata_shadow_o[25]' is unconstrained in LPF and will be automatically placed
Warning: IO 'data_wdata_shadow_o[24]' is unconstrained in LPF and will be automatically placed
Warning: IO 'data_wdata_shadow_o[23]' is unconstrained in LPF and will be automatically placed
Warning: IO 'data_wdata_shadow_o[22]' is unconstrained in LPF and will be automatically placed
Warning: IO 'data_wdata_shadow_o[21]' is unconstrained in LPF and will be automatically placed
Warning: IO 'data_wdata_shadow_o[20]' is unconstrained in LPF and will be automatically placed
Warning: IO 'data_wdata_shadow_o[19]' is unconstrained in LPF and will be automatically placed
Warning: IO 'data_wdata_shadow_o[18]' is unconstrained in LPF and will be automatically placed
Warning: IO 'data_wdata_shadow_o[17]' is unconstrained in LPF and will be automatically placed
Warning: IO 'data_wdata_shadow_o[16]' is unconstrained in LPF and will be automatically placed
Warning: IO 'data_wdata_shadow_o[15]' is unconstrained in LPF and will be automatically placed
Warning: IO 'data_wdata_shadow_o[14]' is unconstrained in LPF and will be automatically placed
Warning: IO 'data_wdata_shadow_o[13]' is unconstrained in LPF and will be automatically placed
Warning: IO 'data_wdata_shadow_o[12]' is unconstrained in LPF and will be automatically placed
Warning: IO 'data_wdata_shadow_o[11]' is unconstrained in LPF and will be automatically placed
Warning: IO 'data_wdata_shadow_o[10]' is unconstrained in LPF and will be automatically placed
Warning: IO 'data_wdata_shadow_o[9]' is unconstrained in LPF and will be automatically placed
Warning: IO 'data_wdata_shadow_o[8]' is unconstrained in LPF and will be automatically placed
Warning: IO 'data_wdata_shadow_o[7]' is unconstrained in LPF and will be automatically placed
Warning: IO 'data_wdata_shadow_o[6]' is unconstrained in LPF and will be automatically placed
Warning: IO 'data_wdata_shadow_o[5]' is unconstrained in LPF and will be automatically placed
Warning: IO 'data_wdata_shadow_o[4]' is unconstrained in LPF and will be automatically placed
Warning: IO 'data_wdata_shadow_o[3]' is unconstrained in LPF and will be automatically placed
Warning: IO 'data_wdata_shadow_o[2]' is unconstrained in LPF and will be automatically placed
Warning: IO 'data_wdata_shadow_o[1]' is unconstrained in LPF and will be automatically placed
Warning: IO 'data_wdata_shadow_o[0]' is unconstrained in LPF and will be automatically placed
Warning: IO 'data_wdata_o[31]' is unconstrained in LPF and will be automatically placed
Warning: IO 'data_wdata_o[30]' is unconstrained in LPF and will be automatically placed
Warning: IO 'data_wdata_o[29]' is unconstrained in LPF and will be automatically placed
Warning: IO 'data_wdata_o[28]' is unconstrained in LPF and will be automatically placed
Warning: IO 'data_wdata_o[27]' is unconstrained in LPF and will be automatically placed
Warning: IO 'data_wdata_o[26]' is unconstrained in LPF and will be automatically placed
Warning: IO 'data_wdata_o[25]' is unconstrained in LPF and will be automatically placed
Warning: IO 'data_wdata_o[24]' is unconstrained in LPF and will be automatically placed
Warning: IO 'data_wdata_o[23]' is unconstrained in LPF and will be automatically placed
Warning: IO 'data_wdata_o[22]' is unconstrained in LPF and will be automatically placed
Warning: IO 'data_wdata_o[21]' is unconstrained in LPF and will be automatically placed
Warning: IO 'data_wdata_o[20]' is unconstrained in LPF and will be automatically placed
Warning: IO 'data_wdata_o[19]' is unconstrained in LPF and will be automatically placed
Warning: IO 'data_wdata_o[18]' is unconstrained in LPF and will be automatically placed
Warning: IO 'data_wdata_o[17]' is unconstrained in LPF and will be automatically placed
Warning: IO 'data_wdata_o[16]' is unconstrained in LPF and will be automatically placed
Warning: IO 'data_wdata_o[15]' is unconstrained in LPF and will be automatically placed
Warning: IO 'data_wdata_o[14]' is unconstrained in LPF and will be automatically placed
Warning: IO 'data_wdata_o[13]' is unconstrained in LPF and will be automatically placed
Warning: IO 'data_wdata_o[12]' is unconstrained in LPF and will be automatically placed
Warning: IO 'data_wdata_o[11]' is unconstrained in LPF and will be automatically placed
Warning: IO 'data_wdata_o[10]' is unconstrained in LPF and will be automatically placed
Warning: IO 'data_wdata_o[9]' is unconstrained in LPF and will be automatically placed
Warning: IO 'data_wdata_o[8]' is unconstrained in LPF and will be automatically placed
Warning: IO 'data_wdata_o[7]' is unconstrained in LPF and will be automatically placed
Warning: IO 'data_wdata_o[6]' is unconstrained in LPF and will be automatically placed
Warning: IO 'data_wdata_o[5]' is unconstrained in LPF and will be automatically placed
Warning: IO 'data_wdata_o[4]' is unconstrained in LPF and will be automatically placed
Warning: IO 'data_wdata_o[3]' is unconstrained in LPF and will be automatically placed
Warning: IO 'data_wdata_o[2]' is unconstrained in LPF and will be automatically placed
Warning: IO 'data_wdata_o[1]' is unconstrained in LPF and will be automatically placed
Warning: IO 'data_wdata_o[0]' is unconstrained in LPF and will be automatically placed
Warning: IO 'data_wdata_intg_shadow_o[6]' is unconstrained in LPF and will be automatically placed
Warning: IO 'data_wdata_intg_shadow_o[5]' is unconstrained in LPF and will be automatically placed
Warning: IO 'data_wdata_intg_shadow_o[4]' is unconstrained in LPF and will be automatically placed
Warning: IO 'data_wdata_intg_shadow_o[3]' is unconstrained in LPF and will be automatically placed
Warning: IO 'data_wdata_intg_shadow_o[2]' is unconstrained in LPF and will be automatically placed
Warning: IO 'data_wdata_intg_shadow_o[1]' is unconstrained in LPF and will be automatically placed
Warning: IO 'data_wdata_intg_shadow_o[0]' is unconstrained in LPF and will be automatically placed
Warning: IO 'data_wdata_intg_o[6]' is unconstrained in LPF and will be automatically placed
Warning: IO 'data_wdata_intg_o[5]' is unconstrained in LPF and will be automatically placed
Warning: IO 'data_wdata_intg_o[4]' is unconstrained in LPF and will be automatically placed
Warning: IO 'data_wdata_intg_o[3]' is unconstrained in LPF and will be automatically placed
Warning: IO 'data_wdata_intg_o[2]' is unconstrained in LPF and will be automatically placed
Warning: IO 'data_wdata_intg_o[1]' is unconstrained in LPF and will be automatically placed
Warning: IO 'data_wdata_intg_o[0]' is unconstrained in LPF and will be automatically placed
Warning: IO 'data_rvalid_i' is unconstrained in LPF and will be automatically placed
Warning: IO 'data_req_shadow_o' is unconstrained in LPF and will be automatically placed
Warning: IO 'data_req_o' is unconstrained in LPF and will be automatically placed
Warning: IO 'data_rdata_intg_i[6]' is unconstrained in LPF and will be automatically placed
Warning: IO 'data_rdata_intg_i[5]' is unconstrained in LPF and will be automatically placed
Warning: IO 'data_rdata_intg_i[4]' is unconstrained in LPF and will be automatically placed
Warning: IO 'data_rdata_intg_i[3]' is unconstrained in LPF and will be automatically placed
Warning: IO 'data_rdata_intg_i[2]' is unconstrained in LPF and will be automatically placed
Warning: IO 'data_rdata_intg_i[1]' is unconstrained in LPF and will be automatically placed
Warning: IO 'data_rdata_intg_i[0]' is unconstrained in LPF and will be automatically placed
Warning: IO 'data_rdata_i[31]' is unconstrained in LPF and will be automatically placed
Warning: IO 'data_rdata_i[30]' is unconstrained in LPF and will be automatically placed
Warning: IO 'data_rdata_i[29]' is unconstrained in LPF and will be automatically placed
Warning: IO 'data_rdata_i[28]' is unconstrained in LPF and will be automatically placed
Warning: IO 'data_rdata_i[27]' is unconstrained in LPF and will be automatically placed
Warning: IO 'data_rdata_i[26]' is unconstrained in LPF and will be automatically placed
Warning: IO 'data_rdata_i[25]' is unconstrained in LPF and will be automatically placed
Warning: IO 'data_rdata_i[24]' is unconstrained in LPF and will be automatically placed
Warning: IO 'data_rdata_i[23]' is unconstrained in LPF and will be automatically placed
Warning: IO 'data_rdata_i[22]' is unconstrained in LPF and will be automatically placed
Warning: IO 'data_rdata_i[21]' is unconstrained in LPF and will be automatically placed
Warning: IO 'data_rdata_i[20]' is unconstrained in LPF and will be automatically placed
Warning: IO 'data_rdata_i[19]' is unconstrained in LPF and will be automatically placed
Warning: IO 'data_rdata_i[18]' is unconstrained in LPF and will be automatically placed
Warning: IO 'data_rdata_i[17]' is unconstrained in LPF and will be automatically placed
Warning: IO 'data_rdata_i[16]' is unconstrained in LPF and will be automatically placed
Warning: IO 'data_rdata_i[15]' is unconstrained in LPF and will be automatically placed
Warning: IO 'data_rdata_i[14]' is unconstrained in LPF and will be automatically placed
Warning: IO 'data_rdata_i[13]' is unconstrained in LPF and will be automatically placed
Warning: IO 'data_rdata_i[12]' is unconstrained in LPF and will be automatically placed
Warning: IO 'data_rdata_i[11]' is unconstrained in LPF and will be automatically placed
Warning: IO 'data_rdata_i[10]' is unconstrained in LPF and will be automatically placed
Warning: IO 'data_rdata_i[9]' is unconstrained in LPF and will be automatically placed
Warning: IO 'data_rdata_i[8]' is unconstrained in LPF and will be automatically placed
Warning: IO 'data_rdata_i[7]' is unconstrained in LPF and will be automatically placed
Warning: IO 'data_rdata_i[6]' is unconstrained in LPF and will be automatically placed
Warning: IO 'data_rdata_i[5]' is unconstrained in LPF and will be automatically placed
Warning: IO 'data_rdata_i[4]' is unconstrained in LPF and will be automatically placed
Warning: IO 'data_rdata_i[3]' is unconstrained in LPF and will be automatically placed
Warning: IO 'data_rdata_i[2]' is unconstrained in LPF and will be automatically placed
Warning: IO 'data_rdata_i[1]' is unconstrained in LPF and will be automatically placed
Warning: IO 'data_rdata_i[0]' is unconstrained in LPF and will be automatically placed
Warning: IO 'data_gnt_i' is unconstrained in LPF and will be automatically placed
Warning: IO 'data_err_i' is unconstrained in LPF and will be automatically placed
Warning: IO 'data_be_shadow_o[3]' is unconstrained in LPF and will be automatically placed
Warning: IO 'data_be_shadow_o[2]' is unconstrained in LPF and will be automatically placed
Warning: IO 'data_be_shadow_o[1]' is unconstrained in LPF and will be automatically placed
Warning: IO 'data_be_shadow_o[0]' is unconstrained in LPF and will be automatically placed
Warning: IO 'data_be_o[3]' is unconstrained in LPF and will be automatically placed
Warning: IO 'data_be_o[2]' is unconstrained in LPF and will be automatically placed
Warning: IO 'data_be_o[1]' is unconstrained in LPF and will be automatically placed
Warning: IO 'data_be_o[0]' is unconstrained in LPF and will be automatically placed
Warning: IO 'data_addr_shadow_o[31]' is unconstrained in LPF and will be automatically placed
Warning: IO 'data_addr_shadow_o[30]' is unconstrained in LPF and will be automatically placed
Warning: IO 'data_addr_shadow_o[29]' is unconstrained in LPF and will be automatically placed
Warning: IO 'data_addr_shadow_o[28]' is unconstrained in LPF and will be automatically placed
Warning: IO 'data_addr_shadow_o[27]' is unconstrained in LPF and will be automatically placed
Warning: IO 'data_addr_shadow_o[26]' is unconstrained in LPF and will be automatically placed
Warning: IO 'data_addr_shadow_o[25]' is unconstrained in LPF and will be automatically placed
Warning: IO 'data_addr_shadow_o[24]' is unconstrained in LPF and will be automatically placed
Warning: IO 'data_addr_shadow_o[23]' is unconstrained in LPF and will be automatically placed
Warning: IO 'data_addr_shadow_o[22]' is unconstrained in LPF and will be automatically placed
Warning: IO 'data_addr_shadow_o[21]' is unconstrained in LPF and will be automatically placed
Warning: IO 'data_addr_shadow_o[20]' is unconstrained in LPF and will be automatically placed
Warning: IO 'data_addr_shadow_o[19]' is unconstrained in LPF and will be automatically placed
Warning: IO 'data_addr_shadow_o[18]' is unconstrained in LPF and will be automatically placed
Warning: IO 'data_addr_shadow_o[17]' is unconstrained in LPF and will be automatically placed
Warning: IO 'data_addr_shadow_o[16]' is unconstrained in LPF and will be automatically placed
Warning: IO 'data_addr_shadow_o[15]' is unconstrained in LPF and will be automatically placed
Warning: IO 'data_addr_shadow_o[14]' is unconstrained in LPF and will be automatically placed
Warning: IO 'data_addr_shadow_o[13]' is unconstrained in LPF and will be automatically placed
Warning: IO 'data_addr_shadow_o[12]' is unconstrained in LPF and will be automatically placed
Warning: IO 'data_addr_shadow_o[11]' is unconstrained in LPF and will be automatically placed
Warning: IO 'data_addr_shadow_o[10]' is unconstrained in LPF and will be automatically placed
Warning: IO 'data_addr_shadow_o[9]' is unconstrained in LPF and will be automatically placed
Warning: IO 'data_addr_shadow_o[8]' is unconstrained in LPF and will be automatically placed
Warning: IO 'data_addr_shadow_o[7]' is unconstrained in LPF and will be automatically placed
Warning: IO 'data_addr_shadow_o[6]' is unconstrained in LPF and will be automatically placed
Warning: IO 'data_addr_shadow_o[5]' is unconstrained in LPF and will be automatically placed
Warning: IO 'data_addr_shadow_o[4]' is unconstrained in LPF and will be automatically placed
Warning: IO 'data_addr_shadow_o[3]' is unconstrained in LPF and will be automatically placed
Warning: IO 'data_addr_shadow_o[2]' is unconstrained in LPF and will be automatically placed
Warning: IO 'data_addr_shadow_o[1]' is unconstrained in LPF and will be automatically placed
Warning: IO 'data_addr_shadow_o[0]' is unconstrained in LPF and will be automatically placed
Warning: IO 'data_addr_o[31]' is unconstrained in LPF and will be automatically placed
Warning: IO 'data_addr_o[30]' is unconstrained in LPF and will be automatically placed
Warning: IO 'data_addr_o[29]' is unconstrained in LPF and will be automatically placed
Warning: IO 'data_addr_o[28]' is unconstrained in LPF and will be automatically placed
Warning: IO 'data_addr_o[27]' is unconstrained in LPF and will be automatically placed
Warning: IO 'data_addr_o[26]' is unconstrained in LPF and will be automatically placed
Warning: IO 'data_addr_o[25]' is unconstrained in LPF and will be automatically placed
Warning: IO 'data_addr_o[24]' is unconstrained in LPF and will be automatically placed
Warning: IO 'data_addr_o[23]' is unconstrained in LPF and will be automatically placed
Warning: IO 'data_addr_o[22]' is unconstrained in LPF and will be automatically placed
Warning: IO 'data_addr_o[21]' is unconstrained in LPF and will be automatically placed
Warning: IO 'data_addr_o[20]' is unconstrained in LPF and will be automatically placed
Warning: IO 'data_addr_o[19]' is unconstrained in LPF and will be automatically placed
Warning: IO 'data_addr_o[18]' is unconstrained in LPF and will be automatically placed
Warning: IO 'data_addr_o[17]' is unconstrained in LPF and will be automatically placed
Warning: IO 'data_addr_o[16]' is unconstrained in LPF and will be automatically placed
Warning: IO 'data_addr_o[15]' is unconstrained in LPF and will be automatically placed
Warning: IO 'data_addr_o[14]' is unconstrained in LPF and will be automatically placed
Warning: IO 'data_addr_o[13]' is unconstrained in LPF and will be automatically placed
Warning: IO 'data_addr_o[12]' is unconstrained in LPF and will be automatically placed
Warning: IO 'data_addr_o[11]' is unconstrained in LPF and will be automatically placed
Warning: IO 'data_addr_o[10]' is unconstrained in LPF and will be automatically placed
Warning: IO 'data_addr_o[9]' is unconstrained in LPF and will be automatically placed
Warning: IO 'data_addr_o[8]' is unconstrained in LPF and will be automatically placed
Warning: IO 'data_addr_o[7]' is unconstrained in LPF and will be automatically placed
Warning: IO 'data_addr_o[6]' is unconstrained in LPF and will be automatically placed
Warning: IO 'data_addr_o[5]' is unconstrained in LPF and will be automatically placed
Warning: IO 'data_addr_o[4]' is unconstrained in LPF and will be automatically placed
Warning: IO 'data_addr_o[3]' is unconstrained in LPF and will be automatically placed
Warning: IO 'data_addr_o[2]' is unconstrained in LPF and will be automatically placed
Warning: IO 'data_addr_o[1]' is unconstrained in LPF and will be automatically placed
Warning: IO 'data_addr_o[0]' is unconstrained in LPF and will be automatically placed
Warning: IO 'crash_dump_o[159]' is unconstrained in LPF and will be automatically placed
Warning: IO 'crash_dump_o[158]' is unconstrained in LPF and will be automatically placed
Warning: IO 'crash_dump_o[157]' is unconstrained in LPF and will be automatically placed
Warning: IO 'crash_dump_o[156]' is unconstrained in LPF and will be automatically placed
Warning: IO 'crash_dump_o[155]' is unconstrained in LPF and will be automatically placed
Warning: IO 'crash_dump_o[154]' is unconstrained in LPF and will be automatically placed
Warning: IO 'crash_dump_o[153]' is unconstrained in LPF and will be automatically placed
Warning: IO 'crash_dump_o[152]' is unconstrained in LPF and will be automatically placed
Warning: IO 'crash_dump_o[151]' is unconstrained in LPF and will be automatically placed
Warning: IO 'crash_dump_o[150]' is unconstrained in LPF and will be automatically placed
Warning: IO 'crash_dump_o[149]' is unconstrained in LPF and will be automatically placed
Warning: IO 'crash_dump_o[148]' is unconstrained in LPF and will be automatically placed
Warning: IO 'crash_dump_o[147]' is unconstrained in LPF and will be automatically placed
Warning: IO 'crash_dump_o[146]' is unconstrained in LPF and will be automatically placed
Warning: IO 'crash_dump_o[145]' is unconstrained in LPF and will be automatically placed
Warning: IO 'crash_dump_o[144]' is unconstrained in LPF and will be automatically placed
Warning: IO 'crash_dump_o[143]' is unconstrained in LPF and will be automatically placed
Warning: IO 'crash_dump_o[142]' is unconstrained in LPF and will be automatically placed
Warning: IO 'crash_dump_o[141]' is unconstrained in LPF and will be automatically placed
Warning: IO 'crash_dump_o[140]' is unconstrained in LPF and will be automatically placed
Warning: IO 'crash_dump_o[139]' is unconstrained in LPF and will be automatically placed
Warning: IO 'crash_dump_o[138]' is unconstrained in LPF and will be automatically placed
Warning: IO 'crash_dump_o[137]' is unconstrained in LPF and will be automatically placed
Warning: IO 'crash_dump_o[136]' is unconstrained in LPF and will be automatically placed
Warning: IO 'crash_dump_o[135]' is unconstrained in LPF and will be automatically placed
Warning: IO 'crash_dump_o[134]' is unconstrained in LPF and will be automatically placed
Warning: IO 'crash_dump_o[133]' is unconstrained in LPF and will be automatically placed
Warning: IO 'crash_dump_o[132]' is unconstrained in LPF and will be automatically placed
Warning: IO 'crash_dump_o[131]' is unconstrained in LPF and will be automatically placed
Warning: IO 'crash_dump_o[130]' is unconstrained in LPF and will be automatically placed
Warning: IO 'crash_dump_o[129]' is unconstrained in LPF and will be automatically placed
Warning: IO 'crash_dump_o[128]' is unconstrained in LPF and will be automatically placed
Warning: IO 'crash_dump_o[127]' is unconstrained in LPF and will be automatically placed
Warning: IO 'crash_dump_o[126]' is unconstrained in LPF and will be automatically placed
Warning: IO 'crash_dump_o[125]' is unconstrained in LPF and will be automatically placed
Warning: IO 'crash_dump_o[124]' is unconstrained in LPF and will be automatically placed
Warning: IO 'crash_dump_o[123]' is unconstrained in LPF and will be automatically placed
Warning: IO 'crash_dump_o[122]' is unconstrained in LPF and will be automatically placed
Warning: IO 'crash_dump_o[121]' is unconstrained in LPF and will be automatically placed
Warning: IO 'crash_dump_o[120]' is unconstrained in LPF and will be automatically placed
Warning: IO 'crash_dump_o[119]' is unconstrained in LPF and will be automatically placed
Warning: IO 'crash_dump_o[118]' is unconstrained in LPF and will be automatically placed
Warning: IO 'crash_dump_o[117]' is unconstrained in LPF and will be automatically placed
Warning: IO 'crash_dump_o[116]' is unconstrained in LPF and will be automatically placed
Warning: IO 'crash_dump_o[115]' is unconstrained in LPF and will be automatically placed
Warning: IO 'crash_dump_o[114]' is unconstrained in LPF and will be automatically placed
Warning: IO 'crash_dump_o[113]' is unconstrained in LPF and will be automatically placed
Warning: IO 'crash_dump_o[112]' is unconstrained in LPF and will be automatically placed
Warning: IO 'crash_dump_o[111]' is unconstrained in LPF and will be automatically placed
Warning: IO 'crash_dump_o[110]' is unconstrained in LPF and will be automatically placed
Warning: IO 'crash_dump_o[109]' is unconstrained in LPF and will be automatically placed
Warning: IO 'crash_dump_o[108]' is unconstrained in LPF and will be automatically placed
Warning: IO 'crash_dump_o[107]' is unconstrained in LPF and will be automatically placed
Warning: IO 'crash_dump_o[106]' is unconstrained in LPF and will be automatically placed
Warning: IO 'crash_dump_o[105]' is unconstrained in LPF and will be automatically placed
Warning: IO 'crash_dump_o[104]' is unconstrained in LPF and will be automatically placed
Warning: IO 'crash_dump_o[103]' is unconstrained in LPF and will be automatically placed
Warning: IO 'crash_dump_o[102]' is unconstrained in LPF and will be automatically placed
Warning: IO 'crash_dump_o[101]' is unconstrained in LPF and will be automatically placed
Warning: IO 'crash_dump_o[100]' is unconstrained in LPF and will be automatically placed
Warning: IO 'crash_dump_o[99]' is unconstrained in LPF and will be automatically placed
Warning: IO 'crash_dump_o[98]' is unconstrained in LPF and will be automatically placed
Warning: IO 'crash_dump_o[97]' is unconstrained in LPF and will be automatically placed
Warning: IO 'crash_dump_o[96]' is unconstrained in LPF and will be automatically placed
Warning: IO 'crash_dump_o[95]' is unconstrained in LPF and will be automatically placed
Warning: IO 'crash_dump_o[94]' is unconstrained in LPF and will be automatically placed
Warning: IO 'crash_dump_o[93]' is unconstrained in LPF and will be automatically placed
Warning: IO 'crash_dump_o[92]' is unconstrained in LPF and will be automatically placed
Warning: IO 'crash_dump_o[91]' is unconstrained in LPF and will be automatically placed
Warning: IO 'crash_dump_o[90]' is unconstrained in LPF and will be automatically placed
Warning: IO 'crash_dump_o[89]' is unconstrained in LPF and will be automatically placed
Warning: IO 'crash_dump_o[88]' is unconstrained in LPF and will be automatically placed
Warning: IO 'crash_dump_o[87]' is unconstrained in LPF and will be automatically placed
Warning: IO 'crash_dump_o[86]' is unconstrained in LPF and will be automatically placed
Warning: IO 'crash_dump_o[85]' is unconstrained in LPF and will be automatically placed
Warning: IO 'crash_dump_o[84]' is unconstrained in LPF and will be automatically placed
Warning: IO 'crash_dump_o[83]' is unconstrained in LPF and will be automatically placed
Warning: IO 'crash_dump_o[82]' is unconstrained in LPF and will be automatically placed
Warning: IO 'crash_dump_o[81]' is unconstrained in LPF and will be automatically placed
Warning: IO 'crash_dump_o[80]' is unconstrained in LPF and will be automatically placed
Warning: IO 'crash_dump_o[79]' is unconstrained in LPF and will be automatically placed
Warning: IO 'crash_dump_o[78]' is unconstrained in LPF and will be automatically placed
Warning: IO 'crash_dump_o[77]' is unconstrained in LPF and will be automatically placed
Warning: IO 'crash_dump_o[76]' is unconstrained in LPF and will be automatically placed
Warning: IO 'crash_dump_o[75]' is unconstrained in LPF and will be automatically placed
Warning: IO 'crash_dump_o[74]' is unconstrained in LPF and will be automatically placed
Warning: IO 'crash_dump_o[73]' is unconstrained in LPF and will be automatically placed
Warning: IO 'crash_dump_o[72]' is unconstrained in LPF and will be automatically placed
Warning: IO 'crash_dump_o[71]' is unconstrained in LPF and will be automatically placed
Warning: IO 'crash_dump_o[70]' is unconstrained in LPF and will be automatically placed
Warning: IO 'crash_dump_o[69]' is unconstrained in LPF and will be automatically placed
Warning: IO 'crash_dump_o[68]' is unconstrained in LPF and will be automatically placed
Warning: IO 'crash_dump_o[67]' is unconstrained in LPF and will be automatically placed
Warning: IO 'crash_dump_o[66]' is unconstrained in LPF and will be automatically placed
Warning: IO 'crash_dump_o[65]' is unconstrained in LPF and will be automatically placed
Warning: IO 'crash_dump_o[64]' is unconstrained in LPF and will be automatically placed
Warning: IO 'crash_dump_o[63]' is unconstrained in LPF and will be automatically placed
Warning: IO 'crash_dump_o[62]' is unconstrained in LPF and will be automatically placed
Warning: IO 'crash_dump_o[61]' is unconstrained in LPF and will be automatically placed
Warning: IO 'crash_dump_o[60]' is unconstrained in LPF and will be automatically placed
Warning: IO 'crash_dump_o[59]' is unconstrained in LPF and will be automatically placed
Warning: IO 'crash_dump_o[58]' is unconstrained in LPF and will be automatically placed
Warning: IO 'crash_dump_o[57]' is unconstrained in LPF and will be automatically placed
Warning: IO 'crash_dump_o[56]' is unconstrained in LPF and will be automatically placed
Warning: IO 'crash_dump_o[55]' is unconstrained in LPF and will be automatically placed
Warning: IO 'crash_dump_o[54]' is unconstrained in LPF and will be automatically placed
Warning: IO 'crash_dump_o[53]' is unconstrained in LPF and will be automatically placed
Warning: IO 'crash_dump_o[52]' is unconstrained in LPF and will be automatically placed
Warning: IO 'crash_dump_o[51]' is unconstrained in LPF and will be automatically placed
Warning: IO 'crash_dump_o[50]' is unconstrained in LPF and will be automatically placed
Warning: IO 'crash_dump_o[49]' is unconstrained in LPF and will be automatically placed
Warning: IO 'crash_dump_o[48]' is unconstrained in LPF and will be automatically placed
Warning: IO 'crash_dump_o[47]' is unconstrained in LPF and will be automatically placed
Warning: IO 'crash_dump_o[46]' is unconstrained in LPF and will be automatically placed
Warning: IO 'crash_dump_o[45]' is unconstrained in LPF and will be automatically placed
Warning: IO 'crash_dump_o[44]' is unconstrained in LPF and will be automatically placed
Warning: IO 'crash_dump_o[43]' is unconstrained in LPF and will be automatically placed
Warning: IO 'crash_dump_o[42]' is unconstrained in LPF and will be automatically placed
Warning: IO 'crash_dump_o[41]' is unconstrained in LPF and will be automatically placed
Warning: IO 'crash_dump_o[40]' is unconstrained in LPF and will be automatically placed
Warning: IO 'crash_dump_o[39]' is unconstrained in LPF and will be automatically placed
Warning: IO 'crash_dump_o[38]' is unconstrained in LPF and will be automatically placed
Warning: IO 'crash_dump_o[37]' is unconstrained in LPF and will be automatically placed
Warning: IO 'crash_dump_o[36]' is unconstrained in LPF and will be automatically placed
Warning: IO 'crash_dump_o[35]' is unconstrained in LPF and will be automatically placed
Warning: IO 'crash_dump_o[34]' is unconstrained in LPF and will be automatically placed
Warning: IO 'crash_dump_o[33]' is unconstrained in LPF and will be automatically placed
Warning: IO 'crash_dump_o[32]' is unconstrained in LPF and will be automatically placed
Warning: IO 'crash_dump_o[31]' is unconstrained in LPF and will be automatically placed
Warning: IO 'crash_dump_o[30]' is unconstrained in LPF and will be automatically placed
Warning: IO 'crash_dump_o[29]' is unconstrained in LPF and will be automatically placed
Warning: IO 'crash_dump_o[28]' is unconstrained in LPF and will be automatically placed
Warning: IO 'crash_dump_o[27]' is unconstrained in LPF and will be automatically placed
Warning: IO 'crash_dump_o[26]' is unconstrained in LPF and will be automatically placed
Warning: IO 'crash_dump_o[25]' is unconstrained in LPF and will be automatically placed
Warning: IO 'crash_dump_o[24]' is unconstrained in LPF and will be automatically placed
Warning: IO 'crash_dump_o[23]' is unconstrained in LPF and will be automatically placed
Warning: IO 'crash_dump_o[22]' is unconstrained in LPF and will be automatically placed
Warning: IO 'crash_dump_o[21]' is unconstrained in LPF and will be automatically placed
Warning: IO 'crash_dump_o[20]' is unconstrained in LPF and will be automatically placed
Warning: IO 'crash_dump_o[19]' is unconstrained in LPF and will be automatically placed
Warning: IO 'crash_dump_o[18]' is unconstrained in LPF and will be automatically placed
Warning: IO 'crash_dump_o[17]' is unconstrained in LPF and will be automatically placed
Warning: IO 'crash_dump_o[16]' is unconstrained in LPF and will be automatically placed
Warning: IO 'crash_dump_o[15]' is unconstrained in LPF and will be automatically placed
Warning: IO 'crash_dump_o[14]' is unconstrained in LPF and will be automatically placed
Warning: IO 'crash_dump_o[13]' is unconstrained in LPF and will be automatically placed
Warning: IO 'crash_dump_o[12]' is unconstrained in LPF and will be automatically placed
Warning: IO 'crash_dump_o[11]' is unconstrained in LPF and will be automatically placed
Warning: IO 'crash_dump_o[10]' is unconstrained in LPF and will be automatically placed
Warning: IO 'crash_dump_o[9]' is unconstrained in LPF and will be automatically placed
Warning: IO 'crash_dump_o[8]' is unconstrained in LPF and will be automatically placed
Warning: IO 'crash_dump_o[7]' is unconstrained in LPF and will be automatically placed
Warning: IO 'crash_dump_o[6]' is unconstrained in LPF and will be automatically placed
Warning: IO 'crash_dump_o[5]' is unconstrained in LPF and will be automatically placed
Warning: IO 'crash_dump_o[4]' is unconstrained in LPF and will be automatically placed
Warning: IO 'crash_dump_o[3]' is unconstrained in LPF and will be automatically placed
Warning: IO 'crash_dump_o[2]' is unconstrained in LPF and will be automatically placed
Warning: IO 'crash_dump_o[1]' is unconstrained in LPF and will be automatically placed
Warning: IO 'crash_dump_o[0]' is unconstrained in LPF and will be automatically placed
Warning: IO 'core_sleep_o' is unconstrained in LPF and will be automatically placed
Warning: IO 'clk_i' is unconstrained in LPF and will be automatically placed
Warning: IO 'boot_addr_i[31]' is unconstrained in LPF and will be automatically placed
Warning: IO 'boot_addr_i[30]' is unconstrained in LPF and will be automatically placed
Warning: IO 'boot_addr_i[29]' is unconstrained in LPF and will be automatically placed
Warning: IO 'boot_addr_i[28]' is unconstrained in LPF and will be automatically placed
Warning: IO 'boot_addr_i[27]' is unconstrained in LPF and will be automatically placed
Warning: IO 'boot_addr_i[26]' is unconstrained in LPF and will be automatically placed
Warning: IO 'boot_addr_i[25]' is unconstrained in LPF and will be automatically placed
Warning: IO 'boot_addr_i[24]' is unconstrained in LPF and will be automatically placed
Warning: IO 'boot_addr_i[23]' is unconstrained in LPF and will be automatically placed
Warning: IO 'boot_addr_i[22]' is unconstrained in LPF and will be automatically placed
Warning: IO 'boot_addr_i[21]' is unconstrained in LPF and will be automatically placed
Warning: IO 'boot_addr_i[20]' is unconstrained in LPF and will be automatically placed
Warning: IO 'boot_addr_i[19]' is unconstrained in LPF and will be automatically placed
Warning: IO 'boot_addr_i[18]' is unconstrained in LPF and will be automatically placed
Warning: IO 'boot_addr_i[17]' is unconstrained in LPF and will be automatically placed
Warning: IO 'boot_addr_i[16]' is unconstrained in LPF and will be automatically placed
Warning: IO 'boot_addr_i[15]' is unconstrained in LPF and will be automatically placed
Warning: IO 'boot_addr_i[14]' is unconstrained in LPF and will be automatically placed
Warning: IO 'boot_addr_i[13]' is unconstrained in LPF and will be automatically placed
Warning: IO 'boot_addr_i[12]' is unconstrained in LPF and will be automatically placed
Warning: IO 'boot_addr_i[11]' is unconstrained in LPF and will be automatically placed
Warning: IO 'boot_addr_i[10]' is unconstrained in LPF and will be automatically placed
Warning: IO 'boot_addr_i[9]' is unconstrained in LPF and will be automatically placed
Warning: IO 'boot_addr_i[8]' is unconstrained in LPF and will be automatically placed
Warning: IO 'boot_addr_i[7]' is unconstrained in LPF and will be automatically placed
Warning: IO 'boot_addr_i[6]' is unconstrained in LPF and will be automatically placed
Warning: IO 'boot_addr_i[5]' is unconstrained in LPF and will be automatically placed
Warning: IO 'boot_addr_i[4]' is unconstrained in LPF and will be automatically placed
Warning: IO 'boot_addr_i[3]' is unconstrained in LPF and will be automatically placed
Warning: IO 'boot_addr_i[2]' is unconstrained in LPF and will be automatically placed
Warning: IO 'boot_addr_i[1]' is unconstrained in LPF and will be automatically placed
Warning: IO 'boot_addr_i[0]' is unconstrained in LPF and will be automatically placed
Warning: IO 'alert_minor_o' is unconstrained in LPF and will be automatically placed
Warning: IO 'alert_major_internal_o' is unconstrained in LPF and will be automatically placed
Warning: IO 'alert_major_bus_o' is unconstrained in LPF and will be automatically placed

Info: Logic utilisation before packing:
Info:     Total LUT4s:     17026/83640    20%
Info:         logic LUTs:  15910/83640    19%
Info:         carry LUTs:   1116/83640     1%
Info:           RAM LUTs:      0/10455     0%
Info:          RAMW LUTs:      0/20910     0%

Info:      Total DFFs:      3440/83640     4%

Info: Packing IOs..
Info: Packing constants..
Info: Packing carries...
Info: Packing LUTs...
Info: Packing LUT5-7s...
Info: Packing FFs...
Info:     2456 FFs paired with LUTs.
Info: Generating derived timing constraints...
Info: Promoting globals...
Info: Checksum: 0xa5e2ee95

Info: Device utilisation:
Info: 	          TRELLIS_IO:       0/    365     0%
Info: 	                DCCA:       0/     56     0%
Info: 	              DP16KD:       6/    208     2%
Info: 	          MULT18X18D:       1/    156     0%
Info: 	              ALU54B:       0/     78     0%
Info: 	             EHXPLLL:       0/      4     0%
Info: 	             EXTREFB:       0/      2     0%
Info: 	                DCUA:       0/      2     0%
Info: 	           PCSCLKDIV:       0/      2     0%
Info: 	             IOLOGIC:       0/    224     0%
Info: 	            SIOLOGIC:       0/    141     0%
Info: 	                 GSR:       0/      1     0%
Info: 	               JTAGG:       0/      1     0%
Info: 	                OSCG:       0/      1     0%
Info: 	               SEDGA:       0/      1     0%
Info: 	                 DTR:       0/      1     0%
Info: 	             USRMCLK:       0/      1     0%
Info: 	             CLKDIVF:       0/      4     0%
Info: 	           ECLKSYNCB:       0/     10     0%
Info: 	             DLLDELD:       0/      8     0%
Info: 	              DDRDLL:       0/      4     0%
Info: 	             DQSBUFM:       0/     14     0%
Info: 	     TRELLIS_ECLKBUF:       0/      8     0%
Info: 	        ECLKBRIDGECS:       0/      2     0%
Info: 	                DCSC:       0/      2     0%
Info: 	          TRELLIS_FF:    3440/  83640     4%
Info: 	        TRELLIS_COMB:   17192/  83640    20%
Info: 	        TRELLIS_RAMW:       0/  10455     0%

Info: Placed 0 cells based on constraints.
Info: Creating initial analytic placement for 13218 cells, random placement wirelen = 1339657.
Info:     at initial placer iter 0, wirelen = 2403
Info:     at initial placer iter 1, wirelen = 2203
Info:     at initial placer iter 2, wirelen = 2350
Info:     at initial placer iter 3, wirelen = 2188
Info: Running main analytical placer, max placement attempts per cell = 53246040.
Info:     at iteration #1, type ALL: wirelen solved = 2407, spread = 358059, legal = 354471; time = 0.23s
Info:     at iteration #2, type ALL: wirelen solved = 14962, spread = 138531, legal = 141679; time = 0.28s
Info:     at iteration #3, type ALL: wirelen solved = 28413, spread = 119802, legal = 121793; time = 0.27s
Info:     at iteration #4, type ALL: wirelen solved = 38110, spread = 106200, legal = 108381; time = 0.24s
Info:     at iteration #5, type ALL: wirelen solved = 44893, spread = 97041, legal = 100343; time = 0.23s
Info:     at iteration #6, type ALL: wirelen solved = 47959, spread = 94849, legal = 98769; time = 0.24s
Info:     at iteration #7, type ALL: wirelen solved = 51670, spread = 90971, legal = 94272; time = 0.22s
Info:     at iteration #8, type ALL: wirelen solved = 54802, spread = 87705, legal = 90448; time = 0.22s
Info:     at iteration #9, type ALL: wirelen solved = 56060, spread = 86478, legal = 90458; time = 0.22s
Info:     at iteration #10, type ALL: wirelen solved = 58822, spread = 85465, legal = 89060; time = 0.22s
Info:     at iteration #11, type ALL: wirelen solved = 60046, spread = 85446, legal = 87993; time = 0.23s
Info:     at iteration #12, type ALL: wirelen solved = 61621, spread = 83781, legal = 88503; time = 0.25s
Info:     at iteration #13, type ALL: wirelen solved = 62668, spread = 82270, legal = 86571; time = 0.22s
Info:     at iteration #14, type ALL: wirelen solved = 63372, spread = 82182, legal = 85760; time = 0.21s
Info:     at iteration #15, type ALL: wirelen solved = 64027, spread = 81662, legal = 84967; time = 0.21s
Info:     at iteration #16, type ALL: wirelen solved = 64385, spread = 81333, legal = 87443; time = 0.21s
Info:     at iteration #17, type ALL: wirelen solved = 65450, spread = 80825, legal = 84712; time = 0.23s
Info:     at iteration #18, type ALL: wirelen solved = 65993, spread = 80751, legal = 84567; time = 0.21s
Info:     at iteration #19, type ALL: wirelen solved = 66456, spread = 80363, legal = 83948; time = 0.21s
Info:     at iteration #20, type ALL: wirelen solved = 66827, spread = 80141, legal = 84826; time = 0.21s
Info:     at iteration #21, type ALL: wirelen solved = 67205, spread = 80213, legal = 84632; time = 0.23s
Info:     at iteration #22, type ALL: wirelen solved = 67587, spread = 80221, legal = 84513; time = 0.21s
Info:     at iteration #23, type ALL: wirelen solved = 68013, spread = 79841, legal = 84666; time = 0.21s
Info: HeAP Placer Time: 7.11s
Info:   of which solving equations: 4.67s
Info:   of which spreading cells: 0.89s
Info:   of which strict legalisation: 0.23s

Info: Running simulated annealing placer for refinement.
Info:   at iteration #1: temp = 0.000000, timing cost = 11959, wirelen = 83948
Info:   at iteration #5: temp = 0.000000, timing cost = 10664, wirelen = 77317
Info:   at iteration #10: temp = 0.000000, timing cost = 10110, wirelen = 75962
Info:   at iteration #15: temp = 0.000000, timing cost = 9999, wirelen = 75494
Info:   at iteration #20: temp = 0.000000, timing cost = 9818, wirelen = 75406
Info:   at iteration #20: temp = 0.000000, timing cost = 9814, wirelen = 75411 
Info: SA placement time 14.80s

Info: Max frequency for clock 'clk_i': 21.07 MHz (FAIL at 50.00 MHz)

Info: Slack histogram:
Info:  legend: * represents 23 endpoint(s)
Info:          + represents [1,23) endpoint(s)
Info: [-27462, -25126) |+
Info: [-25126, -22790) |********+
Info: [-22790, -20454) |*****************+
Info: [-20454, -18118) |*******************************+
Info: [-18118, -15782) |************************************************************ 
Info: [-15782, -13446) |*****************************************************+
Info: [-13446, -11110) |**********+
Info: [-11110,  -8774) |*********+
Info: [ -8774,  -6438) |********************+
Info: [ -6438,  -4102) |******+
Info: [ -4102,  -1766) |**********+
Info: [ -1766,    570) |**********************+
Info: [   570,   2906) |******************+
Info: [  2906,   5242) |*******+
Info: [  5242,   7578) |*+
Info: [  7578,   9914) |+
Info: [  9914,  12250) |+
Info: [ 12250,  14586) |+
Info: [ 14586,  16922) |******+
Info: [ 16922,  19258) |****+
Info: Checksum: 0x60895ef3
Info: Routing globals...

Info: Routing..
Info: Setting up routing queue.
Info: Routing 67429 arcs.
Info:            |   (re-)routed arcs  |   delta    | remaining|       time spent     |
Info:    IterCnt |  w/ripup   wo/ripup |  w/r  wo/r |      arcs| batch(sec) total(sec)|
Info:       1000 |      209        790 |  209   790 |     66671|       0.38       0.38|
Info:       2000 |      504       1495 |  295   705 |     66180|       0.10       0.48|
Info:       3000 |      805       2194 |  301   699 |     65644|       0.11       0.59|
Info:       4000 |     1087       2912 |  282   718 |     65016|       0.10       0.69|
Info:       5000 |     1358       3641 |  271   729 |     64433|       0.11       0.80|
Info:       6000 |     1630       4369 |  272   728 |     63830|       0.11       0.91|
Info:       7000 |     1921       5078 |  291   709 |     63252|       0.11       1.01|
Info:       8000 |     2148       5851 |  227   773 |     62683|       0.12       1.13|
Info:       9000 |     2391       6608 |  243   757 |     62212|       0.11       1.24|
Info:      10000 |     2588       7411 |  197   803 |     61536|       0.11       1.35|
Info:      11000 |     2839       8160 |  251   749 |     60991|       0.11       1.46|
Info:      12000 |     3079       8920 |  240   760 |     60403|       0.11       1.57|
Info:      13000 |     3327       9672 |  248   752 |     60006|       0.11       1.68|
Info:      14000 |     3598      10401 |  271   729 |     59436|       0.11       1.80|
Info:      15000 |     3841      11158 |  243   757 |     58894|       0.12       1.91|
Info:      16000 |     4106      11893 |  265   735 |     58522|       0.11       2.02|
Info:      17000 |     4380      12619 |  274   726 |     57914|       0.11       2.13|
Info:      18000 |     4654      13345 |  274   726 |     57342|       0.12       2.25|
Info:      19000 |     4934      14065 |  280   720 |     56930|       0.11       2.36|
Info:      20000 |     5211      14788 |  277   723 |     56470|       0.12       2.47|
Info:      21000 |     5501      15498 |  290   710 |     56163|       0.13       2.60|
Info:      22000 |     5802      16197 |  301   699 |     55628|       0.12       2.72|
Info:      23000 |     6133      16866 |  331   669 |     55114|       0.12       2.84|
Info:      24000 |     6407      17592 |  274   726 |     54684|       0.12       2.96|
Info:      25000 |     6702      18297 |  295   705 |     54159|       0.13       3.09|
Info:      26000 |     7002      18997 |  300   700 |     53756|       0.13       3.22|
Info:      27000 |     7305      19694 |  303   697 |     53359|       0.12       3.34|
Info:      28000 |     7549      20450 |  244   756 |     52880|       0.12       3.46|
Info:      29000 |     7940      21059 |  391   609 |     52546|       0.14       3.60|
Info:      30000 |     8235      21764 |  295   705 |     52002|       0.14       3.74|
Info:      31000 |     8528      22471 |  293   707 |     51530|       0.16       3.90|
Info:      32000 |     8835      23164 |  307   693 |     51149|       0.15       4.05|
Info:      33000 |     9188      23811 |  353   647 |     50737|       0.13       4.17|
Info:      34000 |     9508      24491 |  320   680 |     50429|       0.14       4.31|
Info:      35000 |     9799      25200 |  291   709 |     49840|       0.14       4.45|
Info:      36000 |    10063      25936 |  264   736 |     49363|       0.12       4.57|
Info:      37000 |    10418      26581 |  355   645 |     49050|       0.14       4.71|
Info:      38000 |    10703      27296 |  285   715 |     48549|       0.14       4.85|
Info:      39000 |    11013      27986 |  310   690 |     47984|       0.13       4.98|
Info:      40000 |    11323      28676 |  310   690 |     47539|       0.14       5.12|
Info:      41000 |    11638      29361 |  315   685 |     47036|       0.14       5.26|
Info:      42000 |    12031      29968 |  393   607 |     46558|       0.14       5.41|
Info:      43000 |    12348      30651 |  317   683 |     46014|       0.15       5.56|
Info:      44000 |    12748      31251 |  400   600 |     45605|       0.14       5.69|
Info:      45000 |    13113      31886 |  365   635 |     45127|       0.14       5.83|
Info:      46000 |    13420      32579 |  307   693 |     44614|       0.13       5.96|
Info:      47000 |    13699      33300 |  279   721 |     44194|       0.14       6.10|
Info:      48000 |    13972      34027 |  273   727 |     43677|       0.14       6.24|
Info:      49000 |    14328      34671 |  356   644 |     43142|       0.14       6.38|
Info:      50000 |    14669      35330 |  341   659 |     42722|       0.15       6.53|
Info:      51000 |    15071      35928 |  402   598 |     42325|       0.15       6.68|
Info:      52000 |    15445      36554 |  374   626 |     41885|       0.14       6.81|
Info:      53000 |    15804      37195 |  359   641 |     41488|       0.14       6.95|
Info:      54000 |    16184      37815 |  380   620 |     41055|       0.16       7.11|
Info:      55000 |    16536      38463 |  352   648 |     40625|       0.16       7.26|
Info:      56000 |    16852      39147 |  316   684 |     40062|       0.15       7.41|
Info:      57000 |    17142      39857 |  290   710 |     39743|       0.15       7.56|
Info:      58000 |    17441      40558 |  299   701 |     39295|       0.16       7.72|
Info:      59000 |    17805      41194 |  364   636 |     38721|       0.14       7.86|
Info:      60000 |    18163      41836 |  358   642 |     38363|       0.15       8.02|
Info:      61000 |    18594      42405 |  431   569 |     37927|       0.15       8.17|
Info:      62000 |    19091      42908 |  497   503 |     37578|       0.16       8.33|
Info:      63000 |    19431      43568 |  340   660 |     37303|       0.14       8.47|
Info:      64000 |    19905      44094 |  474   526 |     37046|       0.20       8.67|
Info:      65000 |    20384      44615 |  479   521 |     36680|       0.15       8.83|
Info:      66000 |    20796      45203 |  412   588 |     36407|       0.15       8.98|
Info:      67000 |    21246      45753 |  450   550 |     35954|       0.15       9.13|
Info:      68000 |    21681      46318 |  435   565 |     35465|       0.14       9.27|
Info:      69000 |    22029      46970 |  348   652 |     35329|       0.18       9.45|
Info:      70000 |    22357      47642 |  328   672 |     34729|       0.15       9.60|
Info:      71000 |    22682      48317 |  325   675 |     34257|       0.16       9.76|
Info:      72000 |    23051      48948 |  369   631 |     33766|       0.16       9.91|
Info:      73000 |    23405      49594 |  354   646 |     33189|       0.16      10.07|
Info:      74000 |    23761      50238 |  356   644 |     32709|       0.16      10.24|
Info:      75000 |    24108      50881 |  347   643 |     32475|       0.19      10.42|
Info:      76000 |    24485      51493 |  377   612 |     32293|       0.19      10.61|
Info:      77000 |    24835      52123 |  350   630 |     31838|       0.18      10.79|
Info:      78000 |    25221      52718 |  386   595 |     31388|       0.16      10.95|
Info:      79000 |    25613      53294 |  392   576 |     30894|       0.15      11.10|
Info:      80000 |    25989      53873 |  376   579 |     30515|       0.16      11.26|
Info:      81000 |    26454      54361 |  465   488 |     30125|       0.15      11.41|
Info:      82000 |    26876      54868 |  422   507 |     29603|       0.14      11.55|
Info:      83000 |    27238      55428 |  362   560 |     29090|       0.17      11.71|
Info:      84000 |    27597      55958 |  359   530 |     28546|       0.14      11.85|
Info:      85000 |    27929      56513 |  332   555 |     27923|       0.13      11.97|
Info:      86000 |    28319      57045 |  390   532 |     27421|       0.14      12.11|
Info:      87000 |    28668      57607 |  349   562 |     26944|       0.14      12.25|
Info:      88000 |    29083      58105 |  415   498 |     26409|       0.14      12.39|
Info:      89000 |    29434      58674 |  351   569 |     25830|       0.14      12.53|
Info:      90000 |    29806      59205 |  372   531 |     25285|       0.14      12.67|
Info:      91000 |    30161      59770 |  355   565 |     24724|       0.14      12.81|
Info:      92000 |    30571      60287 |  410   517 |     24227|       0.14      12.96|
Info:      93000 |    30984      60811 |  413   524 |     23797|       0.15      13.10|
Info:      94000 |    31347      61384 |  363   573 |     23284|       0.15      13.25|
Info:      95000 |    31720      61932 |  373   548 |     22779|       0.17      13.42|
Info:      96000 |    32054      62511 |  334   579 |     22215|       0.15      13.57|
Info:      97000 |    32387      63115 |  333   604 |     21634|       0.15      13.72|
Info:      98000 |    32707      63736 |  320   621 |     21224|       0.17      13.88|
Info:      99000 |    33046      64321 |  339   585 |     20649|       0.16      14.04|
Info:     100000 |    33411      64902 |  365   581 |     20111|       0.17      14.21|
Info:     101000 |    33810      65475 |  399   573 |     19775|       0.16      14.37|
Info:     102000 |    34219      66017 |  409   542 |     19228|       0.15      14.51|
Info:     103000 |    34613      66593 |  394   576 |     18785|       0.19      14.70|
Info:     104000 |    35007      67168 |  394   575 |     18253|       0.16      14.86|
Info:     105000 |    35350      67784 |  343   616 |     17641|       0.17      15.03|
Info:     106000 |    35650      68452 |  300   668 |     17190|       0.19      15.22|
Info:     107000 |    35930      69150 |  280   698 |     16564|       0.17      15.39|
Info:     108000 |    36191      69874 |  261   724 |     15924|       0.18      15.57|
Info:     109000 |    36416      70637 |  225   763 |     15230|       0.17      15.74|
Info:     110000 |    36628      71374 |  212   737 |     14512|       0.18      15.92|
Info:     111000 |    36898      72090 |  270   716 |     13945|       0.21      16.14|
Info:     112000 |    37173      72802 |  275   712 |     13323|       0.20      16.34|
Info:     113000 |    37403      73518 |  230   716 |     12641|       0.18      16.52|
Info:     114000 |    37667      74193 |  264   675 |     12026|       0.20      16.72|
Info:     115000 |    37902      74853 |  235   660 |     11349|       0.19      16.91|
Info:     116000 |    38133      75514 |  231   661 |     10636|       0.17      17.09|
Info:     117000 |    38341      76212 |  208   698 |      9914|       0.17      17.25|
Info:     118000 |    38578      76905 |  237   693 |      9225|       0.19      17.44|
Info:     119000 |    38817      77582 |  239   677 |      8565|       0.18      17.62|
Info:     120000 |    39110      78198 |  293   616 |      8031|       0.22      17.84|
Info:     121000 |    39384      78793 |  274   595 |      7434|       0.21      18.04|
Info:     122000 |    39644      79426 |  260   633 |      6801|       0.23      18.28|
Info:     123000 |    39991      80060 |  347   634 |      6598|       0.22      18.50|
Info:     124000 |    40189      80776 |  198   716 |      5905|       0.17      18.67|
Info:     125000 |    40316      81649 |  127   873 |      5055|       0.14      18.81|
Info:     126000 |    40453      82512 |  137   863 |      4247|       0.16      18.97|
Info:     127000 |    40678      83287 |  225   775 |      3484|       0.15      19.12|
Info:     128000 |    40931      83976 |  253   689 |      2890|       0.52      19.64|
Info:     129000 |    41209      84615 |  278   639 |      2436|       0.36      20.01|
Info:     130000 |    41474      85244 |  265   629 |      1921|       0.40      20.41|
Info:     131000 |    41726      85898 |  252   654 |      1362|       0.37      20.78|
Info:     132000 |    41938      86552 |  212   654 |       712|       0.50      21.28|
Info:     133000 |    42188      87206 |  250   654 |       135|       0.51      21.79|
Info:     133203 |    42236      87344 |   48   138 |         0|       0.29      22.08|
Info: Routing complete.
Info: Router1 time 22.08s
Info: Checksum: 0xbdb619dc

Info: Critical path report for clock 'clk_i' (posedge -> posedge):
Info:       type curr  total name
Info:   clk-to-q  5.83  5.83 Source tag_bank_w0.mem.0.0.DOB2
Info:    routing  1.51  7.34 Net ic_tag_rdata[42] (73,22) -> (74,26)
Info:                          Sink u_ibex_core.if_stage_i.icache.way0_valid_LUT4_A_D_LUT4_Z_1.D
Info:                          Defined in:
Info:                               ${REPO_ROOT}/flow/out/arch/ibex_top.v:11886.14-11886.22
Info:      logic  0.24  7.58 Source u_ibex_core.if_stage_i.icache.way0_valid_LUT4_A_D_LUT4_Z_1.F
Info:    routing  0.43  8.00 Net u_ibex_core.if_stage_i.icache.way0_valid_LUT4_A_D[1] (74,26) -> (74,26)
Info:                          Sink u_ibex_core.if_stage_i.icache.way0_valid_LUT4_A.B
Info:                          Defined in:
Info:                               /opt/homebrew/bin/../share/yosys/lattice/cells_map_trellis.v:108.23-108.24
Info:      logic  0.24  8.24 Source u_ibex_core.if_stage_i.icache.way0_valid_LUT4_A.F
Info:    routing  0.81  9.05 Net u_ibex_core.if_stage_i.icache.way0_valid_LUT4_A_Z[2] (74,26) -> (74,26)
Info:                          Sink instr_rvalid_i_LUT4_B_2_Z_LUT4_C_Z_PFUMX_Z_ALUT_LUT4_Z.C
Info:                          Defined in:
Info:                               /opt/homebrew/bin/../share/yosys/lattice/cells_map_trellis.v:108.23-108.24
Info:      logic  0.24  9.29 Source instr_rvalid_i_LUT4_B_2_Z_LUT4_C_Z_PFUMX_Z_ALUT_LUT4_Z.F
Info:    routing  0.00  9.29 Net instr_rvalid_i_LUT4_B_2_Z_LUT4_C_Z_PFUMX_Z_ALUT (74,26) -> (74,26)
Info:                          Sink instr_rvalid_i_LUT4_B_2_Z_LUT4_C_Z_PFUMX_Z_BLUT_LUT4_Z.F1
Info:                          Defined in:
Info:                               /opt/homebrew/bin/../share/yosys/lattice/cells_map_trellis.v:133.22-133.24
Info:      logic  0.17  9.45 Source instr_rvalid_i_LUT4_B_2_Z_LUT4_C_Z_PFUMX_Z_BLUT_LUT4_Z.OFX
Info:    routing  1.88  11.34 Net instr_rvalid_i_LUT4_B_1_Z_LUT4_C_Z[4] (74,26) -> (65,13)
Info:                          Sink u_ibex_core.if_stage_i.icache.lookup_grant_TRELLIS_FF_DI_Q_LUT4_Z.D
Info:                          Defined in:
Info:                               /opt/homebrew/bin/../share/yosys/lattice/cells_map_trellis.v:108.23-108.24
Info:      logic  0.24  11.57 Source u_ibex_core.if_stage_i.icache.lookup_grant_TRELLIS_FF_DI_Q_LUT4_Z.F
Info:    routing  1.91  13.49 Net instr_rvalid_i_LUT4_B_1_Z_LUT4_D_Z[5] (65,13) -> (72,27)
Info:                          Sink u_ibex_core.if_stage_i.icache.fb0_err_beat1_LUT4_A_B_LUT4_Z_D_LUT4_B_A_LUT4_A_Z_LUT4_Z_D_LUT4_Z_D_PFUMX_C0_Z_LUT4_C_D_LUT4_D_1_Z_LUT4_D_C_LUT4_D_Z_LUT4_Z_B_LUT4_Z_D_L6MUX21_Z_1_D1_PFUMX_Z_ALUT_LUT4_Z.M
Info:                          Defined in:
Info:                               /opt/homebrew/bin/../share/yosys/lattice/cells_map_trellis.v:108.23-108.24
Info:      logic  0.26  13.74 Source u_ibex_core.if_stage_i.icache.fb0_err_beat1_LUT4_A_B_LUT4_Z_D_LUT4_B_A_LUT4_A_Z_LUT4_Z_D_LUT4_Z_D_PFUMX_C0_Z_LUT4_C_D_LUT4_D_1_Z_LUT4_D_C_LUT4_D_Z_LUT4_Z_B_LUT4_Z_D_L6MUX21_Z_1_D1_PFUMX_Z_ALUT_LUT4_Z.OFX
Info:    routing  0.45  14.20 Net u_ibex_core.if_stage_i.icache.fb0_err_beat1_LUT4_A_B_LUT4_Z_D_LUT4_B_A_LUT4_A_Z_LUT4_Z_D_LUT4_Z_D_PFUMX_C0_Z_LUT4_C_D_LUT4_D_1_Z_LUT4_D_C_LUT4_D_Z_LUT4_Z_B_LUT4_Z_D[3] (72,27) -> (72,28)
Info:                          Sink u_ibex_core.if_stage_i.icache.fb0_err_beat1_LUT4_A_B_LUT4_Z_D_LUT4_B_A_LUT4_A_Z_LUT4_Z_D_LUT4_Z_D_PFUMX_C0_Z_LUT4_C_D_LUT4_D_1_Z_LUT4_D_C_LUT4_D_Z_LUT4_Z_B_LUT4_Z_D_LUT4_D.C
Info:                          Defined in:
Info:                               /opt/homebrew/bin/../share/yosys/lattice/cells_map_trellis.v:108.23-108.24
Info:      logic  0.24  14.43 Source u_ibex_core.if_stage_i.icache.fb0_err_beat1_LUT4_A_B_LUT4_Z_D_LUT4_B_A_LUT4_A_Z_LUT4_Z_D_LUT4_Z_D_PFUMX_C0_Z_LUT4_C_D_LUT4_D_1_Z_LUT4_D_C_LUT4_D_Z_LUT4_Z_B_LUT4_Z_D_LUT4_D.F
Info:    routing  0.67  15.10 Net u_ibex_core.if_stage_i.icache.bus_pick_requester_LUT4_Z_1_D_LUT4_Z_B_LUT4_Z_1_D_LUT4_Z_A[3] (72,28) -> (71,28)
Info:                          Sink u_ibex_core.if_stage_i.icache.fb0_err_beat1_LUT4_A_B_LUT4_Z_D_LUT4_B_A_LUT4_A_Z_LUT4_Z_D_LUT4_Z_D_PFUMX_C0_Z_LUT4_C_D_LUT4_D_1_Z_LUT4_D_C_LUT4_D_Z_LUT4_Z_B_LUT4_Z_D_PFUMX_C0_Z_L6MUX21_Z_1_D1_L6MUX21_Z_D0_PFUMX_Z_ALUT_LUT4_Z.M
Info:                          Defined in:
Info:                               /opt/homebrew/bin/../share/yosys/lattice/cells_map_trellis.v:108.23-108.24
Info:      logic  0.26  15.36 Source u_ibex_core.if_stage_i.icache.fb0_err_beat1_LUT4_A_B_LUT4_Z_D_LUT4_B_A_LUT4_A_Z_LUT4_Z_D_LUT4_Z_D_PFUMX_C0_Z_LUT4_C_D_LUT4_D_1_Z_LUT4_D_C_LUT4_D_Z_LUT4_Z_B_LUT4_Z_D_PFUMX_C0_Z_L6MUX21_Z_1_D1_L6MUX21_Z_D0_PFUMX_Z_ALUT_LUT4_Z.OFX
Info:    routing  1.88  17.24 Net u_ibex_core.if_stage_i.icache.fb0_err_beat1_LUT4_A_B_LUT4_Z_D_LUT4_B_A_LUT4_A_Z_LUT4_Z_D_LUT4_Z_D_PFUMX_C0_Z_LUT4_C_D_LUT4_D_1_Z_LUT4_D_C_LUT4_D_Z_LUT4_Z_B_LUT4_Z_D_PFUMX_C0_Z[5] (71,28) -> (67,14)
Info:                          Sink u_ibex_core.if_stage_i.icache.output_stage.fb_sel_idx_L6MUX21_Z_D1_PFUMX_Z_BLUT_LUT4_Z.M
Info:                          Defined in:
Info:                               /opt/homebrew/bin/../share/yosys/lattice/cells_map_trellis.v:108.23-108.24
Info:      logic  0.26  17.49 Source u_ibex_core.if_stage_i.icache.output_stage.fb_sel_idx_L6MUX21_Z_D1_PFUMX_Z_BLUT_LUT4_Z.OFX
Info:    routing  0.00  17.49 Net u_ibex_core.if_stage_i.icache.output_stage.fb_sel_idx_L6MUX21_Z_D1 (67,14) -> (67,14)
Info:                          Sink u_ibex_core.if_stage_i.icache.output_stage.fb_sel_idx_L6MUX21_Z_D1_PFUMX_Z_ALUT_LUT4_Z.FXB
Info:                          Defined in:
Info:                               /opt/homebrew/bin/../share/yosys/lattice/cells_map_trellis.v:141.38-141.40
Info:      logic  0.24  17.73 Source u_ibex_core.if_stage_i.icache.output_stage.fb_sel_idx_L6MUX21_Z_D1_PFUMX_Z_ALUT_LUT4_Z.OFX
Info:    routing  1.56  19.29 Net debug_req_i_LUT4_C_Z_LUT4_Z_C_LUT4_C_Z_LUT4_Z_C_LUT4_Z_D_LUT4_D_Z_PFUMX_Z_C0_L6MUX21_Z_D1_PFUMX_Z_BLUT_LUT4_Z_D[5] (67,14) -> (61,5)
Info:                          Sink u_ibex_core.if_stage_i.icache.output_stage.raw_word_PFUMX_Z_C0_L6MUX21_Z_SD_PFUMX_Z_1_BLUT_LUT4_Z_D_PFUMX_C0_2_Z_LUT4_D_Z_PFUMX_BLUT_Z_L6MUX21_D0_Z_PFUMX_C0_Z_PFUMX_Z_C0_L6MUX21_Z_D1_PFUMX_Z_ALUT_LUT4_Z.M
Info:                          Defined in:
Info:                               /opt/homebrew/bin/../share/yosys/lattice/cells_map_trellis.v:108.23-108.24
Info:      logic  0.26  19.55 Source u_ibex_core.if_stage_i.icache.output_stage.raw_word_PFUMX_Z_C0_L6MUX21_Z_SD_PFUMX_Z_1_BLUT_LUT4_Z_D_PFUMX_C0_2_Z_LUT4_D_Z_PFUMX_BLUT_Z_L6MUX21_D0_Z_PFUMX_C0_Z_PFUMX_Z_C0_L6MUX21_Z_D1_PFUMX_Z_ALUT_LUT4_Z.OFX
Info:    routing  0.84  20.38 Net u_ibex_core.if_stage_i.icache.output_stage.raw_word_PFUMX_Z_C0_L6MUX21_Z_SD_PFUMX_Z_1_BLUT_LUT4_Z_D_PFUMX_C0_2_Z_LUT4_D_Z_PFUMX_BLUT_Z_L6MUX21_D0_Z_PFUMX_C0_Z_PFUMX_Z_C0[3] (61,5) -> (61,4)
Info:                          Sink u_ibex_core.if_stage_i.icache.output_stage.raw_word_PFUMX_Z_C0_L6MUX21_Z_SD_PFUMX_Z_1_BLUT_LUT4_Z_D_PFUMX_C0_2_Z_LUT4_D_Z_PFUMX_BLUT_Z_L6MUX21_D0_Z_PFUMX_C0_Z_PFUMX_Z_ALUT_LUT4_Z.D
Info:                          Defined in:
Info:                               /opt/homebrew/bin/../share/yosys/lattice/cells_map_trellis.v:108.23-108.24
Info:      logic  0.24  20.62 Source u_ibex_core.if_stage_i.icache.output_stage.raw_word_PFUMX_Z_C0_L6MUX21_Z_SD_PFUMX_Z_1_BLUT_LUT4_Z_D_PFUMX_C0_2_Z_LUT4_D_Z_PFUMX_BLUT_Z_L6MUX21_D0_Z_PFUMX_C0_Z_PFUMX_Z_ALUT_LUT4_Z.F
Info:    routing  0.00  20.62 Net u_ibex_core.if_stage_i.icache.output_stage.raw_word_PFUMX_Z_C0_L6MUX21_Z_SD_PFUMX_Z_1_BLUT_LUT4_Z_D_PFUMX_C0_2_Z_LUT4_D_Z_PFUMX_BLUT_Z_L6MUX21_D0_Z_PFUMX_C0_Z_PFUMX_Z_ALUT (61,4) -> (61,4)
Info:                          Sink u_ibex_core.if_stage_i.icache.output_stage.raw_word_PFUMX_Z_C0_L6MUX21_Z_SD_PFUMX_Z_1_BLUT_LUT4_Z_D_PFUMX_C0_2_Z_LUT4_D_Z_PFUMX_BLUT_Z_L6MUX21_D0_Z_PFUMX_C0_Z_PFUMX_Z_BLUT_LUT4_Z.F1
Info:                          Defined in:
Info:                               /opt/homebrew/bin/../share/yosys/lattice/cells_map_trellis.v:133.22-133.24
Info:      logic  0.17  20.78 Source u_ibex_core.if_stage_i.icache.output_stage.raw_word_PFUMX_Z_C0_L6MUX21_Z_SD_PFUMX_Z_1_BLUT_LUT4_Z_D_PFUMX_C0_2_Z_LUT4_D_Z_PFUMX_BLUT_Z_L6MUX21_D0_Z_PFUMX_C0_Z_PFUMX_Z_BLUT_LUT4_Z.OFX
Info:    routing  1.96  22.74 Net u_ibex_core.if_stage_i.icache.output_stage.raw_word_LUT4_Z_B_LUT4_Z_C_PFUMX_C0_Z_LUT4_Z_103_C[2] (61,4) -> (40,8)
Info:                          Sink u_ibex_core.if_stage_i.icache.output_stage.raw_word_PFUMX_Z_C0_L6MUX21_Z_SD_PFUMX_Z_1_BLUT_LUT4_Z_D_PFUMX_C0_2_Z_LUT4_D_Z_PFUMX_BLUT_Z_L6MUX21_D0_Z_PFUMX_C0_Z_LUT4_D_1.D
Info:                          Defined in:
Info:                               /opt/homebrew/bin/../share/yosys/lattice/cells_map_trellis.v:108.23-108.24
Info:      logic  0.24  22.98 Source u_ibex_core.if_stage_i.icache.output_stage.raw_word_PFUMX_Z_C0_L6MUX21_Z_SD_PFUMX_Z_1_BLUT_LUT4_Z_D_PFUMX_C0_2_Z_LUT4_D_Z_PFUMX_BLUT_Z_L6MUX21_D0_Z_PFUMX_C0_Z_LUT4_D_1.F
Info:    routing  0.00  22.98 Net u_ibex_core.if_stage_i.icache.output_stage.raw_word_PFUMX_Z_C0_L6MUX21_Z_SD_PFUMX_Z_1_BLUT_LUT4_Z_D_PFUMX_C0_2_Z_LUT4_D_Z_PFUMX_BLUT_Z_L6MUX21_D0_Z_PFUMX_C0_Z_LUT4_D_1_Z (40,8) -> (40,8)
Info:                          Sink u_ibex_core.if_stage_i.icache.output_stage.raw_word_PFUMX_Z_C0_L6MUX21_Z_SD_PFUMX_Z_1_BLUT_LUT4_Z_D_PFUMX_C0_2_Z_LUT4_D_Z_PFUMX_BLUT_Z_L6MUX21_D0_Z_PFUMX_C0_Z_LUT4_D.F1
Info:                          Defined in:
Info:                               /opt/homebrew/bin/../share/yosys/lattice/cells_map_trellis.v:133.22-133.24
Info:      logic  0.17  23.15 Source u_ibex_core.if_stage_i.icache.output_stage.raw_word_PFUMX_Z_C0_L6MUX21_Z_SD_PFUMX_Z_1_BLUT_LUT4_Z_D_PFUMX_C0_2_Z_LUT4_D_Z_PFUMX_BLUT_Z_L6MUX21_D0_Z_PFUMX_C0_Z_LUT4_D.OFX
Info:    routing  0.38  23.52 Net u_ibex_core.if_stage_i.icache.output_stage.raw_word_LUT4_Z_6_D[4] (40,8) -> (40,8)
Info:                          Sink u_ibex_core.if_stage_i.cd.instr_i_LUT4_Z_9_D_PFUMX_Z_BLUT_LUT4_Z.M
Info:                          Defined in:
Info:                               /opt/homebrew/bin/../share/yosys/lattice/cells_map_trellis.v:108.23-108.24
Info:      logic  0.26  23.78 Source u_ibex_core.if_stage_i.cd.instr_i_LUT4_Z_9_D_PFUMX_Z_BLUT_LUT4_Z.OFX
Info:    routing  1.99  25.77 Net u_ibex_core.if_stage_i.cd.instr_i_LUT4_Z_9_D[6] (40,8) -> (31,24)
Info:                          Sink u_ibex_core.if_stage_i.cd.instr_i_LUT4_Z_6.D
Info:                          Defined in:
Info:                               /opt/homebrew/bin/../share/yosys/lattice/cells_map_trellis.v:108.23-108.24
Info:      logic  0.24  26.01 Source u_ibex_core.if_stage_i.cd.instr_i_LUT4_Z_6.F
Info:    routing  2.64  28.65 Net u_ibex_core.if_stage_i.fetch_rdata[11] (31,24) -> (8,29)
Info:                          Sink u_ibex_core.if_stage_i.illegal_c_insn_PFUMX_Z_C0_LUT4_Z_D_LUT4_Z_D_LUT4_C_Z_LUT4_Z_1_D_LUT4_Z_D_LUT4_C_D_LUT4_D_Z_LUT4_Z_1_D_LUT4_C_Z_LUT4_C_Z_LUT4_Z_C_LUT4_Z_A_LUT4_Z_C_LUT4_D.C
Info:                          Defined in:
Info:                               /opt/homebrew/bin/../share/yosys/lattice/cells_map_trellis.v:108.23-108.24
Info:      logic  0.24  28.89 Source u_ibex_core.if_stage_i.illegal_c_insn_PFUMX_Z_C0_LUT4_Z_D_LUT4_Z_D_LUT4_C_Z_LUT4_Z_1_D_LUT4_Z_D_LUT4_C_D_LUT4_D_Z_LUT4_Z_1_D_LUT4_C_Z_LUT4_C_Z_LUT4_Z_C_LUT4_Z_A_LUT4_Z_C_LUT4_D.F
Info:    routing  1.23  30.11 Net u_ibex_core.if_stage_i.illegal_c_insn_PFUMX_Z_C0_LUT4_Z_D_LUT4_Z_D_LUT4_C_Z_LUT4_Z_1_C_LUT4_D_Z_LUT4_Z_D[2] (8,29) -> (3,26)
Info:                          Sink u_ibex_core.if_stage_i.illegal_c_insn_PFUMX_Z_C0_LUT4_Z_D_LUT4_Z_D_LUT4_C_Z_LUT4_Z_1_A_LUT4_B_Z_LUT4_D_2_Z_L6MUX21_Z_D1_PFUMX_Z_BLUT_LUT4_Z.M
Info:                          Defined in:
Info:                               /opt/homebrew/bin/../share/yosys/lattice/cells_map_trellis.v:108.23-108.24
Info:      logic  0.26  30.37 Source u_ibex_core.if_stage_i.illegal_c_insn_PFUMX_Z_C0_LUT4_Z_D_LUT4_Z_D_LUT4_C_Z_LUT4_Z_1_A_LUT4_B_Z_LUT4_D_2_Z_L6MUX21_Z_D1_PFUMX_Z_BLUT_LUT4_Z.OFX
Info:    routing  0.00  30.37 Net u_ibex_core.if_stage_i.illegal_c_insn_PFUMX_Z_C0_LUT4_Z_D_LUT4_Z_D_LUT4_C_Z_LUT4_Z_1_A_LUT4_B_Z_LUT4_D_2_Z_L6MUX21_Z_D1 (3,26) -> (3,26)
Info:                          Sink u_ibex_core.if_stage_i.illegal_c_insn_PFUMX_Z_C0_LUT4_Z_D_LUT4_Z_D_LUT4_C_Z_LUT4_Z_1_A_LUT4_B_Z_LUT4_D_2_Z_L6MUX21_Z_D1_PFUMX_Z_ALUT_LUT4_Z.FXB
Info:                          Defined in:
Info:                               /opt/homebrew/bin/../share/yosys/lattice/cells_map_trellis.v:141.38-141.40
Info:      logic  0.24  30.61 Source u_ibex_core.if_stage_i.illegal_c_insn_PFUMX_Z_C0_LUT4_Z_D_LUT4_Z_D_LUT4_C_Z_LUT4_Z_1_A_LUT4_B_Z_LUT4_D_2_Z_L6MUX21_Z_D1_PFUMX_Z_ALUT_LUT4_Z.OFX
Info:    routing  1.29  31.90 Net u_ibex_core.if_stage_i.illegal_c_insn_PFUMX_Z_C0_LUT4_Z_D_LUT4_Z_D_LUT4_C_Z_LUT4_Z_1_A_LUT4_B_Z_LUT4_D_2_Z[3] (3,26) -> (15,23)
Info:                          Sink u_ibex_core.if_stage_i.icache.output_stage.nonheld_rdata_LUT4_Z_6_D_LUT4_D_Z_LUT4_Z.D
Info:                          Defined in:
Info:                               /opt/homebrew/bin/../share/yosys/lattice/cells_map_trellis.v:108.23-108.24
Info:      logic  0.24  32.14 Source u_ibex_core.if_stage_i.icache.output_stage.nonheld_rdata_LUT4_Z_6_D_LUT4_D_Z_LUT4_Z.F
Info:    routing  0.66  32.80 Net u_ibex_core.if_stage_i.illegal_c_insn_PFUMX_Z_C0[2] (15,23) -> (15,23)
Info:                          Sink u_ibex_core.if_stage_i.illegal_c_insn_PFUMX_Z_C0_LUT4_Z_D_LUT4_Z_D_LUT4_C_Z_LUT4_Z_1_D_LUT4_Z_D_LUT4_B_Z_LUT4_D_Z_LUT4_Z_1.D
Info:                          Defined in:
Info:                               /opt/homebrew/bin/../share/yosys/lattice/cells_map_trellis.v:108.23-108.24
Info:      logic  0.24  33.03 Source u_ibex_core.if_stage_i.illegal_c_insn_PFUMX_Z_C0_LUT4_Z_D_LUT4_Z_D_LUT4_C_Z_LUT4_Z_1_D_LUT4_Z_D_LUT4_B_Z_LUT4_D_Z_LUT4_Z_1.F
Info:    routing  0.92  33.96 Net u_ibex_core.if_stage_i.illegal_c_insn_PFUMX_Z_C0_LUT4_Z_D_LUT4_Z_D_LUT4_C_Z_LUT4_Z_1_D_LUT4_Z_D_LUT4_B_Z_LUT4_D_Z[5] (15,23) -> (11,23)
Info:                          Sink u_ibex_core.if_stage_i.instr_decompressed_L6MUX21_Z_6_D1_PFUMX_Z_ALUT_LUT4_Z.M
Info:                          Defined in:
Info:                               /opt/homebrew/bin/../share/yosys/lattice/cells_map_trellis.v:108.23-108.24
Info:      logic  0.26  34.21 Source u_ibex_core.if_stage_i.instr_decompressed_L6MUX21_Z_6_D1_PFUMX_Z_ALUT_LUT4_Z.OFX
Info:    routing  1.64  35.85 Net u_ibex_core.if_stage_i.instr_decompressed[17] (11,23) -> (16,33)
Info:                          Sink u_ibex_core.if_stage_i.instr_rdata_alu_id_o_TRELLIS_FF_Q_16.M
Info:                          Defined in:
Info:                               ${REPO_ROOT}/flow/out/arch/ibex_top.v:14018.14-14018.32
Info:      setup  0.00  35.85 Source u_ibex_core.if_stage_i.instr_rdata_alu_id_o_TRELLIS_FF_Q_16.M
Info: 11.20 ns logic, 24.66 ns routing

Warning: Max frequency for clock 'clk_i': 27.89 MHz (FAIL at 50.00 MHz)

Info: Slack histogram:
Info:  legend: * represents 25 endpoint(s)
Info:          + represents [1,25) endpoint(s)
Info: [-15855, -14109) |*+
Info: [-14109, -12363) |****+
Info: [-12363, -10617) |**********************+
Info: [-10617,  -8871) |************************+
Info: [ -8871,  -7125) |*******************************************************+
Info: [ -7125,  -5379) |************************************************************ 
Info: [ -5379,  -3633) |****+
Info: [ -3633,  -1887) |*************+
Info: [ -1887,   -141) |**************+
Info: [  -141,   1605) |****** 
Info: [  1605,   3351) |*********************+
Info: [  3351,   5097) |*************************+
Info: [  5097,   6843) |*******+
Info: [  6843,   8589) |*+
Info: [  8589,  10335) |*+
Info: [ 10335,  12081) |+
Info: [ 12081,  13827) |+
Info: [ 13827,  15573) |+
Info: [ 15573,  17319) |*****+
Info: [ 17319,  19065) |****+
788 warnings, 0 errors

Info: Program finished normally.
