Info: constraining clock net 'clk_i' to 50.00 MHz
Warning: IO 'test_en_i' is unconstrained in LPF and will be automatically placed
Warning: IO 'scramble_req_o' is unconstrained in LPF and will be automatically placed
Warning: IO 'scramble_nonce_i[63]' is unconstrained in LPF and will be automatically placed
Warning: IO 'scramble_nonce_i[62]' is unconstrained in LPF and will be automatically placed
Warning: IO 'scramble_nonce_i[61]' is unconstrained in LPF and will be automatically placed
Warning: IO 'scramble_nonce_i[60]' is unconstrained in LPF and will be automatically placed
Warning: IO 'scramble_nonce_i[59]' is unconstrained in LPF and will be automatically placed
Warning: IO 'scramble_nonce_i[58]' is unconstrained in LPF and will be automatically placed
Warning: IO 'scramble_nonce_i[57]' is unconstrained in LPF and will be automatically placed
Warning: IO 'scramble_nonce_i[56]' is unconstrained in LPF and will be automatically placed
Warning: IO 'scramble_nonce_i[55]' is unconstrained in LPF and will be automatically placed
Warning: IO 'scramble_nonce_i[54]' is unconstrained in LPF and will be automatically placed
Warning: IO 'scramble_nonce_i[53]' is unconstrained in LPF and will be automatically placed
Warning: IO 'scramble_nonce_i[52]' is unconstrained in LPF and will be automatically placed
Warning: IO 'scramble_nonce_i[51]' is unconstrained in LPF and will be automatically placed
Warning: IO 'scramble_nonce_i[50]' is unconstrained in LPF and will be automatically placed
Warning: IO 'scramble_nonce_i[49]' is unconstrained in LPF and will be automatically placed
Warning: IO 'scramble_nonce_i[48]' is unconstrained in LPF and will be automatically placed
Warning: IO 'scramble_nonce_i[47]' is unconstrained in LPF and will be automatically placed
Warning: IO 'scramble_nonce_i[46]' is unconstrained in LPF and will be automatically placed
Warning: IO 'scramble_nonce_i[45]' is unconstrained in LPF and will be automatically placed
Warning: IO 'scramble_nonce_i[44]' is unconstrained in LPF and will be automatically placed
Warning: IO 'scramble_nonce_i[43]' is unconstrained in LPF and will be automatically placed
Warning: IO 'scramble_nonce_i[42]' is unconstrained in LPF and will be automatically placed
Warning: IO 'scramble_nonce_i[41]' is unconstrained in LPF and will be automatically placed
Warning: IO 'scramble_nonce_i[40]' is unconstrained in LPF and will be automatically placed
Warning: IO 'scramble_nonce_i[39]' is unconstrained in LPF and will be automatically placed
Warning: IO 'scramble_nonce_i[38]' is unconstrained in LPF and will be automatically placed
Warning: IO 'scramble_nonce_i[37]' is unconstrained in LPF and will be automatically placed
Warning: IO 'scramble_nonce_i[36]' is unconstrained in LPF and will be automatically placed
Warning: IO 'scramble_nonce_i[35]' is unconstrained in LPF and will be automatically placed
Warning: IO 'scramble_nonce_i[34]' is unconstrained in LPF and will be automatically placed
Warning: IO 'scramble_nonce_i[33]' is unconstrained in LPF and will be automatically placed
Warning: IO 'scramble_nonce_i[32]' is unconstrained in LPF and will be automatically placed
Warning: IO 'scramble_nonce_i[31]' is unconstrained in LPF and will be automatically placed
Warning: IO 'scramble_nonce_i[30]' is unconstrained in LPF and will be automatically placed
Warning: IO 'scramble_nonce_i[29]' is unconstrained in LPF and will be automatically placed
Warning: IO 'scramble_nonce_i[28]' is unconstrained in LPF and will be automatically placed
Warning: IO 'scramble_nonce_i[27]' is unconstrained in LPF and will be automatically placed
Warning: IO 'scramble_nonce_i[26]' is unconstrained in LPF and will be automatically placed
Warning: IO 'scramble_nonce_i[25]' is unconstrained in LPF and will be automatically placed
Warning: IO 'scramble_nonce_i[24]' is unconstrained in LPF and will be automatically placed
Warning: IO 'scramble_nonce_i[23]' is unconstrained in LPF and will be automatically placed
Warning: IO 'scramble_nonce_i[22]' is unconstrained in LPF and will be automatically placed
Warning: IO 'scramble_nonce_i[21]' is unconstrained in LPF and will be automatically placed
Warning: IO 'scramble_nonce_i[20]' is unconstrained in LPF and will be automatically placed
Warning: IO 'scramble_nonce_i[19]' is unconstrained in LPF and will be automatically placed
Warning: IO 'scramble_nonce_i[18]' is unconstrained in LPF and will be automatically placed
Warning: IO 'scramble_nonce_i[17]' is unconstrained in LPF and will be automatically placed
Warning: IO 'scramble_nonce_i[16]' is unconstrained in LPF and will be automatically placed
Warning: IO 'scramble_nonce_i[15]' is unconstrained in LPF and will be automatically placed
Warning: IO 'scramble_nonce_i[14]' is unconstrained in LPF and will be automatically placed
Warning: IO 'scramble_nonce_i[13]' is unconstrained in LPF and will be automatically placed
Warning: IO 'scramble_nonce_i[12]' is unconstrained in LPF and will be automatically placed
Warning: IO 'scramble_nonce_i[11]' is unconstrained in LPF and will be automatically placed
Warning: IO 'scramble_nonce_i[10]' is unconstrained in LPF and will be automatically placed
Warning: IO 'scramble_nonce_i[9]' is unconstrained in LPF and will be automatically placed
Warning: IO 'scramble_nonce_i[8]' is unconstrained in LPF and will be automatically placed
Warning: IO 'scramble_nonce_i[7]' is unconstrained in LPF and will be automatically placed
Warning: IO 'scramble_nonce_i[6]' is unconstrained in LPF and will be automatically placed
Warning: IO 'scramble_nonce_i[5]' is unconstrained in LPF and will be automatically placed
Warning: IO 'scramble_nonce_i[4]' is unconstrained in LPF and will be automatically placed
Warning: IO 'scramble_nonce_i[3]' is unconstrained in LPF and will be automatically placed
Warning: IO 'scramble_nonce_i[2]' is unconstrained in LPF and will be automatically placed
Warning: IO 'scramble_nonce_i[1]' is unconstrained in LPF and will be automatically placed
Warning: IO 'scramble_nonce_i[0]' is unconstrained in LPF and will be automatically placed
Warning: IO 'scramble_key_valid_i' is unconstrained in LPF and will be automatically placed
Warning: IO 'scramble_key_i[127]' is unconstrained in LPF and will be automatically placed
Warning: IO 'scramble_key_i[126]' is unconstrained in LPF and will be automatically placed
Warning: IO 'scramble_key_i[125]' is unconstrained in LPF and will be automatically placed
Warning: IO 'scramble_key_i[124]' is unconstrained in LPF and will be automatically placed
Warning: IO 'scramble_key_i[123]' is unconstrained in LPF and will be automatically placed
Warning: IO 'scramble_key_i[122]' is unconstrained in LPF and will be automatically placed
Warning: IO 'scramble_key_i[121]' is unconstrained in LPF and will be automatically placed
Warning: IO 'scramble_key_i[120]' is unconstrained in LPF and will be automatically placed
Warning: IO 'scramble_key_i[119]' is unconstrained in LPF and will be automatically placed
Warning: IO 'scramble_key_i[118]' is unconstrained in LPF and will be automatically placed
Warning: IO 'scramble_key_i[117]' is unconstrained in LPF and will be automatically placed
Warning: IO 'scramble_key_i[116]' is unconstrained in LPF and will be automatically placed
Warning: IO 'scramble_key_i[115]' is unconstrained in LPF and will be automatically placed
Warning: IO 'scramble_key_i[114]' is unconstrained in LPF and will be automatically placed
Warning: IO 'scramble_key_i[113]' is unconstrained in LPF and will be automatically placed
Warning: IO 'scramble_key_i[112]' is unconstrained in LPF and will be automatically placed
Warning: IO 'scramble_key_i[111]' is unconstrained in LPF and will be automatically placed
Warning: IO 'scramble_key_i[110]' is unconstrained in LPF and will be automatically placed
Warning: IO 'scramble_key_i[109]' is unconstrained in LPF and will be automatically placed
Warning: IO 'scramble_key_i[108]' is unconstrained in LPF and will be automatically placed
Warning: IO 'scramble_key_i[107]' is unconstrained in LPF and will be automatically placed
Warning: IO 'scramble_key_i[106]' is unconstrained in LPF and will be automatically placed
Warning: IO 'scramble_key_i[105]' is unconstrained in LPF and will be automatically placed
Warning: IO 'scramble_key_i[104]' is unconstrained in LPF and will be automatically placed
Warning: IO 'scramble_key_i[103]' is unconstrained in LPF and will be automatically placed
Warning: IO 'scramble_key_i[102]' is unconstrained in LPF and will be automatically placed
Warning: IO 'scramble_key_i[101]' is unconstrained in LPF and will be automatically placed
Warning: IO 'scramble_key_i[100]' is unconstrained in LPF and will be automatically placed
Warning: IO 'scramble_key_i[99]' is unconstrained in LPF and will be automatically placed
Warning: IO 'scramble_key_i[98]' is unconstrained in LPF and will be automatically placed
Warning: IO 'scramble_key_i[97]' is unconstrained in LPF and will be automatically placed
Warning: IO 'scramble_key_i[96]' is unconstrained in LPF and will be automatically placed
Warning: IO 'scramble_key_i[95]' is unconstrained in LPF and will be automatically placed
Warning: IO 'scramble_key_i[94]' is unconstrained in LPF and will be automatically placed
Warning: IO 'scramble_key_i[93]' is unconstrained in LPF and will be automatically placed
Warning: IO 'scramble_key_i[92]' is unconstrained in LPF and will be automatically placed
Warning: IO 'scramble_key_i[91]' is unconstrained in LPF and will be automatically placed
Warning: IO 'scramble_key_i[90]' is unconstrained in LPF and will be automatically placed
Warning: IO 'scramble_key_i[89]' is unconstrained in LPF and will be automatically placed
Warning: IO 'scramble_key_i[88]' is unconstrained in LPF and will be automatically placed
Warning: IO 'scramble_key_i[87]' is unconstrained in LPF and will be automatically placed
Warning: IO 'scramble_key_i[86]' is unconstrained in LPF and will be automatically placed
Warning: IO 'scramble_key_i[85]' is unconstrained in LPF and will be automatically placed
Warning: IO 'scramble_key_i[84]' is unconstrained in LPF and will be automatically placed
Warning: IO 'scramble_key_i[83]' is unconstrained in LPF and will be automatically placed
Warning: IO 'scramble_key_i[82]' is unconstrained in LPF and will be automatically placed
Warning: IO 'scramble_key_i[81]' is unconstrained in LPF and will be automatically placed
Warning: IO 'scramble_key_i[80]' is unconstrained in LPF and will be automatically placed
Warning: IO 'scramble_key_i[79]' is unconstrained in LPF and will be automatically placed
Warning: IO 'scramble_key_i[78]' is unconstrained in LPF and will be automatically placed
Warning: IO 'scramble_key_i[77]' is unconstrained in LPF and will be automatically placed
Warning: IO 'scramble_key_i[76]' is unconstrained in LPF and will be automatically placed
Warning: IO 'scramble_key_i[75]' is unconstrained in LPF and will be automatically placed
Warning: IO 'scramble_key_i[74]' is unconstrained in LPF and will be automatically placed
Warning: IO 'scramble_key_i[73]' is unconstrained in LPF and will be automatically placed
Warning: IO 'scramble_key_i[72]' is unconstrained in LPF and will be automatically placed
Warning: IO 'scramble_key_i[71]' is unconstrained in LPF and will be automatically placed
Warning: IO 'scramble_key_i[70]' is unconstrained in LPF and will be automatically placed
Warning: IO 'scramble_key_i[69]' is unconstrained in LPF and will be automatically placed
Warning: IO 'scramble_key_i[68]' is unconstrained in LPF and will be automatically placed
Warning: IO 'scramble_key_i[67]' is unconstrained in LPF and will be automatically placed
Warning: IO 'scramble_key_i[66]' is unconstrained in LPF and will be automatically placed
Warning: IO 'scramble_key_i[65]' is unconstrained in LPF and will be automatically placed
Warning: IO 'scramble_key_i[64]' is unconstrained in LPF and will be automatically placed
Warning: IO 'scramble_key_i[63]' is unconstrained in LPF and will be automatically placed
Warning: IO 'scramble_key_i[62]' is unconstrained in LPF and will be automatically placed
Warning: IO 'scramble_key_i[61]' is unconstrained in LPF and will be automatically placed
Warning: IO 'scramble_key_i[60]' is unconstrained in LPF and will be automatically placed
Warning: IO 'scramble_key_i[59]' is unconstrained in LPF and will be automatically placed
Warning: IO 'scramble_key_i[58]' is unconstrained in LPF and will be automatically placed
Warning: IO 'scramble_key_i[57]' is unconstrained in LPF and will be automatically placed
Warning: IO 'scramble_key_i[56]' is unconstrained in LPF and will be automatically placed
Warning: IO 'scramble_key_i[55]' is unconstrained in LPF and will be automatically placed
Warning: IO 'scramble_key_i[54]' is unconstrained in LPF and will be automatically placed
Warning: IO 'scramble_key_i[53]' is unconstrained in LPF and will be automatically placed
Warning: IO 'scramble_key_i[52]' is unconstrained in LPF and will be automatically placed
Warning: IO 'scramble_key_i[51]' is unconstrained in LPF and will be automatically placed
Warning: IO 'scramble_key_i[50]' is unconstrained in LPF and will be automatically placed
Warning: IO 'scramble_key_i[49]' is unconstrained in LPF and will be automatically placed
Warning: IO 'scramble_key_i[48]' is unconstrained in LPF and will be automatically placed
Warning: IO 'scramble_key_i[47]' is unconstrained in LPF and will be automatically placed
Warning: IO 'scramble_key_i[46]' is unconstrained in LPF and will be automatically placed
Warning: IO 'scramble_key_i[45]' is unconstrained in LPF and will be automatically placed
Warning: IO 'scramble_key_i[44]' is unconstrained in LPF and will be automatically placed
Warning: IO 'scramble_key_i[43]' is unconstrained in LPF and will be automatically placed
Warning: IO 'scramble_key_i[42]' is unconstrained in LPF and will be automatically placed
Warning: IO 'scramble_key_i[41]' is unconstrained in LPF and will be automatically placed
Warning: IO 'scramble_key_i[40]' is unconstrained in LPF and will be automatically placed
Warning: IO 'scramble_key_i[39]' is unconstrained in LPF and will be automatically placed
Warning: IO 'scramble_key_i[38]' is unconstrained in LPF and will be automatically placed
Warning: IO 'scramble_key_i[37]' is unconstrained in LPF and will be automatically placed
Warning: IO 'scramble_key_i[36]' is unconstrained in LPF and will be automatically placed
Warning: IO 'scramble_key_i[35]' is unconstrained in LPF and will be automatically placed
Warning: IO 'scramble_key_i[34]' is unconstrained in LPF and will be automatically placed
Warning: IO 'scramble_key_i[33]' is unconstrained in LPF and will be automatically placed
Warning: IO 'scramble_key_i[32]' is unconstrained in LPF and will be automatically placed
Warning: IO 'scramble_key_i[31]' is unconstrained in LPF and will be automatically placed
Warning: IO 'scramble_key_i[30]' is unconstrained in LPF and will be automatically placed
Warning: IO 'scramble_key_i[29]' is unconstrained in LPF and will be automatically placed
Warning: IO 'scramble_key_i[28]' is unconstrained in LPF and will be automatically placed
Warning: IO 'scramble_key_i[27]' is unconstrained in LPF and will be automatically placed
Warning: IO 'scramble_key_i[26]' is unconstrained in LPF and will be automatically placed
Warning: IO 'scramble_key_i[25]' is unconstrained in LPF and will be automatically placed
Warning: IO 'scramble_key_i[24]' is unconstrained in LPF and will be automatically placed
Warning: IO 'scramble_key_i[23]' is unconstrained in LPF and will be automatically placed
Warning: IO 'scramble_key_i[22]' is unconstrained in LPF and will be automatically placed
Warning: IO 'scramble_key_i[21]' is unconstrained in LPF and will be automatically placed
Warning: IO 'scramble_key_i[20]' is unconstrained in LPF and will be automatically placed
Warning: IO 'scramble_key_i[19]' is unconstrained in LPF and will be automatically placed
Warning: IO 'scramble_key_i[18]' is unconstrained in LPF and will be automatically placed
Warning: IO 'scramble_key_i[17]' is unconstrained in LPF and will be automatically placed
Warning: IO 'scramble_key_i[16]' is unconstrained in LPF and will be automatically placed
Warning: IO 'scramble_key_i[15]' is unconstrained in LPF and will be automatically placed
Warning: IO 'scramble_key_i[14]' is unconstrained in LPF and will be automatically placed
Warning: IO 'scramble_key_i[13]' is unconstrained in LPF and will be automatically placed
Warning: IO 'scramble_key_i[12]' is unconstrained in LPF and will be automatically placed
Warning: IO 'scramble_key_i[11]' is unconstrained in LPF and will be automatically placed
Warning: IO 'scramble_key_i[10]' is unconstrained in LPF and will be automatically placed
Warning: IO 'scramble_key_i[9]' is unconstrained in LPF and will be automatically placed
Warning: IO 'scramble_key_i[8]' is unconstrained in LPF and will be automatically placed
Warning: IO 'scramble_key_i[7]' is unconstrained in LPF and will be automatically placed
Warning: IO 'scramble_key_i[6]' is unconstrained in LPF and will be automatically placed
Warning: IO 'scramble_key_i[5]' is unconstrained in LPF and will be automatically placed
Warning: IO 'scramble_key_i[4]' is unconstrained in LPF and will be automatically placed
Warning: IO 'scramble_key_i[3]' is unconstrained in LPF and will be automatically placed
Warning: IO 'scramble_key_i[2]' is unconstrained in LPF and will be automatically placed
Warning: IO 'scramble_key_i[1]' is unconstrained in LPF and will be automatically placed
Warning: IO 'scramble_key_i[0]' is unconstrained in LPF and will be automatically placed
Warning: IO 'scan_rst_ni' is unconstrained in LPF and will be automatically placed
Warning: IO 'rst_ni' is unconstrained in LPF and will be automatically placed
Warning: IO 'ram_cfg_rsp_icache_tag_o[1]' is unconstrained in LPF and will be automatically placed
Warning: IO 'ram_cfg_rsp_icache_tag_o[0]' is unconstrained in LPF and will be automatically placed
Warning: IO 'ram_cfg_rsp_icache_data_o[1]' is unconstrained in LPF and will be automatically placed
Warning: IO 'ram_cfg_rsp_icache_data_o[0]' is unconstrained in LPF and will be automatically placed
Warning: IO 'ram_cfg_icache_tag_i[11]' is unconstrained in LPF and will be automatically placed
Warning: IO 'ram_cfg_icache_tag_i[10]' is unconstrained in LPF and will be automatically placed
Warning: IO 'ram_cfg_icache_tag_i[9]' is unconstrained in LPF and will be automatically placed
Warning: IO 'ram_cfg_icache_tag_i[8]' is unconstrained in LPF and will be automatically placed
Warning: IO 'ram_cfg_icache_tag_i[7]' is unconstrained in LPF and will be automatically placed
Warning: IO 'ram_cfg_icache_tag_i[6]' is unconstrained in LPF and will be automatically placed
Warning: IO 'ram_cfg_icache_tag_i[5]' is unconstrained in LPF and will be automatically placed
Warning: IO 'ram_cfg_icache_tag_i[4]' is unconstrained in LPF and will be automatically placed
Warning: IO 'ram_cfg_icache_tag_i[3]' is unconstrained in LPF and will be automatically placed
Warning: IO 'ram_cfg_icache_tag_i[2]' is unconstrained in LPF and will be automatically placed
Warning: IO 'ram_cfg_icache_tag_i[1]' is unconstrained in LPF and will be automatically placed
Warning: IO 'ram_cfg_icache_tag_i[0]' is unconstrained in LPF and will be automatically placed
Warning: IO 'ram_cfg_icache_data_i[11]' is unconstrained in LPF and will be automatically placed
Warning: IO 'ram_cfg_icache_data_i[10]' is unconstrained in LPF and will be automatically placed
Warning: IO 'ram_cfg_icache_data_i[9]' is unconstrained in LPF and will be automatically placed
Warning: IO 'ram_cfg_icache_data_i[8]' is unconstrained in LPF and will be automatically placed
Warning: IO 'ram_cfg_icache_data_i[7]' is unconstrained in LPF and will be automatically placed
Warning: IO 'ram_cfg_icache_data_i[6]' is unconstrained in LPF and will be automatically placed
Warning: IO 'ram_cfg_icache_data_i[5]' is unconstrained in LPF and will be automatically placed
Warning: IO 'ram_cfg_icache_data_i[4]' is unconstrained in LPF and will be automatically placed
Warning: IO 'ram_cfg_icache_data_i[3]' is unconstrained in LPF and will be automatically placed
Warning: IO 'ram_cfg_icache_data_i[2]' is unconstrained in LPF and will be automatically placed
Warning: IO 'ram_cfg_icache_data_i[1]' is unconstrained in LPF and will be automatically placed
Warning: IO 'ram_cfg_icache_data_i[0]' is unconstrained in LPF and will be automatically placed
Warning: IO 'lockstep_cmp_en_o[3]' is unconstrained in LPF and will be automatically placed
Warning: IO 'lockstep_cmp_en_o[2]' is unconstrained in LPF and will be automatically placed
Warning: IO 'lockstep_cmp_en_o[1]' is unconstrained in LPF and will be automatically placed
Warning: IO 'lockstep_cmp_en_o[0]' is unconstrained in LPF and will be automatically placed
Warning: IO 'irq_timer_i' is unconstrained in LPF and will be automatically placed
Warning: IO 'irq_software_i' is unconstrained in LPF and will be automatically placed
Warning: IO 'irq_nm_i' is unconstrained in LPF and will be automatically placed
Warning: IO 'irq_fast_i[14]' is unconstrained in LPF and will be automatically placed
Warning: IO 'irq_fast_i[13]' is unconstrained in LPF and will be automatically placed
Warning: IO 'irq_fast_i[12]' is unconstrained in LPF and will be automatically placed
Warning: IO 'irq_fast_i[11]' is unconstrained in LPF and will be automatically placed
Warning: IO 'irq_fast_i[10]' is unconstrained in LPF and will be automatically placed
Warning: IO 'irq_fast_i[9]' is unconstrained in LPF and will be automatically placed
Warning: IO 'irq_fast_i[8]' is unconstrained in LPF and will be automatically placed
Warning: IO 'irq_fast_i[7]' is unconstrained in LPF and will be automatically placed
Warning: IO 'irq_fast_i[6]' is unconstrained in LPF and will be automatically placed
Warning: IO 'irq_fast_i[5]' is unconstrained in LPF and will be automatically placed
Warning: IO 'irq_fast_i[4]' is unconstrained in LPF and will be automatically placed
Warning: IO 'irq_fast_i[3]' is unconstrained in LPF and will be automatically placed
Warning: IO 'irq_fast_i[2]' is unconstrained in LPF and will be automatically placed
Warning: IO 'irq_fast_i[1]' is unconstrained in LPF and will be automatically placed
Warning: IO 'irq_fast_i[0]' is unconstrained in LPF and will be automatically placed
Warning: IO 'irq_external_i' is unconstrained in LPF and will be automatically placed
Warning: IO 'instr_rvalid_i' is unconstrained in LPF and will be automatically placed
Warning: IO 'instr_req_shadow_o' is unconstrained in LPF and will be automatically placed
Warning: IO 'instr_req_o' is unconstrained in LPF and will be automatically placed
Warning: IO 'instr_rdata_intg_i[6]' is unconstrained in LPF and will be automatically placed
Warning: IO 'instr_rdata_intg_i[5]' is unconstrained in LPF and will be automatically placed
Warning: IO 'instr_rdata_intg_i[4]' is unconstrained in LPF and will be automatically placed
Warning: IO 'instr_rdata_intg_i[3]' is unconstrained in LPF and will be automatically placed
Warning: IO 'instr_rdata_intg_i[2]' is unconstrained in LPF and will be automatically placed
Warning: IO 'instr_rdata_intg_i[1]' is unconstrained in LPF and will be automatically placed
Warning: IO 'instr_rdata_intg_i[0]' is unconstrained in LPF and will be automatically placed
Warning: IO 'instr_rdata_i[31]' is unconstrained in LPF and will be automatically placed
Warning: IO 'instr_rdata_i[30]' is unconstrained in LPF and will be automatically placed
Warning: IO 'instr_rdata_i[29]' is unconstrained in LPF and will be automatically placed
Warning: IO 'instr_rdata_i[28]' is unconstrained in LPF and will be automatically placed
Warning: IO 'instr_rdata_i[27]' is unconstrained in LPF and will be automatically placed
Warning: IO 'instr_rdata_i[26]' is unconstrained in LPF and will be automatically placed
Warning: IO 'instr_rdata_i[25]' is unconstrained in LPF and will be automatically placed
Warning: IO 'instr_rdata_i[24]' is unconstrained in LPF and will be automatically placed
Warning: IO 'instr_rdata_i[23]' is unconstrained in LPF and will be automatically placed
Warning: IO 'instr_rdata_i[22]' is unconstrained in LPF and will be automatically placed
Warning: IO 'instr_rdata_i[21]' is unconstrained in LPF and will be automatically placed
Warning: IO 'instr_rdata_i[20]' is unconstrained in LPF and will be automatically placed
Warning: IO 'instr_rdata_i[19]' is unconstrained in LPF and will be automatically placed
Warning: IO 'instr_rdata_i[18]' is unconstrained in LPF and will be automatically placed
Warning: IO 'instr_rdata_i[17]' is unconstrained in LPF and will be automatically placed
Warning: IO 'instr_rdata_i[16]' is unconstrained in LPF and will be automatically placed
Warning: IO 'instr_rdata_i[15]' is unconstrained in LPF and will be automatically placed
Warning: IO 'instr_rdata_i[14]' is unconstrained in LPF and will be automatically placed
Warning: IO 'instr_rdata_i[13]' is unconstrained in LPF and will be automatically placed
Warning: IO 'instr_rdata_i[12]' is unconstrained in LPF and will be automatically placed
Warning: IO 'instr_rdata_i[11]' is unconstrained in LPF and will be automatically placed
Warning: IO 'instr_rdata_i[10]' is unconstrained in LPF and will be automatically placed
Warning: IO 'instr_rdata_i[9]' is unconstrained in LPF and will be automatically placed
Warning: IO 'instr_rdata_i[8]' is unconstrained in LPF and will be automatically placed
Warning: IO 'instr_rdata_i[7]' is unconstrained in LPF and will be automatically placed
Warning: IO 'instr_rdata_i[6]' is unconstrained in LPF and will be automatically placed
Warning: IO 'instr_rdata_i[5]' is unconstrained in LPF and will be automatically placed
Warning: IO 'instr_rdata_i[4]' is unconstrained in LPF and will be automatically placed
Warning: IO 'instr_rdata_i[3]' is unconstrained in LPF and will be automatically placed
Warning: IO 'instr_rdata_i[2]' is unconstrained in LPF and will be automatically placed
Warning: IO 'instr_rdata_i[1]' is unconstrained in LPF and will be automatically placed
Warning: IO 'instr_rdata_i[0]' is unconstrained in LPF and will be automatically placed
Warning: IO 'instr_gnt_i' is unconstrained in LPF and will be automatically placed
Warning: IO 'instr_err_i' is unconstrained in LPF and will be automatically placed
Warning: IO 'instr_addr_shadow_o[31]' is unconstrained in LPF and will be automatically placed
Warning: IO 'instr_addr_shadow_o[30]' is unconstrained in LPF and will be automatically placed
Warning: IO 'instr_addr_shadow_o[29]' is unconstrained in LPF and will be automatically placed
Warning: IO 'instr_addr_shadow_o[28]' is unconstrained in LPF and will be automatically placed
Warning: IO 'instr_addr_shadow_o[27]' is unconstrained in LPF and will be automatically placed
Warning: IO 'instr_addr_shadow_o[26]' is unconstrained in LPF and will be automatically placed
Warning: IO 'instr_addr_shadow_o[25]' is unconstrained in LPF and will be automatically placed
Warning: IO 'instr_addr_shadow_o[24]' is unconstrained in LPF and will be automatically placed
Warning: IO 'instr_addr_shadow_o[23]' is unconstrained in LPF and will be automatically placed
Warning: IO 'instr_addr_shadow_o[22]' is unconstrained in LPF and will be automatically placed
Warning: IO 'instr_addr_shadow_o[21]' is unconstrained in LPF and will be automatically placed
Warning: IO 'instr_addr_shadow_o[20]' is unconstrained in LPF and will be automatically placed
Warning: IO 'instr_addr_shadow_o[19]' is unconstrained in LPF and will be automatically placed
Warning: IO 'instr_addr_shadow_o[18]' is unconstrained in LPF and will be automatically placed
Warning: IO 'instr_addr_shadow_o[17]' is unconstrained in LPF and will be automatically placed
Warning: IO 'instr_addr_shadow_o[16]' is unconstrained in LPF and will be automatically placed
Warning: IO 'instr_addr_shadow_o[15]' is unconstrained in LPF and will be automatically placed
Warning: IO 'instr_addr_shadow_o[14]' is unconstrained in LPF and will be automatically placed
Warning: IO 'instr_addr_shadow_o[13]' is unconstrained in LPF and will be automatically placed
Warning: IO 'instr_addr_shadow_o[12]' is unconstrained in LPF and will be automatically placed
Warning: IO 'instr_addr_shadow_o[11]' is unconstrained in LPF and will be automatically placed
Warning: IO 'instr_addr_shadow_o[10]' is unconstrained in LPF and will be automatically placed
Warning: IO 'instr_addr_shadow_o[9]' is unconstrained in LPF and will be automatically placed
Warning: IO 'instr_addr_shadow_o[8]' is unconstrained in LPF and will be automatically placed
Warning: IO 'instr_addr_shadow_o[7]' is unconstrained in LPF and will be automatically placed
Warning: IO 'instr_addr_shadow_o[6]' is unconstrained in LPF and will be automatically placed
Warning: IO 'instr_addr_shadow_o[5]' is unconstrained in LPF and will be automatically placed
Warning: IO 'instr_addr_shadow_o[4]' is unconstrained in LPF and will be automatically placed
Warning: IO 'instr_addr_shadow_o[3]' is unconstrained in LPF and will be automatically placed
Warning: IO 'instr_addr_shadow_o[2]' is unconstrained in LPF and will be automatically placed
Warning: IO 'instr_addr_shadow_o[1]' is unconstrained in LPF and will be automatically placed
Warning: IO 'instr_addr_shadow_o[0]' is unconstrained in LPF and will be automatically placed
Warning: IO 'instr_addr_o[31]' is unconstrained in LPF and will be automatically placed
Warning: IO 'instr_addr_o[30]' is unconstrained in LPF and will be automatically placed
Warning: IO 'instr_addr_o[29]' is unconstrained in LPF and will be automatically placed
Warning: IO 'instr_addr_o[28]' is unconstrained in LPF and will be automatically placed
Warning: IO 'instr_addr_o[27]' is unconstrained in LPF and will be automatically placed
Warning: IO 'instr_addr_o[26]' is unconstrained in LPF and will be automatically placed
Warning: IO 'instr_addr_o[25]' is unconstrained in LPF and will be automatically placed
Warning: IO 'instr_addr_o[24]' is unconstrained in LPF and will be automatically placed
Warning: IO 'instr_addr_o[23]' is unconstrained in LPF and will be automatically placed
Warning: IO 'instr_addr_o[22]' is unconstrained in LPF and will be automatically placed
Warning: IO 'instr_addr_o[21]' is unconstrained in LPF and will be automatically placed
Warning: IO 'instr_addr_o[20]' is unconstrained in LPF and will be automatically placed
Warning: IO 'instr_addr_o[19]' is unconstrained in LPF and will be automatically placed
Warning: IO 'instr_addr_o[18]' is unconstrained in LPF and will be automatically placed
Warning: IO 'instr_addr_o[17]' is unconstrained in LPF and will be automatically placed
Warning: IO 'instr_addr_o[16]' is unconstrained in LPF and will be automatically placed
Warning: IO 'instr_addr_o[15]' is unconstrained in LPF and will be automatically placed
Warning: IO 'instr_addr_o[14]' is unconstrained in LPF and will be automatically placed
Warning: IO 'instr_addr_o[13]' is unconstrained in LPF and will be automatically placed
Warning: IO 'instr_addr_o[12]' is unconstrained in LPF and will be automatically placed
Warning: IO 'instr_addr_o[11]' is unconstrained in LPF and will be automatically placed
Warning: IO 'instr_addr_o[10]' is unconstrained in LPF and will be automatically placed
Warning: IO 'instr_addr_o[9]' is unconstrained in LPF and will be automatically placed
Warning: IO 'instr_addr_o[8]' is unconstrained in LPF and will be automatically placed
Warning: IO 'instr_addr_o[7]' is unconstrained in LPF and will be automatically placed
Warning: IO 'instr_addr_o[6]' is unconstrained in LPF and will be automatically placed
Warning: IO 'instr_addr_o[5]' is unconstrained in LPF and will be automatically placed
Warning: IO 'instr_addr_o[4]' is unconstrained in LPF and will be automatically placed
Warning: IO 'instr_addr_o[3]' is unconstrained in LPF and will be automatically placed
Warning: IO 'instr_addr_o[2]' is unconstrained in LPF and will be automatically placed
Warning: IO 'instr_addr_o[1]' is unconstrained in LPF and will be automatically placed
Warning: IO 'instr_addr_o[0]' is unconstrained in LPF and will be automatically placed
Warning: IO 'hart_id_i[31]' is unconstrained in LPF and will be automatically placed
Warning: IO 'hart_id_i[30]' is unconstrained in LPF and will be automatically placed
Warning: IO 'hart_id_i[29]' is unconstrained in LPF and will be automatically placed
Warning: IO 'hart_id_i[28]' is unconstrained in LPF and will be automatically placed
Warning: IO 'hart_id_i[27]' is unconstrained in LPF and will be automatically placed
Warning: IO 'hart_id_i[26]' is unconstrained in LPF and will be automatically placed
Warning: IO 'hart_id_i[25]' is unconstrained in LPF and will be automatically placed
Warning: IO 'hart_id_i[24]' is unconstrained in LPF and will be automatically placed
Warning: IO 'hart_id_i[23]' is unconstrained in LPF and will be automatically placed
Warning: IO 'hart_id_i[22]' is unconstrained in LPF and will be automatically placed
Warning: IO 'hart_id_i[21]' is unconstrained in LPF and will be automatically placed
Warning: IO 'hart_id_i[20]' is unconstrained in LPF and will be automatically placed
Warning: IO 'hart_id_i[19]' is unconstrained in LPF and will be automatically placed
Warning: IO 'hart_id_i[18]' is unconstrained in LPF and will be automatically placed
Warning: IO 'hart_id_i[17]' is unconstrained in LPF and will be automatically placed
Warning: IO 'hart_id_i[16]' is unconstrained in LPF and will be automatically placed
Warning: IO 'hart_id_i[15]' is unconstrained in LPF and will be automatically placed
Warning: IO 'hart_id_i[14]' is unconstrained in LPF and will be automatically placed
Warning: IO 'hart_id_i[13]' is unconstrained in LPF and will be automatically placed
Warning: IO 'hart_id_i[12]' is unconstrained in LPF and will be automatically placed
Warning: IO 'hart_id_i[11]' is unconstrained in LPF and will be automatically placed
Warning: IO 'hart_id_i[10]' is unconstrained in LPF and will be automatically placed
Warning: IO 'hart_id_i[9]' is unconstrained in LPF and will be automatically placed
Warning: IO 'hart_id_i[8]' is unconstrained in LPF and will be automatically placed
Warning: IO 'hart_id_i[7]' is unconstrained in LPF and will be automatically placed
Warning: IO 'hart_id_i[6]' is unconstrained in LPF and will be automatically placed
Warning: IO 'hart_id_i[5]' is unconstrained in LPF and will be automatically placed
Warning: IO 'hart_id_i[4]' is unconstrained in LPF and will be automatically placed
Warning: IO 'hart_id_i[3]' is unconstrained in LPF and will be automatically placed
Warning: IO 'hart_id_i[2]' is unconstrained in LPF and will be automatically placed
Warning: IO 'hart_id_i[1]' is unconstrained in LPF and will be automatically placed
Warning: IO 'hart_id_i[0]' is unconstrained in LPF and will be automatically placed
Warning: IO 'fetch_enable_i[3]' is unconstrained in LPF and will be automatically placed
Warning: IO 'fetch_enable_i[2]' is unconstrained in LPF and will be automatically placed
Warning: IO 'fetch_enable_i[1]' is unconstrained in LPF and will be automatically placed
Warning: IO 'fetch_enable_i[0]' is unconstrained in LPF and will be automatically placed
Warning: IO 'double_fault_seen_o' is unconstrained in LPF and will be automatically placed
Warning: IO 'debug_req_i' is unconstrained in LPF and will be automatically placed
Warning: IO 'data_we_shadow_o' is unconstrained in LPF and will be automatically placed
Warning: IO 'data_we_o' is unconstrained in LPF and will be automatically placed
Warning: IO 'data_wdata_shadow_o[31]' is unconstrained in LPF and will be automatically placed
Warning: IO 'data_wdata_shadow_o[30]' is unconstrained in LPF and will be automatically placed
Warning: IO 'data_wdata_shadow_o[29]' is unconstrained in LPF and will be automatically placed
Warning: IO 'data_wdata_shadow_o[28]' is unconstrained in LPF and will be automatically placed
Warning: IO 'data_wdata_shadow_o[27]' is unconstrained in LPF and will be automatically placed
Warning: IO 'data_wdata_shadow_o[26]' is unconstrained in LPF and will be automatically placed
Warning: IO 'data_wdata_shadow_o[25]' is unconstrained in LPF and will be automatically placed
Warning: IO 'data_wdata_shadow_o[24]' is unconstrained in LPF and will be automatically placed
Warning: IO 'data_wdata_shadow_o[23]' is unconstrained in LPF and will be automatically placed
Warning: IO 'data_wdata_shadow_o[22]' is unconstrained in LPF and will be automatically placed
Warning: IO 'data_wdata_shadow_o[21]' is unconstrained in LPF and will be automatically placed
Warning: IO 'data_wdata_shadow_o[20]' is unconstrained in LPF and will be automatically placed
Warning: IO 'data_wdata_shadow_o[19]' is unconstrained in LPF and will be automatically placed
Warning: IO 'data_wdata_shadow_o[18]' is unconstrained in LPF and will be automatically placed
Warning: IO 'data_wdata_shadow_o[17]' is unconstrained in LPF and will be automatically placed
Warning: IO 'data_wdata_shadow_o[16]' is unconstrained in LPF and will be automatically placed
Warning: IO 'data_wdata_shadow_o[15]' is unconstrained in LPF and will be automatically placed
Warning: IO 'data_wdata_shadow_o[14]' is unconstrained in LPF and will be automatically placed
Warning: IO 'data_wdata_shadow_o[13]' is unconstrained in LPF and will be automatically placed
Warning: IO 'data_wdata_shadow_o[12]' is unconstrained in LPF and will be automatically placed
Warning: IO 'data_wdata_shadow_o[11]' is unconstrained in LPF and will be automatically placed
Warning: IO 'data_wdata_shadow_o[10]' is unconstrained in LPF and will be automatically placed
Warning: IO 'data_wdata_shadow_o[9]' is unconstrained in LPF and will be automatically placed
Warning: IO 'data_wdata_shadow_o[8]' is unconstrained in LPF and will be automatically placed
Warning: IO 'data_wdata_shadow_o[7]' is unconstrained in LPF and will be automatically placed
Warning: IO 'data_wdata_shadow_o[6]' is unconstrained in LPF and will be automatically placed
Warning: IO 'data_wdata_shadow_o[5]' is unconstrained in LPF and will be automatically placed
Warning: IO 'data_wdata_shadow_o[4]' is unconstrained in LPF and will be automatically placed
Warning: IO 'data_wdata_shadow_o[3]' is unconstrained in LPF and will be automatically placed
Warning: IO 'data_wdata_shadow_o[2]' is unconstrained in LPF and will be automatically placed
Warning: IO 'data_wdata_shadow_o[1]' is unconstrained in LPF and will be automatically placed
Warning: IO 'data_wdata_shadow_o[0]' is unconstrained in LPF and will be automatically placed
Warning: IO 'data_wdata_o[31]' is unconstrained in LPF and will be automatically placed
Warning: IO 'data_wdata_o[30]' is unconstrained in LPF and will be automatically placed
Warning: IO 'data_wdata_o[29]' is unconstrained in LPF and will be automatically placed
Warning: IO 'data_wdata_o[28]' is unconstrained in LPF and will be automatically placed
Warning: IO 'data_wdata_o[27]' is unconstrained in LPF and will be automatically placed
Warning: IO 'data_wdata_o[26]' is unconstrained in LPF and will be automatically placed
Warning: IO 'data_wdata_o[25]' is unconstrained in LPF and will be automatically placed
Warning: IO 'data_wdata_o[24]' is unconstrained in LPF and will be automatically placed
Warning: IO 'data_wdata_o[23]' is unconstrained in LPF and will be automatically placed
Warning: IO 'data_wdata_o[22]' is unconstrained in LPF and will be automatically placed
Warning: IO 'data_wdata_o[21]' is unconstrained in LPF and will be automatically placed
Warning: IO 'data_wdata_o[20]' is unconstrained in LPF and will be automatically placed
Warning: IO 'data_wdata_o[19]' is unconstrained in LPF and will be automatically placed
Warning: IO 'data_wdata_o[18]' is unconstrained in LPF and will be automatically placed
Warning: IO 'data_wdata_o[17]' is unconstrained in LPF and will be automatically placed
Warning: IO 'data_wdata_o[16]' is unconstrained in LPF and will be automatically placed
Warning: IO 'data_wdata_o[15]' is unconstrained in LPF and will be automatically placed
Warning: IO 'data_wdata_o[14]' is unconstrained in LPF and will be automatically placed
Warning: IO 'data_wdata_o[13]' is unconstrained in LPF and will be automatically placed
Warning: IO 'data_wdata_o[12]' is unconstrained in LPF and will be automatically placed
Warning: IO 'data_wdata_o[11]' is unconstrained in LPF and will be automatically placed
Warning: IO 'data_wdata_o[10]' is unconstrained in LPF and will be automatically placed
Warning: IO 'data_wdata_o[9]' is unconstrained in LPF and will be automatically placed
Warning: IO 'data_wdata_o[8]' is unconstrained in LPF and will be automatically placed
Warning: IO 'data_wdata_o[7]' is unconstrained in LPF and will be automatically placed
Warning: IO 'data_wdata_o[6]' is unconstrained in LPF and will be automatically placed
Warning: IO 'data_wdata_o[5]' is unconstrained in LPF and will be automatically placed
Warning: IO 'data_wdata_o[4]' is unconstrained in LPF and will be automatically placed
Warning: IO 'data_wdata_o[3]' is unconstrained in LPF and will be automatically placed
Warning: IO 'data_wdata_o[2]' is unconstrained in LPF and will be automatically placed
Warning: IO 'data_wdata_o[1]' is unconstrained in LPF and will be automatically placed
Warning: IO 'data_wdata_o[0]' is unconstrained in LPF and will be automatically placed
Warning: IO 'data_wdata_intg_shadow_o[6]' is unconstrained in LPF and will be automatically placed
Warning: IO 'data_wdata_intg_shadow_o[5]' is unconstrained in LPF and will be automatically placed
Warning: IO 'data_wdata_intg_shadow_o[4]' is unconstrained in LPF and will be automatically placed
Warning: IO 'data_wdata_intg_shadow_o[3]' is unconstrained in LPF and will be automatically placed
Warning: IO 'data_wdata_intg_shadow_o[2]' is unconstrained in LPF and will be automatically placed
Warning: IO 'data_wdata_intg_shadow_o[1]' is unconstrained in LPF and will be automatically placed
Warning: IO 'data_wdata_intg_shadow_o[0]' is unconstrained in LPF and will be automatically placed
Warning: IO 'data_wdata_intg_o[6]' is unconstrained in LPF and will be automatically placed
Warning: IO 'data_wdata_intg_o[5]' is unconstrained in LPF and will be automatically placed
Warning: IO 'data_wdata_intg_o[4]' is unconstrained in LPF and will be automatically placed
Warning: IO 'data_wdata_intg_o[3]' is unconstrained in LPF and will be automatically placed
Warning: IO 'data_wdata_intg_o[2]' is unconstrained in LPF and will be automatically placed
Warning: IO 'data_wdata_intg_o[1]' is unconstrained in LPF and will be automatically placed
Warning: IO 'data_wdata_intg_o[0]' is unconstrained in LPF and will be automatically placed
Warning: IO 'data_rvalid_i' is unconstrained in LPF and will be automatically placed
Warning: IO 'data_req_shadow_o' is unconstrained in LPF and will be automatically placed
Warning: IO 'data_req_o' is unconstrained in LPF and will be automatically placed
Warning: IO 'data_rdata_intg_i[6]' is unconstrained in LPF and will be automatically placed
Warning: IO 'data_rdata_intg_i[5]' is unconstrained in LPF and will be automatically placed
Warning: IO 'data_rdata_intg_i[4]' is unconstrained in LPF and will be automatically placed
Warning: IO 'data_rdata_intg_i[3]' is unconstrained in LPF and will be automatically placed
Warning: IO 'data_rdata_intg_i[2]' is unconstrained in LPF and will be automatically placed
Warning: IO 'data_rdata_intg_i[1]' is unconstrained in LPF and will be automatically placed
Warning: IO 'data_rdata_intg_i[0]' is unconstrained in LPF and will be automatically placed
Warning: IO 'data_rdata_i[31]' is unconstrained in LPF and will be automatically placed
Warning: IO 'data_rdata_i[30]' is unconstrained in LPF and will be automatically placed
Warning: IO 'data_rdata_i[29]' is unconstrained in LPF and will be automatically placed
Warning: IO 'data_rdata_i[28]' is unconstrained in LPF and will be automatically placed
Warning: IO 'data_rdata_i[27]' is unconstrained in LPF and will be automatically placed
Warning: IO 'data_rdata_i[26]' is unconstrained in LPF and will be automatically placed
Warning: IO 'data_rdata_i[25]' is unconstrained in LPF and will be automatically placed
Warning: IO 'data_rdata_i[24]' is unconstrained in LPF and will be automatically placed
Warning: IO 'data_rdata_i[23]' is unconstrained in LPF and will be automatically placed
Warning: IO 'data_rdata_i[22]' is unconstrained in LPF and will be automatically placed
Warning: IO 'data_rdata_i[21]' is unconstrained in LPF and will be automatically placed
Warning: IO 'data_rdata_i[20]' is unconstrained in LPF and will be automatically placed
Warning: IO 'data_rdata_i[19]' is unconstrained in LPF and will be automatically placed
Warning: IO 'data_rdata_i[18]' is unconstrained in LPF and will be automatically placed
Warning: IO 'data_rdata_i[17]' is unconstrained in LPF and will be automatically placed
Warning: IO 'data_rdata_i[16]' is unconstrained in LPF and will be automatically placed
Warning: IO 'data_rdata_i[15]' is unconstrained in LPF and will be automatically placed
Warning: IO 'data_rdata_i[14]' is unconstrained in LPF and will be automatically placed
Warning: IO 'data_rdata_i[13]' is unconstrained in LPF and will be automatically placed
Warning: IO 'data_rdata_i[12]' is unconstrained in LPF and will be automatically placed
Warning: IO 'data_rdata_i[11]' is unconstrained in LPF and will be automatically placed
Warning: IO 'data_rdata_i[10]' is unconstrained in LPF and will be automatically placed
Warning: IO 'data_rdata_i[9]' is unconstrained in LPF and will be automatically placed
Warning: IO 'data_rdata_i[8]' is unconstrained in LPF and will be automatically placed
Warning: IO 'data_rdata_i[7]' is unconstrained in LPF and will be automatically placed
Warning: IO 'data_rdata_i[6]' is unconstrained in LPF and will be automatically placed
Warning: IO 'data_rdata_i[5]' is unconstrained in LPF and will be automatically placed
Warning: IO 'data_rdata_i[4]' is unconstrained in LPF and will be automatically placed
Warning: IO 'data_rdata_i[3]' is unconstrained in LPF and will be automatically placed
Warning: IO 'data_rdata_i[2]' is unconstrained in LPF and will be automatically placed
Warning: IO 'data_rdata_i[1]' is unconstrained in LPF and will be automatically placed
Warning: IO 'data_rdata_i[0]' is unconstrained in LPF and will be automatically placed
Warning: IO 'data_gnt_i' is unconstrained in LPF and will be automatically placed
Warning: IO 'data_err_i' is unconstrained in LPF and will be automatically placed
Warning: IO 'data_be_shadow_o[3]' is unconstrained in LPF and will be automatically placed
Warning: IO 'data_be_shadow_o[2]' is unconstrained in LPF and will be automatically placed
Warning: IO 'data_be_shadow_o[1]' is unconstrained in LPF and will be automatically placed
Warning: IO 'data_be_shadow_o[0]' is unconstrained in LPF and will be automatically placed
Warning: IO 'data_be_o[3]' is unconstrained in LPF and will be automatically placed
Warning: IO 'data_be_o[2]' is unconstrained in LPF and will be automatically placed
Warning: IO 'data_be_o[1]' is unconstrained in LPF and will be automatically placed
Warning: IO 'data_be_o[0]' is unconstrained in LPF and will be automatically placed
Warning: IO 'data_addr_shadow_o[31]' is unconstrained in LPF and will be automatically placed
Warning: IO 'data_addr_shadow_o[30]' is unconstrained in LPF and will be automatically placed
Warning: IO 'data_addr_shadow_o[29]' is unconstrained in LPF and will be automatically placed
Warning: IO 'data_addr_shadow_o[28]' is unconstrained in LPF and will be automatically placed
Warning: IO 'data_addr_shadow_o[27]' is unconstrained in LPF and will be automatically placed
Warning: IO 'data_addr_shadow_o[26]' is unconstrained in LPF and will be automatically placed
Warning: IO 'data_addr_shadow_o[25]' is unconstrained in LPF and will be automatically placed
Warning: IO 'data_addr_shadow_o[24]' is unconstrained in LPF and will be automatically placed
Warning: IO 'data_addr_shadow_o[23]' is unconstrained in LPF and will be automatically placed
Warning: IO 'data_addr_shadow_o[22]' is unconstrained in LPF and will be automatically placed
Warning: IO 'data_addr_shadow_o[21]' is unconstrained in LPF and will be automatically placed
Warning: IO 'data_addr_shadow_o[20]' is unconstrained in LPF and will be automatically placed
Warning: IO 'data_addr_shadow_o[19]' is unconstrained in LPF and will be automatically placed
Warning: IO 'data_addr_shadow_o[18]' is unconstrained in LPF and will be automatically placed
Warning: IO 'data_addr_shadow_o[17]' is unconstrained in LPF and will be automatically placed
Warning: IO 'data_addr_shadow_o[16]' is unconstrained in LPF and will be automatically placed
Warning: IO 'data_addr_shadow_o[15]' is unconstrained in LPF and will be automatically placed
Warning: IO 'data_addr_shadow_o[14]' is unconstrained in LPF and will be automatically placed
Warning: IO 'data_addr_shadow_o[13]' is unconstrained in LPF and will be automatically placed
Warning: IO 'data_addr_shadow_o[12]' is unconstrained in LPF and will be automatically placed
Warning: IO 'data_addr_shadow_o[11]' is unconstrained in LPF and will be automatically placed
Warning: IO 'data_addr_shadow_o[10]' is unconstrained in LPF and will be automatically placed
Warning: IO 'data_addr_shadow_o[9]' is unconstrained in LPF and will be automatically placed
Warning: IO 'data_addr_shadow_o[8]' is unconstrained in LPF and will be automatically placed
Warning: IO 'data_addr_shadow_o[7]' is unconstrained in LPF and will be automatically placed
Warning: IO 'data_addr_shadow_o[6]' is unconstrained in LPF and will be automatically placed
Warning: IO 'data_addr_shadow_o[5]' is unconstrained in LPF and will be automatically placed
Warning: IO 'data_addr_shadow_o[4]' is unconstrained in LPF and will be automatically placed
Warning: IO 'data_addr_shadow_o[3]' is unconstrained in LPF and will be automatically placed
Warning: IO 'data_addr_shadow_o[2]' is unconstrained in LPF and will be automatically placed
Warning: IO 'data_addr_shadow_o[1]' is unconstrained in LPF and will be automatically placed
Warning: IO 'data_addr_shadow_o[0]' is unconstrained in LPF and will be automatically placed
Warning: IO 'data_addr_o[31]' is unconstrained in LPF and will be automatically placed
Warning: IO 'data_addr_o[30]' is unconstrained in LPF and will be automatically placed
Warning: IO 'data_addr_o[29]' is unconstrained in LPF and will be automatically placed
Warning: IO 'data_addr_o[28]' is unconstrained in LPF and will be automatically placed
Warning: IO 'data_addr_o[27]' is unconstrained in LPF and will be automatically placed
Warning: IO 'data_addr_o[26]' is unconstrained in LPF and will be automatically placed
Warning: IO 'data_addr_o[25]' is unconstrained in LPF and will be automatically placed
Warning: IO 'data_addr_o[24]' is unconstrained in LPF and will be automatically placed
Warning: IO 'data_addr_o[23]' is unconstrained in LPF and will be automatically placed
Warning: IO 'data_addr_o[22]' is unconstrained in LPF and will be automatically placed
Warning: IO 'data_addr_o[21]' is unconstrained in LPF and will be automatically placed
Warning: IO 'data_addr_o[20]' is unconstrained in LPF and will be automatically placed
Warning: IO 'data_addr_o[19]' is unconstrained in LPF and will be automatically placed
Warning: IO 'data_addr_o[18]' is unconstrained in LPF and will be automatically placed
Warning: IO 'data_addr_o[17]' is unconstrained in LPF and will be automatically placed
Warning: IO 'data_addr_o[16]' is unconstrained in LPF and will be automatically placed
Warning: IO 'data_addr_o[15]' is unconstrained in LPF and will be automatically placed
Warning: IO 'data_addr_o[14]' is unconstrained in LPF and will be automatically placed
Warning: IO 'data_addr_o[13]' is unconstrained in LPF and will be automatically placed
Warning: IO 'data_addr_o[12]' is unconstrained in LPF and will be automatically placed
Warning: IO 'data_addr_o[11]' is unconstrained in LPF and will be automatically placed
Warning: IO 'data_addr_o[10]' is unconstrained in LPF and will be automatically placed
Warning: IO 'data_addr_o[9]' is unconstrained in LPF and will be automatically placed
Warning: IO 'data_addr_o[8]' is unconstrained in LPF and will be automatically placed
Warning: IO 'data_addr_o[7]' is unconstrained in LPF and will be automatically placed
Warning: IO 'data_addr_o[6]' is unconstrained in LPF and will be automatically placed
Warning: IO 'data_addr_o[5]' is unconstrained in LPF and will be automatically placed
Warning: IO 'data_addr_o[4]' is unconstrained in LPF and will be automatically placed
Warning: IO 'data_addr_o[3]' is unconstrained in LPF and will be automatically placed
Warning: IO 'data_addr_o[2]' is unconstrained in LPF and will be automatically placed
Warning: IO 'data_addr_o[1]' is unconstrained in LPF and will be automatically placed
Warning: IO 'data_addr_o[0]' is unconstrained in LPF and will be automatically placed
Warning: IO 'crash_dump_o[159]' is unconstrained in LPF and will be automatically placed
Warning: IO 'crash_dump_o[158]' is unconstrained in LPF and will be automatically placed
Warning: IO 'crash_dump_o[157]' is unconstrained in LPF and will be automatically placed
Warning: IO 'crash_dump_o[156]' is unconstrained in LPF and will be automatically placed
Warning: IO 'crash_dump_o[155]' is unconstrained in LPF and will be automatically placed
Warning: IO 'crash_dump_o[154]' is unconstrained in LPF and will be automatically placed
Warning: IO 'crash_dump_o[153]' is unconstrained in LPF and will be automatically placed
Warning: IO 'crash_dump_o[152]' is unconstrained in LPF and will be automatically placed
Warning: IO 'crash_dump_o[151]' is unconstrained in LPF and will be automatically placed
Warning: IO 'crash_dump_o[150]' is unconstrained in LPF and will be automatically placed
Warning: IO 'crash_dump_o[149]' is unconstrained in LPF and will be automatically placed
Warning: IO 'crash_dump_o[148]' is unconstrained in LPF and will be automatically placed
Warning: IO 'crash_dump_o[147]' is unconstrained in LPF and will be automatically placed
Warning: IO 'crash_dump_o[146]' is unconstrained in LPF and will be automatically placed
Warning: IO 'crash_dump_o[145]' is unconstrained in LPF and will be automatically placed
Warning: IO 'crash_dump_o[144]' is unconstrained in LPF and will be automatically placed
Warning: IO 'crash_dump_o[143]' is unconstrained in LPF and will be automatically placed
Warning: IO 'crash_dump_o[142]' is unconstrained in LPF and will be automatically placed
Warning: IO 'crash_dump_o[141]' is unconstrained in LPF and will be automatically placed
Warning: IO 'crash_dump_o[140]' is unconstrained in LPF and will be automatically placed
Warning: IO 'crash_dump_o[139]' is unconstrained in LPF and will be automatically placed
Warning: IO 'crash_dump_o[138]' is unconstrained in LPF and will be automatically placed
Warning: IO 'crash_dump_o[137]' is unconstrained in LPF and will be automatically placed
Warning: IO 'crash_dump_o[136]' is unconstrained in LPF and will be automatically placed
Warning: IO 'crash_dump_o[135]' is unconstrained in LPF and will be automatically placed
Warning: IO 'crash_dump_o[134]' is unconstrained in LPF and will be automatically placed
Warning: IO 'crash_dump_o[133]' is unconstrained in LPF and will be automatically placed
Warning: IO 'crash_dump_o[132]' is unconstrained in LPF and will be automatically placed
Warning: IO 'crash_dump_o[131]' is unconstrained in LPF and will be automatically placed
Warning: IO 'crash_dump_o[130]' is unconstrained in LPF and will be automatically placed
Warning: IO 'crash_dump_o[129]' is unconstrained in LPF and will be automatically placed
Warning: IO 'crash_dump_o[128]' is unconstrained in LPF and will be automatically placed
Warning: IO 'crash_dump_o[127]' is unconstrained in LPF and will be automatically placed
Warning: IO 'crash_dump_o[126]' is unconstrained in LPF and will be automatically placed
Warning: IO 'crash_dump_o[125]' is unconstrained in LPF and will be automatically placed
Warning: IO 'crash_dump_o[124]' is unconstrained in LPF and will be automatically placed
Warning: IO 'crash_dump_o[123]' is unconstrained in LPF and will be automatically placed
Warning: IO 'crash_dump_o[122]' is unconstrained in LPF and will be automatically placed
Warning: IO 'crash_dump_o[121]' is unconstrained in LPF and will be automatically placed
Warning: IO 'crash_dump_o[120]' is unconstrained in LPF and will be automatically placed
Warning: IO 'crash_dump_o[119]' is unconstrained in LPF and will be automatically placed
Warning: IO 'crash_dump_o[118]' is unconstrained in LPF and will be automatically placed
Warning: IO 'crash_dump_o[117]' is unconstrained in LPF and will be automatically placed
Warning: IO 'crash_dump_o[116]' is unconstrained in LPF and will be automatically placed
Warning: IO 'crash_dump_o[115]' is unconstrained in LPF and will be automatically placed
Warning: IO 'crash_dump_o[114]' is unconstrained in LPF and will be automatically placed
Warning: IO 'crash_dump_o[113]' is unconstrained in LPF and will be automatically placed
Warning: IO 'crash_dump_o[112]' is unconstrained in LPF and will be automatically placed
Warning: IO 'crash_dump_o[111]' is unconstrained in LPF and will be automatically placed
Warning: IO 'crash_dump_o[110]' is unconstrained in LPF and will be automatically placed
Warning: IO 'crash_dump_o[109]' is unconstrained in LPF and will be automatically placed
Warning: IO 'crash_dump_o[108]' is unconstrained in LPF and will be automatically placed
Warning: IO 'crash_dump_o[107]' is unconstrained in LPF and will be automatically placed
Warning: IO 'crash_dump_o[106]' is unconstrained in LPF and will be automatically placed
Warning: IO 'crash_dump_o[105]' is unconstrained in LPF and will be automatically placed
Warning: IO 'crash_dump_o[104]' is unconstrained in LPF and will be automatically placed
Warning: IO 'crash_dump_o[103]' is unconstrained in LPF and will be automatically placed
Warning: IO 'crash_dump_o[102]' is unconstrained in LPF and will be automatically placed
Warning: IO 'crash_dump_o[101]' is unconstrained in LPF and will be automatically placed
Warning: IO 'crash_dump_o[100]' is unconstrained in LPF and will be automatically placed
Warning: IO 'crash_dump_o[99]' is unconstrained in LPF and will be automatically placed
Warning: IO 'crash_dump_o[98]' is unconstrained in LPF and will be automatically placed
Warning: IO 'crash_dump_o[97]' is unconstrained in LPF and will be automatically placed
Warning: IO 'crash_dump_o[96]' is unconstrained in LPF and will be automatically placed
Warning: IO 'crash_dump_o[95]' is unconstrained in LPF and will be automatically placed
Warning: IO 'crash_dump_o[94]' is unconstrained in LPF and will be automatically placed
Warning: IO 'crash_dump_o[93]' is unconstrained in LPF and will be automatically placed
Warning: IO 'crash_dump_o[92]' is unconstrained in LPF and will be automatically placed
Warning: IO 'crash_dump_o[91]' is unconstrained in LPF and will be automatically placed
Warning: IO 'crash_dump_o[90]' is unconstrained in LPF and will be automatically placed
Warning: IO 'crash_dump_o[89]' is unconstrained in LPF and will be automatically placed
Warning: IO 'crash_dump_o[88]' is unconstrained in LPF and will be automatically placed
Warning: IO 'crash_dump_o[87]' is unconstrained in LPF and will be automatically placed
Warning: IO 'crash_dump_o[86]' is unconstrained in LPF and will be automatically placed
Warning: IO 'crash_dump_o[85]' is unconstrained in LPF and will be automatically placed
Warning: IO 'crash_dump_o[84]' is unconstrained in LPF and will be automatically placed
Warning: IO 'crash_dump_o[83]' is unconstrained in LPF and will be automatically placed
Warning: IO 'crash_dump_o[82]' is unconstrained in LPF and will be automatically placed
Warning: IO 'crash_dump_o[81]' is unconstrained in LPF and will be automatically placed
Warning: IO 'crash_dump_o[80]' is unconstrained in LPF and will be automatically placed
Warning: IO 'crash_dump_o[79]' is unconstrained in LPF and will be automatically placed
Warning: IO 'crash_dump_o[78]' is unconstrained in LPF and will be automatically placed
Warning: IO 'crash_dump_o[77]' is unconstrained in LPF and will be automatically placed
Warning: IO 'crash_dump_o[76]' is unconstrained in LPF and will be automatically placed
Warning: IO 'crash_dump_o[75]' is unconstrained in LPF and will be automatically placed
Warning: IO 'crash_dump_o[74]' is unconstrained in LPF and will be automatically placed
Warning: IO 'crash_dump_o[73]' is unconstrained in LPF and will be automatically placed
Warning: IO 'crash_dump_o[72]' is unconstrained in LPF and will be automatically placed
Warning: IO 'crash_dump_o[71]' is unconstrained in LPF and will be automatically placed
Warning: IO 'crash_dump_o[70]' is unconstrained in LPF and will be automatically placed
Warning: IO 'crash_dump_o[69]' is unconstrained in LPF and will be automatically placed
Warning: IO 'crash_dump_o[68]' is unconstrained in LPF and will be automatically placed
Warning: IO 'crash_dump_o[67]' is unconstrained in LPF and will be automatically placed
Warning: IO 'crash_dump_o[66]' is unconstrained in LPF and will be automatically placed
Warning: IO 'crash_dump_o[65]' is unconstrained in LPF and will be automatically placed
Warning: IO 'crash_dump_o[64]' is unconstrained in LPF and will be automatically placed
Warning: IO 'crash_dump_o[63]' is unconstrained in LPF and will be automatically placed
Warning: IO 'crash_dump_o[62]' is unconstrained in LPF and will be automatically placed
Warning: IO 'crash_dump_o[61]' is unconstrained in LPF and will be automatically placed
Warning: IO 'crash_dump_o[60]' is unconstrained in LPF and will be automatically placed
Warning: IO 'crash_dump_o[59]' is unconstrained in LPF and will be automatically placed
Warning: IO 'crash_dump_o[58]' is unconstrained in LPF and will be automatically placed
Warning: IO 'crash_dump_o[57]' is unconstrained in LPF and will be automatically placed
Warning: IO 'crash_dump_o[56]' is unconstrained in LPF and will be automatically placed
Warning: IO 'crash_dump_o[55]' is unconstrained in LPF and will be automatically placed
Warning: IO 'crash_dump_o[54]' is unconstrained in LPF and will be automatically placed
Warning: IO 'crash_dump_o[53]' is unconstrained in LPF and will be automatically placed
Warning: IO 'crash_dump_o[52]' is unconstrained in LPF and will be automatically placed
Warning: IO 'crash_dump_o[51]' is unconstrained in LPF and will be automatically placed
Warning: IO 'crash_dump_o[50]' is unconstrained in LPF and will be automatically placed
Warning: IO 'crash_dump_o[49]' is unconstrained in LPF and will be automatically placed
Warning: IO 'crash_dump_o[48]' is unconstrained in LPF and will be automatically placed
Warning: IO 'crash_dump_o[47]' is unconstrained in LPF and will be automatically placed
Warning: IO 'crash_dump_o[46]' is unconstrained in LPF and will be automatically placed
Warning: IO 'crash_dump_o[45]' is unconstrained in LPF and will be automatically placed
Warning: IO 'crash_dump_o[44]' is unconstrained in LPF and will be automatically placed
Warning: IO 'crash_dump_o[43]' is unconstrained in LPF and will be automatically placed
Warning: IO 'crash_dump_o[42]' is unconstrained in LPF and will be automatically placed
Warning: IO 'crash_dump_o[41]' is unconstrained in LPF and will be automatically placed
Warning: IO 'crash_dump_o[40]' is unconstrained in LPF and will be automatically placed
Warning: IO 'crash_dump_o[39]' is unconstrained in LPF and will be automatically placed
Warning: IO 'crash_dump_o[38]' is unconstrained in LPF and will be automatically placed
Warning: IO 'crash_dump_o[37]' is unconstrained in LPF and will be automatically placed
Warning: IO 'crash_dump_o[36]' is unconstrained in LPF and will be automatically placed
Warning: IO 'crash_dump_o[35]' is unconstrained in LPF and will be automatically placed
Warning: IO 'crash_dump_o[34]' is unconstrained in LPF and will be automatically placed
Warning: IO 'crash_dump_o[33]' is unconstrained in LPF and will be automatically placed
Warning: IO 'crash_dump_o[32]' is unconstrained in LPF and will be automatically placed
Warning: IO 'crash_dump_o[31]' is unconstrained in LPF and will be automatically placed
Warning: IO 'crash_dump_o[30]' is unconstrained in LPF and will be automatically placed
Warning: IO 'crash_dump_o[29]' is unconstrained in LPF and will be automatically placed
Warning: IO 'crash_dump_o[28]' is unconstrained in LPF and will be automatically placed
Warning: IO 'crash_dump_o[27]' is unconstrained in LPF and will be automatically placed
Warning: IO 'crash_dump_o[26]' is unconstrained in LPF and will be automatically placed
Warning: IO 'crash_dump_o[25]' is unconstrained in LPF and will be automatically placed
Warning: IO 'crash_dump_o[24]' is unconstrained in LPF and will be automatically placed
Warning: IO 'crash_dump_o[23]' is unconstrained in LPF and will be automatically placed
Warning: IO 'crash_dump_o[22]' is unconstrained in LPF and will be automatically placed
Warning: IO 'crash_dump_o[21]' is unconstrained in LPF and will be automatically placed
Warning: IO 'crash_dump_o[20]' is unconstrained in LPF and will be automatically placed
Warning: IO 'crash_dump_o[19]' is unconstrained in LPF and will be automatically placed
Warning: IO 'crash_dump_o[18]' is unconstrained in LPF and will be automatically placed
Warning: IO 'crash_dump_o[17]' is unconstrained in LPF and will be automatically placed
Warning: IO 'crash_dump_o[16]' is unconstrained in LPF and will be automatically placed
Warning: IO 'crash_dump_o[15]' is unconstrained in LPF and will be automatically placed
Warning: IO 'crash_dump_o[14]' is unconstrained in LPF and will be automatically placed
Warning: IO 'crash_dump_o[13]' is unconstrained in LPF and will be automatically placed
Warning: IO 'crash_dump_o[12]' is unconstrained in LPF and will be automatically placed
Warning: IO 'crash_dump_o[11]' is unconstrained in LPF and will be automatically placed
Warning: IO 'crash_dump_o[10]' is unconstrained in LPF and will be automatically placed
Warning: IO 'crash_dump_o[9]' is unconstrained in LPF and will be automatically placed
Warning: IO 'crash_dump_o[8]' is unconstrained in LPF and will be automatically placed
Warning: IO 'crash_dump_o[7]' is unconstrained in LPF and will be automatically placed
Warning: IO 'crash_dump_o[6]' is unconstrained in LPF and will be automatically placed
Warning: IO 'crash_dump_o[5]' is unconstrained in LPF and will be automatically placed
Warning: IO 'crash_dump_o[4]' is unconstrained in LPF and will be automatically placed
Warning: IO 'crash_dump_o[3]' is unconstrained in LPF and will be automatically placed
Warning: IO 'crash_dump_o[2]' is unconstrained in LPF and will be automatically placed
Warning: IO 'crash_dump_o[1]' is unconstrained in LPF and will be automatically placed
Warning: IO 'crash_dump_o[0]' is unconstrained in LPF and will be automatically placed
Warning: IO 'core_sleep_o' is unconstrained in LPF and will be automatically placed
Warning: IO 'clk_i' is unconstrained in LPF and will be automatically placed
Warning: IO 'boot_addr_i[31]' is unconstrained in LPF and will be automatically placed
Warning: IO 'boot_addr_i[30]' is unconstrained in LPF and will be automatically placed
Warning: IO 'boot_addr_i[29]' is unconstrained in LPF and will be automatically placed
Warning: IO 'boot_addr_i[28]' is unconstrained in LPF and will be automatically placed
Warning: IO 'boot_addr_i[27]' is unconstrained in LPF and will be automatically placed
Warning: IO 'boot_addr_i[26]' is unconstrained in LPF and will be automatically placed
Warning: IO 'boot_addr_i[25]' is unconstrained in LPF and will be automatically placed
Warning: IO 'boot_addr_i[24]' is unconstrained in LPF and will be automatically placed
Warning: IO 'boot_addr_i[23]' is unconstrained in LPF and will be automatically placed
Warning: IO 'boot_addr_i[22]' is unconstrained in LPF and will be automatically placed
Warning: IO 'boot_addr_i[21]' is unconstrained in LPF and will be automatically placed
Warning: IO 'boot_addr_i[20]' is unconstrained in LPF and will be automatically placed
Warning: IO 'boot_addr_i[19]' is unconstrained in LPF and will be automatically placed
Warning: IO 'boot_addr_i[18]' is unconstrained in LPF and will be automatically placed
Warning: IO 'boot_addr_i[17]' is unconstrained in LPF and will be automatically placed
Warning: IO 'boot_addr_i[16]' is unconstrained in LPF and will be automatically placed
Warning: IO 'boot_addr_i[15]' is unconstrained in LPF and will be automatically placed
Warning: IO 'boot_addr_i[14]' is unconstrained in LPF and will be automatically placed
Warning: IO 'boot_addr_i[13]' is unconstrained in LPF and will be automatically placed
Warning: IO 'boot_addr_i[12]' is unconstrained in LPF and will be automatically placed
Warning: IO 'boot_addr_i[11]' is unconstrained in LPF and will be automatically placed
Warning: IO 'boot_addr_i[10]' is unconstrained in LPF and will be automatically placed
Warning: IO 'boot_addr_i[9]' is unconstrained in LPF and will be automatically placed
Warning: IO 'boot_addr_i[8]' is unconstrained in LPF and will be automatically placed
Warning: IO 'boot_addr_i[7]' is unconstrained in LPF and will be automatically placed
Warning: IO 'boot_addr_i[6]' is unconstrained in LPF and will be automatically placed
Warning: IO 'boot_addr_i[5]' is unconstrained in LPF and will be automatically placed
Warning: IO 'boot_addr_i[4]' is unconstrained in LPF and will be automatically placed
Warning: IO 'boot_addr_i[3]' is unconstrained in LPF and will be automatically placed
Warning: IO 'boot_addr_i[2]' is unconstrained in LPF and will be automatically placed
Warning: IO 'boot_addr_i[1]' is unconstrained in LPF and will be automatically placed
Warning: IO 'boot_addr_i[0]' is unconstrained in LPF and will be automatically placed
Warning: IO 'alert_minor_o' is unconstrained in LPF and will be automatically placed
Warning: IO 'alert_major_internal_o' is unconstrained in LPF and will be automatically placed
Warning: IO 'alert_major_bus_o' is unconstrained in LPF and will be automatically placed

Info: Logic utilisation before packing:
Info:     Total LUT4s:     16969/83640    20%
Info:         logic LUTs:  15853/83640    18%
Info:         carry LUTs:   1116/83640     1%
Info:           RAM LUTs:      0/10455     0%
Info:          RAMW LUTs:      0/20910     0%

Info:      Total DFFs:      3430/83640     4%

Info: Packing IOs..
Info: Packing constants..
Info: Packing carries...
Info: Packing LUTs...
Info: Packing LUT5-7s...
Info: Packing FFs...
Info:     2452 FFs paired with LUTs.
Info: Generating derived timing constraints...
Info: Promoting globals...
Info: Checksum: 0x33a2b91c

Info: Device utilisation:
Info: 	          TRELLIS_IO:       0/    365     0%
Info: 	                DCCA:       0/     56     0%
Info: 	              DP16KD:       6/    208     2%
Info: 	          MULT18X18D:       1/    156     0%
Info: 	              ALU54B:       0/     78     0%
Info: 	             EHXPLLL:       0/      4     0%
Info: 	             EXTREFB:       0/      2     0%
Info: 	                DCUA:       0/      2     0%
Info: 	           PCSCLKDIV:       0/      2     0%
Info: 	             IOLOGIC:       0/    224     0%
Info: 	            SIOLOGIC:       0/    141     0%
Info: 	                 GSR:       0/      1     0%
Info: 	               JTAGG:       0/      1     0%
Info: 	                OSCG:       0/      1     0%
Info: 	               SEDGA:       0/      1     0%
Info: 	                 DTR:       0/      1     0%
Info: 	             USRMCLK:       0/      1     0%
Info: 	             CLKDIVF:       0/      4     0%
Info: 	           ECLKSYNCB:       0/     10     0%
Info: 	             DLLDELD:       0/      8     0%
Info: 	              DDRDLL:       0/      4     0%
Info: 	             DQSBUFM:       0/     14     0%
Info: 	     TRELLIS_ECLKBUF:       0/      8     0%
Info: 	        ECLKBRIDGECS:       0/      2     0%
Info: 	                DCSC:       0/      2     0%
Info: 	          TRELLIS_FF:    3430/  83640     4%
Info: 	        TRELLIS_COMB:   17135/  83640    20%
Info: 	        TRELLIS_RAMW:       0/  10455     0%

Info: Placed 0 cells based on constraints.
Info: Creating initial analytic placement for 13126 cells, random placement wirelen = 1335036.
Info:     at initial placer iter 0, wirelen = 1722
Info:     at initial placer iter 1, wirelen = 2524
Info:     at initial placer iter 2, wirelen = 2201
Info:     at initial placer iter 3, wirelen = 2298
Info: Running main analytical placer, max placement attempts per cell = 52900898.
Info:     at iteration #1, type ALL: wirelen solved = 2537, spread = 367564, legal = 367433; time = 0.20s
Info:     at iteration #2, type ALL: wirelen solved = 14417, spread = 145392, legal = 147405; time = 0.25s
Info:     at iteration #3, type ALL: wirelen solved = 28907, spread = 112694, legal = 114882; time = 0.23s
Info:     at iteration #4, type ALL: wirelen solved = 39227, spread = 103211, legal = 105860; time = 0.21s
Info:     at iteration #5, type ALL: wirelen solved = 45883, spread = 94619, legal = 98708; time = 0.21s
Info:     at iteration #6, type ALL: wirelen solved = 51721, spread = 86998, legal = 91180; time = 0.20s
Info:     at iteration #7, type ALL: wirelen solved = 53022, spread = 84360, legal = 88010; time = 0.20s
Info:     at iteration #8, type ALL: wirelen solved = 55669, spread = 83022, legal = 86442; time = 0.20s
Info:     at iteration #9, type ALL: wirelen solved = 57602, spread = 81204, legal = 85249; time = 0.20s
Info:     at iteration #10, type ALL: wirelen solved = 58362, spread = 80560, legal = 85273; time = 0.19s
Info:     at iteration #11, type ALL: wirelen solved = 59721, spread = 79593, legal = 84676; time = 0.19s
Info:     at iteration #12, type ALL: wirelen solved = 60311, spread = 79539, legal = 84555; time = 0.19s
Info:     at iteration #13, type ALL: wirelen solved = 61502, spread = 79277, legal = 83834; time = 0.20s
Info:     at iteration #14, type ALL: wirelen solved = 61875, spread = 78661, legal = 82839; time = 0.19s
Info:     at iteration #15, type ALL: wirelen solved = 62889, spread = 78090, legal = 83802; time = 0.19s
Info:     at iteration #16, type ALL: wirelen solved = 63670, spread = 78404, legal = 82250; time = 0.19s
Info:     at iteration #17, type ALL: wirelen solved = 64255, spread = 78312, legal = 81961; time = 0.19s
Info:     at iteration #18, type ALL: wirelen solved = 64351, spread = 78669, legal = 84472; time = 0.19s
Info:     at iteration #19, type ALL: wirelen solved = 65511, spread = 77683, legal = 83502; time = 0.19s
Info:     at iteration #20, type ALL: wirelen solved = 65284, spread = 77380, legal = 82329; time = 0.19s
Info:     at iteration #21, type ALL: wirelen solved = 65436, spread = 78606, legal = 82928; time = 0.19s
Info:     at iteration #22, type ALL: wirelen solved = 66603, spread = 77673, legal = 82815; time = 0.19s
Info: HeAP Placer Time: 5.97s
Info:   of which solving equations: 3.96s
Info:   of which spreading cells: 0.76s
Info:   of which strict legalisation: 0.19s

Info: Running simulated annealing placer for refinement.
Info:   at iteration #1: temp = 0.000000, timing cost = 11759, wirelen = 81961
Info:   at iteration #5: temp = 0.000000, timing cost = 16058, wirelen = 75338
Info:   at iteration #10: temp = 0.000000, timing cost = 13196, wirelen = 73404
Info:   at iteration #15: temp = 0.000000, timing cost = 12676, wirelen = 72831
Info:   at iteration #20: temp = 0.000000, timing cost = 12859, wirelen = 72632
Info:   at iteration #22: temp = 0.000000, timing cost = 12712, wirelen = 72596 
Info: SA placement time 14.22s

Info: Max frequency for clock 'clk_i': 22.17 MHz (FAIL at 50.00 MHz)

Info: Slack histogram:
Info:  legend: * represents 17 endpoint(s)
Info:          + represents [1,17) endpoint(s)
Info: [-25106, -22888) |+
Info: [-22888, -20670) |*********************+
Info: [-20670, -18452) |************************************************************ 
Info: [-18452, -16234) |***************************************************+
Info: [-16234, -14016) |*********************************************+
Info: [-14016, -11798) |**********************+
Info: [-11798,  -9580) |*****+
Info: [ -9580,  -7362) |******************************************+
Info: [ -7362,  -5144) |***********************+
Info: [ -5144,  -2926) |********************+
Info: [ -2926,   -708) |***********+
Info: [  -708,   1510) |*********+
Info: [  1510,   3728) |***********************+
Info: [  3728,   5946) |************************************+
Info: [  5946,   8164) |**+
Info: [  8164,  10382) |******+
Info: [ 10382,  12600) |*+
Info: [ 12600,  14818) |+
Info: [ 14818,  17036) |*****+
Info: [ 17036,  19254) |*****+
Info: Checksum: 0x38bda15d
Info: Routing globals...

Info: Routing..
Info: Setting up routing queue.
Info: Routing 67321 arcs.
Info:            |   (re-)routed arcs  |   delta    | remaining|       time spent     |
Info:    IterCnt |  w/ripup   wo/ripup |  w/r  wo/r |      arcs| batch(sec) total(sec)|
Info:       1000 |      270        729 |  270   729 |     66889|       0.37       0.37|
Info:       2000 |      555       1444 |  285   715 |     66579|       0.10       0.46|
Info:       3000 |      804       2195 |  249   751 |     66119|       0.11       0.57|
Info:       4000 |     1123       2876 |  319   681 |     65807|       0.11       0.69|
Info:       5000 |     1458       3541 |  335   665 |     65385|       0.11       0.80|
Info:       6000 |     1757       4242 |  299   701 |     65273|       0.11       0.91|
Info:       7000 |     2090       4909 |  333   667 |     64982|       0.12       1.03|
Info:       8000 |     2340       5659 |  250   750 |     64743|       0.12       1.14|
Info:       9000 |     2617       6382 |  277   723 |     64193|       0.10       1.25|
Info:      10000 |     2853       7146 |  236   764 |     63625|       0.10       1.35|
Info:      11000 |     3031       7968 |  178   822 |     63246|       0.11       1.46|
Info:      12000 |     3225       8774 |  194   806 |     62796|       0.11       1.56|
Info:      13000 |     3404       9595 |  179   821 |     62648|       0.11       1.67|
Info:      14000 |     3631      10368 |  227   773 |     62016|       0.10       1.78|
Info:      15000 |     3795      11204 |  164   836 |     61647|       0.11       1.89|
Info:      16000 |     4032      11967 |  237   763 |     61037|       0.11       2.00|
Info:      17000 |     4208      12791 |  176   824 |     60748|       0.11       2.11|
Info:      18000 |     4411      13588 |  203   797 |     60373|       0.11       2.22|
Info:      19000 |     4596      14403 |  185   815 |     59958|       0.10       2.32|
Info:      20000 |     4802      15197 |  206   794 |     59530|       0.10       2.43|
Info:      21000 |     5051      15948 |  249   751 |     59041|       0.11       2.54|
Info:      22000 |     5283      16716 |  232   768 |     59087|       0.13       2.67|
Info:      23000 |     5472      17527 |  189   811 |     58970|       0.10       2.77|
Info:      24000 |     5552      18447 |   80   920 |     58805|       0.11       2.88|
Info:      25000 |     5787      19212 |  235   765 |     58271|       0.11       2.99|
Info:      26000 |     6055      19944 |  268   732 |     57727|       0.12       3.11|
Info:      27000 |     6316      20683 |  261   739 |     57277|       0.12       3.23|
Info:      28000 |     6586      21413 |  270   730 |     56973|       0.13       3.36|
Info:      29000 |     6873      22126 |  287   713 |     56644|       0.13       3.49|
Info:      30000 |     7163      22836 |  290   710 |     56140|       0.12       3.61|
Info:      31000 |     7489      23510 |  326   674 |     55710|       0.13       3.75|
Info:      32000 |     7752      24247 |  263   737 |     55254|       0.13       3.88|
Info:      33000 |     8067      24932 |  315   685 |     54832|       0.14       4.01|
Info:      34000 |     8365      25634 |  298   702 |     54359|       0.14       4.15|
Info:      35000 |     8715      26284 |  350   650 |     53916|       0.15       4.30|
Info:      36000 |     9054      26945 |  339   661 |     53557|       0.13       4.43|
Info:      37000 |     9313      27686 |  259   741 |     53169|       0.14       4.56|
Info:      38000 |     9627      28372 |  314   686 |     52775|       0.15       4.71|
Info:      39000 |     9941      29058 |  314   686 |     52437|       0.14       4.85|
Info:      40000 |    10257      29742 |  316   684 |     52040|       0.13       4.99|
Info:      41000 |    10577      30422 |  320   680 |     51515|       0.13       5.11|
Info:      42000 |    10910      31089 |  333   667 |     51250|       0.13       5.24|
Info:      43000 |    11194      31805 |  284   716 |     50748|       0.12       5.36|
Info:      44000 |    11488      32511 |  294   706 |     50387|       0.12       5.48|
Info:      45000 |    11801      33198 |  313   687 |     49945|       0.13       5.61|
Info:      46000 |    12179      33820 |  378   622 |     49526|       0.13       5.74|
Info:      47000 |    12463      34536 |  284   716 |     49072|       0.13       5.87|
Info:      48000 |    12782      35217 |  319   681 |     48565|       0.13       6.00|
Info:      49000 |    13054      35945 |  272   728 |     47929|       0.12       6.13|
Info:      50000 |    13403      36596 |  349   651 |     47412|       0.14       6.26|
Info:      51000 |    13743      37256 |  340   660 |     46996|       0.13       6.40|
Info:      52000 |    14124      37875 |  381   619 |     46576|       0.14       6.54|
Info:      53000 |    14549      38450 |  425   575 |     46122|       0.14       6.68|
Info:      54000 |    14950      39049 |  401   599 |     45705|       0.14       6.82|
Info:      55000 |    15291      39708 |  341   659 |     45301|       0.14       6.96|
Info:      56000 |    15624      40375 |  333   667 |     44725|       0.13       7.09|
Info:      57000 |    15954      41045 |  330   670 |     44350|       0.15       7.24|
Info:      58000 |    16343      41656 |  389   611 |     43956|       0.15       7.38|
Info:      59000 |    16676      42323 |  333   667 |     43463|       0.14       7.52|
Info:      60000 |    17081      42918 |  405   595 |     43038|       0.14       7.67|
Info:      61000 |    17462      43537 |  381   619 |     42935|       0.14       7.81|
Info:      62000 |    17888      44111 |  426   574 |     42468|       0.15       7.96|
Info:      63000 |    18263      44736 |  375   625 |     42104|       0.14       8.10|
Info:      64000 |    18681      45318 |  418   582 |     41637|       0.15       8.25|
Info:      65000 |    19023      45976 |  342   658 |     41542|       0.16       8.40|
Info:      66000 |    19366      46633 |  343   657 |     40987|       0.15       8.55|
Info:      67000 |    19697      47302 |  331   669 |     40568|       0.16       8.71|
Info:      68000 |    20046      47953 |  349   651 |     40125|       0.14       8.85|
Info:      69000 |    20422      48577 |  376   624 |     39620|       0.15       9.00|
Info:      70000 |    20747      49252 |  325   675 |     39154|       0.14       9.14|
Info:      71000 |    21138      49861 |  391   609 |     38815|       0.18       9.31|
Info:      72000 |    21528      50471 |  390   610 |     38338|       0.15       9.46|
Info:      73000 |    21950      51049 |  422   578 |     37918|       0.16       9.62|
Info:      74000 |    22361      51638 |  411   589 |     37452|       0.13       9.75|
Info:      75000 |    22809      52190 |  448   552 |     37030|       0.15       9.90|
Info:      76000 |    23142      52857 |  333   667 |     36653|       0.14      10.04|
Info:      77000 |    23544      53455 |  402   598 |     36255|       0.13      10.17|
Info:      78000 |    24019      53980 |  475   525 |     35816|       0.14      10.31|
Info:      79000 |    24443      54556 |  424   576 |     35382|       0.14      10.45|
Info:      80000 |    24898      55101 |  455   545 |     34967|       0.14      10.59|
Info:      81000 |    25328      55671 |  430   570 |     34516|       0.14      10.73|
Info:      82000 |    25746      56253 |  418   582 |     34024|       0.13      10.85|
Info:      83000 |    26149      56850 |  403   597 |     33529|       0.13      10.98|
Info:      84000 |    26619      57380 |  470   530 |     33132|       0.15      11.14|
Info:      85000 |    27070      57929 |  451   549 |     32731|       0.14      11.28|
Info:      86000 |    27490      58509 |  420   580 |     32264|       0.13      11.42|
Info:      87000 |    27900      59099 |  410   590 |     31804|       0.15      11.57|
Info:      88000 |    28309      59690 |  409   591 |     31271|       0.15      11.72|
Info:      89000 |    28719      60272 |  410   582 |     30902|       0.15      11.87|
Info:      90000 |    29112      60858 |  393   586 |     30413|       0.14      12.01|
Info:      91000 |    29449      61473 |  337   615 |     30071|       0.14      12.15|
Info:      92000 |    29663      62252 |  214   779 |     29886|       0.15      12.30|
Info:      93000 |    30050      62778 |  387   526 |     29417|       0.13      12.43|
Info:      94000 |    30329      63423 |  279   645 |     29000|       0.12      12.55|
Info:      95000 |    30711      63964 |  382   541 |     28471|       0.13      12.68|
Info:      96000 |    31082      64515 |  371   551 |     27906|       0.12      12.80|
Info:      97000 |    31522      65027 |  440   512 |     27529|       0.14      12.94|
Info:      98000 |    31872      65598 |  350   571 |     26924|       0.11      13.05|
Info:      99000 |    32224      66156 |  352   558 |     26378|       0.13      13.18|
Info:     100000 |    32654      66675 |  430   519 |     25937|       0.15      13.33|
Info:     101000 |    33096      67135 |  442   460 |     25438|       0.13      13.46|
Info:     102000 |    33470      67707 |  374   572 |     25288|       0.14      13.60|
Info:     103000 |    33839      68285 |  369   578 |     24693|       0.13      13.73|
Info:     104000 |    34274      68754 |  435   469 |     24167|       0.13      13.86|
Info:     105000 |    34721      69218 |  447   464 |     23675|       0.12      13.98|
Info:     106000 |    35096      69733 |  375   515 |     23131|       0.14      14.12|
Info:     107000 |    35559      70183 |  463   450 |     22660|       0.13      14.26|
Info:     108000 |    35977      70661 |  418   478 |     22152|       0.13      14.38|
Info:     109000 |    36360      71189 |  383   528 |     21619|       0.12      14.50|
Info:     110000 |    36709      71762 |  349   573 |     21062|       0.12      14.62|
Info:     111000 |    37077      72325 |  368   563 |     20482|       0.14      14.76|
Info:     112000 |    37509      72864 |  432   539 |     20023|       0.16      14.92|
Info:     113000 |    37922      73432 |  413   568 |     19562|       0.16      15.07|
Info:     114000 |    38278      74034 |  356   602 |     19045|       0.16      15.24|
Info:     115000 |    38674      74585 |  396   551 |     18524|       0.16      15.40|
Info:     116000 |    39015      75219 |  341   634 |     17968|       0.15      15.54|
Info:     117000 |    39370      75849 |  355   630 |     18006|       0.18      15.72|
Info:     118000 |    39691      76528 |  321   679 |     17650|       0.18      15.90|
Info:     119000 |    40026      77157 |  335   629 |     17051|       0.15      16.05|
Info:     120000 |    40326      77812 |  300   655 |     16539|       0.17      16.22|
Info:     121000 |    40607      78493 |  281   681 |     15965|       0.18      16.40|
Info:     122000 |    40845      79228 |  238   735 |     15275|       0.16      16.55|
Info:     123000 |    41054      80009 |  209   781 |     14594|       0.16      16.71|
Info:     124000 |    41268      80787 |  214   778 |     14017|       0.17      16.88|
Info:     125000 |    41603      81449 |  335   662 |     13644|       0.18      17.06|
Info:     126000 |    41871      82159 |  268   710 |     12970|       0.15      17.22|
Info:     127000 |    42108      82904 |  237   745 |     12554|       0.16      17.38|
Info:     128000 |    42363      83594 |  255   690 |     11908|       0.15      17.53|
Info:     129000 |    42600      84248 |  237   654 |     11223|       0.18      17.72|
Info:     130000 |    42821      84957 |  221   709 |     10744|       0.15      17.87|
Info:     131000 |    43023      85673 |  202   716 |     10007|       0.14      18.00|
Info:     132000 |    43247      86378 |  224   705 |      9361|       0.17      18.18|
Info:     133000 |    43450      87058 |  203   680 |      8614|       0.15      18.33|
Info:     134000 |    43743      87634 |  293   576 |      8088|       0.20      18.52|
Info:     135000 |    44051      88257 |  308   623 |      7570|       0.19      18.72|
Info:     136000 |    44308      88866 |  257   609 |      7070|       0.21      18.93|
Info:     137000 |    44494      89567 |  186   701 |      6326|       0.16      19.09|
Info:     138000 |    44693      90279 |  199   712 |      5624|       0.16      19.25|
Info:     139000 |    44800      91172 |  107   893 |      4746|       0.12      19.37|
Info:     140000 |    45027      91945 |  227   773 |      3992|       0.13      19.50|
Info:     141000 |    45241      92731 |  214   786 |      3206|       0.13      19.63|
Info:     142000 |    45472      93397 |  231   666 |      2586|       0.28      19.90|
Info:     143000 |    45657      94080 |  185   683 |      1893|       0.28      20.19|
Info:     144000 |    45882      94754 |  225   674 |      1350|       0.40      20.59|
Info:     145000 |    46097      95432 |  215   678 |       716|       0.39      20.98|
Info:     146000 |    46284      96128 |  187   696 |        38|       0.79      21.77|
Info:     146038 |    46285      96158 |    1    30 |         0|       0.08      21.86|
Info: Routing complete.
Info: Router1 time 21.86s
Info: Checksum: 0xe80641dc

Info: Critical path report for clock 'clk_i' (posedge -> posedge):
Info:       type curr  total name
Info:   clk-to-q  5.83  5.83 Source tag_bank_w0.mem.0.0.DOB1
Info:    routing  1.11  6.94 Net ic_tag_rdata[41] (55,22) -> (54,24)
Info:                          Sink u_ibex_core.if_stage_i.icache.way0_valid_LUT4_A_Z_LUT4_D_Z_LUT4_Z_D_PFUMX_Z_C0_LUT4_Z.D
Info:                          Defined in:
Info:                               ${REPO_ROOT}/flow/out/arch/ibex_top.v:11886.14-11886.22
Info:      logic  0.24  7.17 Source u_ibex_core.if_stage_i.icache.way0_valid_LUT4_A_Z_LUT4_D_Z_LUT4_Z_D_PFUMX_Z_C0_LUT4_Z.F
Info:    routing  0.42  7.59 Net u_ibex_core.if_stage_i.icache.way0_valid_LUT4_A_Z_LUT4_D_Z_LUT4_Z_D_PFUMX_Z_C0[4] (54,24) -> (54,24)
Info:                          Sink u_ibex_core.if_stage_i.icache.way0_valid_LUT4_A_Z_LUT4_D_Z_LUT4_Z_D_PFUMX_Z_BLUT_LUT4_Z.M
Info:                          Defined in:
Info:                               /opt/homebrew/bin/../share/yosys/lattice/cells_map_trellis.v:108.23-108.24
Info:      logic  0.26  7.85 Source u_ibex_core.if_stage_i.icache.way0_valid_LUT4_A_Z_LUT4_D_Z_LUT4_Z_D_PFUMX_Z_BLUT_LUT4_Z.OFX
Info:    routing  0.79  8.64 Net u_ibex_core.if_stage_i.icache.way0_valid_LUT4_A_Z_LUT4_D_Z_LUT4_Z_D[0] (54,24) -> (54,24)
Info:                          Sink u_ibex_core.if_stage_i.icache.way0_valid_LUT4_A_Z_LUT4_D_Z_LUT4_Z.A
Info:                          Defined in:
Info:                               /opt/homebrew/bin/../share/yosys/lattice/cells_map_trellis.v:108.23-108.24
Info:      logic  0.24  8.87 Source u_ibex_core.if_stage_i.icache.way0_valid_LUT4_A_Z_LUT4_D_Z_LUT4_Z.F
Info:    routing  1.57  10.44 Net instr_rvalid_i_LUT4_B_2_Z_LUT4_D_Z_PFUMX_BLUT_Z[5] (54,24) -> (55,14)
Info:                          Sink instr_rvalid_i_LUT4_B_1_Z_LUT4_D_Z_LUT4_Z.D
Info:                          Defined in:
Info:                               /opt/homebrew/bin/../share/yosys/lattice/cells_map_trellis.v:108.23-108.24
Info:      logic  0.24  10.67 Source instr_rvalid_i_LUT4_B_1_Z_LUT4_D_Z_LUT4_Z.F
Info:    routing  1.58  12.25 Net instr_rvalid_i_LUT4_B_1_Z_LUT4_D_Z[5] (55,14) -> (50,24)
Info:                          Sink u_ibex_core.if_stage_i.icache.lookup_addr_ic0_LUT4_Z_7_D_LUT4_D_Z_LUT4_Z_D_L6MUX21_Z_D0_PFUMX_Z_BLUT_LUT4_Z_C_CCU2C_S0_COUT_CCU2C_CIN_S0_LUT4_D_3_Z_PFUMX_C0_Z_L6MUX21_Z_2_D1_PFUMX_Z_ALUT_LUT4_Z.M
Info:                          Defined in:
Info:                               /opt/homebrew/bin/../share/yosys/lattice/cells_map_trellis.v:108.23-108.24
Info:      logic  0.26  12.51 Source u_ibex_core.if_stage_i.icache.lookup_addr_ic0_LUT4_Z_7_D_LUT4_D_Z_LUT4_Z_D_L6MUX21_Z_D0_PFUMX_Z_BLUT_LUT4_Z_C_CCU2C_S0_COUT_CCU2C_CIN_S0_LUT4_D_3_Z_PFUMX_C0_Z_L6MUX21_Z_2_D1_PFUMX_Z_ALUT_LUT4_Z.OFX
Info:    routing  0.76  13.27 Net u_ibex_core.if_stage_i.icache.lookup_addr_ic0_LUT4_Z_7_D_LUT4_D_Z_LUT4_Z_D_L6MUX21_Z_D0_PFUMX_Z_BLUT_LUT4_Z_C_CCU2C_S0_COUT_CCU2C_CIN_S0_LUT4_D_3_Z_PFUMX_C0_Z[6] (50,24) -> (51,27)
Info:                          Sink u_ibex_core.if_stage_i.icache.lookup_addr_ic0_LUT4_Z_7_D_LUT4_D_Z_LUT4_Z_D_LUT4_D_1_Z_LUT4_Z_B_LUT4_D_Z_LUT4_D_Z_PFUMX_C0_Z_LUT4_D.C
Info:                          Defined in:
Info:                               /opt/homebrew/bin/../share/yosys/lattice/cells_map_trellis.v:108.23-108.24
Info:      logic  0.24  13.50 Source u_ibex_core.if_stage_i.icache.lookup_addr_ic0_LUT4_Z_7_D_LUT4_D_Z_LUT4_Z_D_LUT4_D_1_Z_LUT4_Z_B_LUT4_D_Z_LUT4_D_Z_PFUMX_C0_Z_LUT4_D.F
Info:    routing  0.00  13.50 Net u_ibex_core.if_stage_i.icache.lookup_addr_ic0_LUT4_Z_7_D_LUT4_D_Z_LUT4_Z_D_LUT4_D_1_Z_LUT4_Z_B_LUT4_D_Z_LUT4_D_Z_PFUMX_C0_Z_LUT4_D_Z (51,27) -> (51,27)
Info:                          Sink u_ibex_core.if_stage_i.icache.lookup_addr_ic0_LUT4_Z_7_D_LUT4_D_Z_LUT4_Z_D_LUT4_D_1_Z_LUT4_Z_B_LUT4_D_Z_LUT4_D_Z_PFUMX_C0_Z_PFUMX_C0_BLUT_LUT4_Z.F1
Info:                          Defined in:
Info:                               /opt/homebrew/bin/../share/yosys/lattice/cells_map_trellis.v:133.22-133.24
Info:      logic  0.17  13.67 Source u_ibex_core.if_stage_i.icache.lookup_addr_ic0_LUT4_Z_7_D_LUT4_D_Z_LUT4_Z_D_LUT4_D_1_Z_LUT4_Z_B_LUT4_D_Z_LUT4_D_Z_PFUMX_C0_Z_PFUMX_C0_BLUT_LUT4_Z.OFX
Info:    routing  1.02  14.69 Net instr_addr_o_PFUMX_Z_C0_LUT4_Z_D_LUT4_Z_C_LUT4_D_1_Z_LUT4_Z_B_PFUMX_Z_3_C0[2] (51,27) -> (54,21)
Info:                          Sink instr_rvalid_i_LUT4_B_2_Z_LUT4_B_Z_PFUMX_BLUT_Z_LUT4_Z.A
Info:                          Defined in:
Info:                               /opt/homebrew/bin/../share/yosys/lattice/cells_map_trellis.v:108.23-108.24
Info:      logic  0.24  14.93 Source instr_rvalid_i_LUT4_B_2_Z_LUT4_B_Z_PFUMX_BLUT_Z_LUT4_Z.F
Info:    routing  1.94  16.87 Net instr_rvalid_i_LUT4_B_2_Z_LUT4_B_Z_PFUMX_BLUT_Z[1] (54,21) -> (70,26)
Info:                          Sink instr_rvalid_i_LUT4_B_2_Z_LUT4_B_Z_PFUMX_BLUT_Z_LUT4_Z_2_D_LUT4_Z_1.D
Info:                          Defined in:
Info:                               /opt/homebrew/bin/../share/yosys/lattice/cells_map_trellis.v:108.23-108.24
Info:      logic  0.24  17.10 Source instr_rvalid_i_LUT4_B_2_Z_LUT4_B_Z_PFUMX_BLUT_Z_LUT4_Z_2_D_LUT4_Z_1.F
Info:    routing  0.42  17.52 Net instr_rvalid_i_LUT4_B_2_Z_LUT4_B_Z_PFUMX_BLUT_Z_LUT4_Z_2_D[3] (70,26) -> (70,26)
Info:                          Sink instr_rvalid_i_LUT4_B_2_Z_LUT4_B_Z_PFUMX_BLUT_Z_LUT4_Z_2.D
Info:                          Defined in:
Info:                               /opt/homebrew/bin/../share/yosys/lattice/cells_map_trellis.v:108.23-108.24
Info:      logic  0.24  17.76 Source instr_rvalid_i_LUT4_B_2_Z_LUT4_B_Z_PFUMX_BLUT_Z_LUT4_Z_2.F
Info:    routing  2.54  20.30 Net instr_addr_o_PFUMX_Z_C0_LUT4_Z_D_LUT4_Z_C_LUT4_D_1_Z_LUT4_Z_D_LUT4_Z_D_LUT4_Z_A[1] (70,26) -> (40,16)
Info:                          Sink u_ibex_core.if_stage_i.instr_valid_id_d_LUT4_Z_C_LUT4_Z_D_LUT4_D_1_Z_LUT4_D_Z_TRELLIS_FF_DI_Q_LUT4_Z.B
Info:                          Defined in:
Info:                               /opt/homebrew/bin/../share/yosys/lattice/cells_map_trellis.v:108.23-108.24
Info:      logic  0.24  20.54 Source u_ibex_core.if_stage_i.instr_valid_id_d_LUT4_Z_C_LUT4_Z_D_LUT4_D_1_Z_LUT4_D_Z_TRELLIS_FF_DI_Q_LUT4_Z.F
Info:    routing  2.00  22.54 Net instr_rvalid_i_LUT4_B_2_Z_LUT4_B_Z_PFUMX_BLUT_Z_LUT4_Z_1_B_PFUMX_C0_5_Z_PFUMX_C0_Z_L6MUX21_D1_Z_LUT4_D_Z[3] (40,16) -> (56,18)
Info:                          Sink u_ibex_core.if_stage_i.icache.output_stage.nonheld_rdata_L6MUX21_Z_4_D0_L6MUX21_Z_D0_PFUMX_Z_ALUT_LUT4_Z.D
Info:                          Defined in:
Info:                               /opt/homebrew/bin/../share/yosys/lattice/cells_map_trellis.v:108.23-108.24
Info:      logic  0.24  22.77 Source u_ibex_core.if_stage_i.icache.output_stage.nonheld_rdata_L6MUX21_Z_4_D0_L6MUX21_Z_D0_PFUMX_Z_ALUT_LUT4_Z.F
Info:    routing  0.00  22.77 Net u_ibex_core.if_stage_i.icache.output_stage.nonheld_rdata_L6MUX21_Z_4_D0_L6MUX21_Z_D0_PFUMX_Z_ALUT (56,18) -> (56,18)
Info:                          Sink u_ibex_core.if_stage_i.icache.output_stage.nonheld_rdata_L6MUX21_Z_4_D0_L6MUX21_Z_D0_PFUMX_Z_BLUT_LUT4_Z.F1
Info:                          Defined in:
Info:                               /opt/homebrew/bin/../share/yosys/lattice/cells_map_trellis.v:157.22-157.24
Info:      logic  0.17  22.94 Source u_ibex_core.if_stage_i.icache.output_stage.nonheld_rdata_L6MUX21_Z_4_D0_L6MUX21_Z_D0_PFUMX_Z_BLUT_LUT4_Z.OFX
Info:    routing  0.00  22.94 Net u_ibex_core.if_stage_i.icache.output_stage.nonheld_rdata_L6MUX21_Z_4_D0_L6MUX21_Z_D0 (56,18) -> (56,18)
Info:                          Sink u_ibex_core.if_stage_i.icache.output_stage.nonheld_rdata_L6MUX21_Z_4_D0_L6MUX21_Z_D1_PFUMX_Z_ALUT_LUT4_Z.FXA
Info:                          Defined in:
Info:                               /opt/homebrew/bin/../share/yosys/lattice/cells_map_trellis.v:157.50-157.52
Info:      logic  0.24  23.18 Source u_ibex_core.if_stage_i.icache.output_stage.nonheld_rdata_L6MUX21_Z_4_D0_L6MUX21_Z_D1_PFUMX_Z_ALUT_LUT4_Z.OFX
Info:    routing  0.00  23.18 Net u_ibex_core.if_stage_i.icache.output_stage.nonheld_rdata_L6MUX21_Z_4_D0 (56,18) -> (56,18)
Info:                          Sink u_ibex_core.if_stage_i.icache.output_stage.nonheld_rdata_L6MUX21_Z_4_D1_L6MUX21_Z_D0_PFUMX_Z_ALUT_LUT4_Z.FXA
Info:                          Defined in:
Info:                               /opt/homebrew/bin/../share/yosys/lattice/cells_map_trellis.v:157.66-157.68
Info:      logic  0.24  23.42 Source u_ibex_core.if_stage_i.icache.output_stage.nonheld_rdata_L6MUX21_Z_4_D1_L6MUX21_Z_D0_PFUMX_Z_ALUT_LUT4_Z.OFX
Info:    routing  3.30  26.72 Net u_ibex_core.if_stage_i.cd.cm_sp_offset_q_TRELLIS_FF_Q_6_DI_LUT4_C_Z_LUT4_D_Z_LUT4_Z_D_LUT4_Z_D_LUT4_Z_C_LUT4_C_B[4] (56,18) -> (21,29)
Info:                          Sink u_ibex_core.if_stage_i.cd.cm_sp_offset_q_TRELLIS_FF_Q_6_DI_LUT4_C_Z_LUT4_D_Z_LUT4_Z_D_LUT4_Z_D_LUT4_Z_C_LUT4_C_B_L6MUX21_Z_D1_PFUMX_Z_ALUT_LUT4_Z.M
Info:                          Defined in:
Info:                               ${REPO_ROOT}/flow/out/arch/ibex_top.v:12808.14-12808.27
Info:      logic  0.26  26.98 Source u_ibex_core.if_stage_i.cd.cm_sp_offset_q_TRELLIS_FF_Q_6_DI_LUT4_C_Z_LUT4_D_Z_LUT4_Z_D_LUT4_Z_D_LUT4_Z_C_LUT4_C_B_L6MUX21_Z_D1_PFUMX_Z_ALUT_LUT4_Z.OFX
Info:    routing  1.16  28.14 Net u_ibex_core.if_stage_i.instr_decompressed_PFUMX_Z_6_C0_LUT4_Z_A[4] (21,29) -> (15,32)
Info:                          Sink u_ibex_core.if_stage_i.icache.output_stage.nonheld_rdata_LUT4_Z_14_D_LUT4_D_Z_PFUMX_Z_C0_LUT4_Z_1_A_PFUMX_C0_Z_CCU2C_B1_B0_L6MUX21_Z_SD_LUT4_B_Z_LUT4_D_Z_LUT4_Z_1.D
Info:                          Defined in:
Info:                               /opt/homebrew/bin/../share/yosys/lattice/cells_map_trellis.v:108.23-108.24
Info:      logic  0.24  28.37 Source u_ibex_core.if_stage_i.icache.output_stage.nonheld_rdata_LUT4_Z_14_D_LUT4_D_Z_PFUMX_Z_C0_LUT4_Z_1_A_PFUMX_C0_Z_CCU2C_B1_B0_L6MUX21_Z_SD_LUT4_B_Z_LUT4_D_Z_LUT4_Z_1.F
Info:    routing  1.19  29.56 Net u_ibex_core.if_stage_i.illegal_c_insn_LUT4_Z_A[1] (15,32) -> (15,28)
Info:                          Sink u_ibex_core.if_stage_i.instr_decompressed_PFUMX_Z_BLUT_LUT4_Z_D_LUT4_D_1_Z_L6MUX21_Z_D1_L6MUX21_Z_SD_PFUMX_C0_Z_LUT4_Z.D
Info:                          Defined in:
Info:                               /opt/homebrew/bin/../share/yosys/lattice/cells_map_trellis.v:108.23-108.24
Info:      logic  0.24  29.80 Source u_ibex_core.if_stage_i.instr_decompressed_PFUMX_Z_BLUT_LUT4_Z_D_LUT4_D_1_Z_L6MUX21_Z_D1_L6MUX21_Z_SD_PFUMX_C0_Z_LUT4_Z.F
Info:    routing  1.08  30.88 Net u_ibex_core.if_stage_i.instr_decompressed_LUT4_Z_8_D_LUT4_Z_B[6] (15,28) -> (14,24)
Info:                          Sink u_ibex_core.if_stage_i.instr_decompressed_PFUMX_Z_BLUT_LUT4_Z_D_LUT4_D_1_Z_L6MUX21_Z_D1_L6MUX21_Z_D0_PFUMX_Z_ALUT_LUT4_Z.M
Info:                          Defined in:
Info:                               /opt/homebrew/bin/../share/yosys/lattice/cells_map_trellis.v:108.23-108.24
Info:      logic  0.26  31.14 Source u_ibex_core.if_stage_i.instr_decompressed_PFUMX_Z_BLUT_LUT4_Z_D_LUT4_D_1_Z_L6MUX21_Z_D1_L6MUX21_Z_D0_PFUMX_Z_ALUT_LUT4_Z.OFX
Info:    routing  1.08  32.22 Net u_ibex_core.if_stage_i.instr_decompressed_PFUMX_Z_BLUT_LUT4_Z_D_LUT4_D_1_Z[2] (14,24) -> (13,25)
Info:                          Sink u_ibex_core.if_stage_i.instr_decompressed_L6MUX21_Z_2_D0_PFUMX_Z_BLUT_LUT4_Z.C
Info:                          Defined in:
Info:                               /opt/homebrew/bin/../share/yosys/lattice/cells_map_trellis.v:108.23-108.24
Info:      logic  0.40  32.62 Source u_ibex_core.if_stage_i.instr_decompressed_L6MUX21_Z_2_D0_PFUMX_Z_BLUT_LUT4_Z.OFX
Info:    routing  0.00  32.62 Net u_ibex_core.if_stage_i.instr_decompressed_L6MUX21_Z_2_D0 (13,25) -> (13,25)
Info:                          Sink u_ibex_core.if_stage_i.instr_decompressed_L6MUX21_Z_2_D1_PFUMX_Z_ALUT_LUT4_Z.FXA
Info:                          Defined in:
Info:                               /opt/homebrew/bin/../share/yosys/lattice/cells_map_trellis.v:141.34-141.36
Info:      logic  0.24  32.86 Source u_ibex_core.if_stage_i.instr_decompressed_L6MUX21_Z_2_D1_PFUMX_Z_ALUT_LUT4_Z.OFX
Info:    routing  2.46  35.31 Net u_ibex_core.if_stage_i.instr_decompressed[17] (13,25) -> (34,36)
Info:                          Sink u_ibex_core.if_stage_i.instr_rdata_alu_id_o_TRELLIS_FF_Q_16.M
Info:                          Defined in:
Info:                               ${REPO_ROOT}/flow/out/arch/ibex_top.v:14018.14-14018.32
Info:      setup  0.00  35.31 Source u_ibex_core.if_stage_i.instr_rdata_alu_id_o_TRELLIS_FF_Q_16.M
Info: 10.90 ns logic, 24.42 ns routing

Warning: Max frequency for clock 'clk_i': 28.32 MHz (FAIL at 50.00 MHz)

Info: Slack histogram:
Info:  legend: * represents 21 endpoint(s)
Info:          + represents [1,21) endpoint(s)
Info: [-15314, -13595) |+
Info: [-13595, -11876) |******+
Info: [-11876, -10157) |*******************+
Info: [-10157,  -8438) |************************************************************ 
Info: [ -8438,  -6719) |******************************************+
Info: [ -6719,  -5000) |*************************+
Info: [ -5000,  -3281) |******************+
Info: [ -3281,  -1562) |********************************************+
Info: [ -1562,    157) |*************+
Info: [   157,   1876) |**********+
Info: [  1876,   3595) |*********+
Info: [  3595,   5314) |**************************+
Info: [  5314,   7033) |**************************+
Info: [  7033,   8752) |*+
Info: [  8752,  10471) |+
Info: [ 10471,  12190) |****+
Info: [ 12190,  13909) |*+
Info: [ 13909,  15628) |+
Info: [ 15628,  17347) |***+
Info: [ 17347,  19066) |*****+
788 warnings, 0 errors

Info: Program finished normally.
