Info: constraining clock net 'clk_i' to 50.00 MHz
Warning: IO 'test_en_i' is unconstrained in LPF and will be automatically placed
Warning: IO 'scramble_req_o' is unconstrained in LPF and will be automatically placed
Warning: IO 'scramble_nonce_i[63]' is unconstrained in LPF and will be automatically placed
Warning: IO 'scramble_nonce_i[62]' is unconstrained in LPF and will be automatically placed
Warning: IO 'scramble_nonce_i[61]' is unconstrained in LPF and will be automatically placed
Warning: IO 'scramble_nonce_i[60]' is unconstrained in LPF and will be automatically placed
Warning: IO 'scramble_nonce_i[59]' is unconstrained in LPF and will be automatically placed
Warning: IO 'scramble_nonce_i[58]' is unconstrained in LPF and will be automatically placed
Warning: IO 'scramble_nonce_i[57]' is unconstrained in LPF and will be automatically placed
Warning: IO 'scramble_nonce_i[56]' is unconstrained in LPF and will be automatically placed
Warning: IO 'scramble_nonce_i[55]' is unconstrained in LPF and will be automatically placed
Warning: IO 'scramble_nonce_i[54]' is unconstrained in LPF and will be automatically placed
Warning: IO 'scramble_nonce_i[53]' is unconstrained in LPF and will be automatically placed
Warning: IO 'scramble_nonce_i[52]' is unconstrained in LPF and will be automatically placed
Warning: IO 'scramble_nonce_i[51]' is unconstrained in LPF and will be automatically placed
Warning: IO 'scramble_nonce_i[50]' is unconstrained in LPF and will be automatically placed
Warning: IO 'scramble_nonce_i[49]' is unconstrained in LPF and will be automatically placed
Warning: IO 'scramble_nonce_i[48]' is unconstrained in LPF and will be automatically placed
Warning: IO 'scramble_nonce_i[47]' is unconstrained in LPF and will be automatically placed
Warning: IO 'scramble_nonce_i[46]' is unconstrained in LPF and will be automatically placed
Warning: IO 'scramble_nonce_i[45]' is unconstrained in LPF and will be automatically placed
Warning: IO 'scramble_nonce_i[44]' is unconstrained in LPF and will be automatically placed
Warning: IO 'scramble_nonce_i[43]' is unconstrained in LPF and will be automatically placed
Warning: IO 'scramble_nonce_i[42]' is unconstrained in LPF and will be automatically placed
Warning: IO 'scramble_nonce_i[41]' is unconstrained in LPF and will be automatically placed
Warning: IO 'scramble_nonce_i[40]' is unconstrained in LPF and will be automatically placed
Warning: IO 'scramble_nonce_i[39]' is unconstrained in LPF and will be automatically placed
Warning: IO 'scramble_nonce_i[38]' is unconstrained in LPF and will be automatically placed
Warning: IO 'scramble_nonce_i[37]' is unconstrained in LPF and will be automatically placed
Warning: IO 'scramble_nonce_i[36]' is unconstrained in LPF and will be automatically placed
Warning: IO 'scramble_nonce_i[35]' is unconstrained in LPF and will be automatically placed
Warning: IO 'scramble_nonce_i[34]' is unconstrained in LPF and will be automatically placed
Warning: IO 'scramble_nonce_i[33]' is unconstrained in LPF and will be automatically placed
Warning: IO 'scramble_nonce_i[32]' is unconstrained in LPF and will be automatically placed
Warning: IO 'scramble_nonce_i[31]' is unconstrained in LPF and will be automatically placed
Warning: IO 'scramble_nonce_i[30]' is unconstrained in LPF and will be automatically placed
Warning: IO 'scramble_nonce_i[29]' is unconstrained in LPF and will be automatically placed
Warning: IO 'scramble_nonce_i[28]' is unconstrained in LPF and will be automatically placed
Warning: IO 'scramble_nonce_i[27]' is unconstrained in LPF and will be automatically placed
Warning: IO 'scramble_nonce_i[26]' is unconstrained in LPF and will be automatically placed
Warning: IO 'scramble_nonce_i[25]' is unconstrained in LPF and will be automatically placed
Warning: IO 'scramble_nonce_i[24]' is unconstrained in LPF and will be automatically placed
Warning: IO 'scramble_nonce_i[23]' is unconstrained in LPF and will be automatically placed
Warning: IO 'scramble_nonce_i[22]' is unconstrained in LPF and will be automatically placed
Warning: IO 'scramble_nonce_i[21]' is unconstrained in LPF and will be automatically placed
Warning: IO 'scramble_nonce_i[20]' is unconstrained in LPF and will be automatically placed
Warning: IO 'scramble_nonce_i[19]' is unconstrained in LPF and will be automatically placed
Warning: IO 'scramble_nonce_i[18]' is unconstrained in LPF and will be automatically placed
Warning: IO 'scramble_nonce_i[17]' is unconstrained in LPF and will be automatically placed
Warning: IO 'scramble_nonce_i[16]' is unconstrained in LPF and will be automatically placed
Warning: IO 'scramble_nonce_i[15]' is unconstrained in LPF and will be automatically placed
Warning: IO 'scramble_nonce_i[14]' is unconstrained in LPF and will be automatically placed
Warning: IO 'scramble_nonce_i[13]' is unconstrained in LPF and will be automatically placed
Warning: IO 'scramble_nonce_i[12]' is unconstrained in LPF and will be automatically placed
Warning: IO 'scramble_nonce_i[11]' is unconstrained in LPF and will be automatically placed
Warning: IO 'scramble_nonce_i[10]' is unconstrained in LPF and will be automatically placed
Warning: IO 'scramble_nonce_i[9]' is unconstrained in LPF and will be automatically placed
Warning: IO 'scramble_nonce_i[8]' is unconstrained in LPF and will be automatically placed
Warning: IO 'scramble_nonce_i[7]' is unconstrained in LPF and will be automatically placed
Warning: IO 'scramble_nonce_i[6]' is unconstrained in LPF and will be automatically placed
Warning: IO 'scramble_nonce_i[5]' is unconstrained in LPF and will be automatically placed
Warning: IO 'scramble_nonce_i[4]' is unconstrained in LPF and will be automatically placed
Warning: IO 'scramble_nonce_i[3]' is unconstrained in LPF and will be automatically placed
Warning: IO 'scramble_nonce_i[2]' is unconstrained in LPF and will be automatically placed
Warning: IO 'scramble_nonce_i[1]' is unconstrained in LPF and will be automatically placed
Warning: IO 'scramble_nonce_i[0]' is unconstrained in LPF and will be automatically placed
Warning: IO 'scramble_key_valid_i' is unconstrained in LPF and will be automatically placed
Warning: IO 'scramble_key_i[127]' is unconstrained in LPF and will be automatically placed
Warning: IO 'scramble_key_i[126]' is unconstrained in LPF and will be automatically placed
Warning: IO 'scramble_key_i[125]' is unconstrained in LPF and will be automatically placed
Warning: IO 'scramble_key_i[124]' is unconstrained in LPF and will be automatically placed
Warning: IO 'scramble_key_i[123]' is unconstrained in LPF and will be automatically placed
Warning: IO 'scramble_key_i[122]' is unconstrained in LPF and will be automatically placed
Warning: IO 'scramble_key_i[121]' is unconstrained in LPF and will be automatically placed
Warning: IO 'scramble_key_i[120]' is unconstrained in LPF and will be automatically placed
Warning: IO 'scramble_key_i[119]' is unconstrained in LPF and will be automatically placed
Warning: IO 'scramble_key_i[118]' is unconstrained in LPF and will be automatically placed
Warning: IO 'scramble_key_i[117]' is unconstrained in LPF and will be automatically placed
Warning: IO 'scramble_key_i[116]' is unconstrained in LPF and will be automatically placed
Warning: IO 'scramble_key_i[115]' is unconstrained in LPF and will be automatically placed
Warning: IO 'scramble_key_i[114]' is unconstrained in LPF and will be automatically placed
Warning: IO 'scramble_key_i[113]' is unconstrained in LPF and will be automatically placed
Warning: IO 'scramble_key_i[112]' is unconstrained in LPF and will be automatically placed
Warning: IO 'scramble_key_i[111]' is unconstrained in LPF and will be automatically placed
Warning: IO 'scramble_key_i[110]' is unconstrained in LPF and will be automatically placed
Warning: IO 'scramble_key_i[109]' is unconstrained in LPF and will be automatically placed
Warning: IO 'scramble_key_i[108]' is unconstrained in LPF and will be automatically placed
Warning: IO 'scramble_key_i[107]' is unconstrained in LPF and will be automatically placed
Warning: IO 'scramble_key_i[106]' is unconstrained in LPF and will be automatically placed
Warning: IO 'scramble_key_i[105]' is unconstrained in LPF and will be automatically placed
Warning: IO 'scramble_key_i[104]' is unconstrained in LPF and will be automatically placed
Warning: IO 'scramble_key_i[103]' is unconstrained in LPF and will be automatically placed
Warning: IO 'scramble_key_i[102]' is unconstrained in LPF and will be automatically placed
Warning: IO 'scramble_key_i[101]' is unconstrained in LPF and will be automatically placed
Warning: IO 'scramble_key_i[100]' is unconstrained in LPF and will be automatically placed
Warning: IO 'scramble_key_i[99]' is unconstrained in LPF and will be automatically placed
Warning: IO 'scramble_key_i[98]' is unconstrained in LPF and will be automatically placed
Warning: IO 'scramble_key_i[97]' is unconstrained in LPF and will be automatically placed
Warning: IO 'scramble_key_i[96]' is unconstrained in LPF and will be automatically placed
Warning: IO 'scramble_key_i[95]' is unconstrained in LPF and will be automatically placed
Warning: IO 'scramble_key_i[94]' is unconstrained in LPF and will be automatically placed
Warning: IO 'scramble_key_i[93]' is unconstrained in LPF and will be automatically placed
Warning: IO 'scramble_key_i[92]' is unconstrained in LPF and will be automatically placed
Warning: IO 'scramble_key_i[91]' is unconstrained in LPF and will be automatically placed
Warning: IO 'scramble_key_i[90]' is unconstrained in LPF and will be automatically placed
Warning: IO 'scramble_key_i[89]' is unconstrained in LPF and will be automatically placed
Warning: IO 'scramble_key_i[88]' is unconstrained in LPF and will be automatically placed
Warning: IO 'scramble_key_i[87]' is unconstrained in LPF and will be automatically placed
Warning: IO 'scramble_key_i[86]' is unconstrained in LPF and will be automatically placed
Warning: IO 'scramble_key_i[85]' is unconstrained in LPF and will be automatically placed
Warning: IO 'scramble_key_i[84]' is unconstrained in LPF and will be automatically placed
Warning: IO 'scramble_key_i[83]' is unconstrained in LPF and will be automatically placed
Warning: IO 'scramble_key_i[82]' is unconstrained in LPF and will be automatically placed
Warning: IO 'scramble_key_i[81]' is unconstrained in LPF and will be automatically placed
Warning: IO 'scramble_key_i[80]' is unconstrained in LPF and will be automatically placed
Warning: IO 'scramble_key_i[79]' is unconstrained in LPF and will be automatically placed
Warning: IO 'scramble_key_i[78]' is unconstrained in LPF and will be automatically placed
Warning: IO 'scramble_key_i[77]' is unconstrained in LPF and will be automatically placed
Warning: IO 'scramble_key_i[76]' is unconstrained in LPF and will be automatically placed
Warning: IO 'scramble_key_i[75]' is unconstrained in LPF and will be automatically placed
Warning: IO 'scramble_key_i[74]' is unconstrained in LPF and will be automatically placed
Warning: IO 'scramble_key_i[73]' is unconstrained in LPF and will be automatically placed
Warning: IO 'scramble_key_i[72]' is unconstrained in LPF and will be automatically placed
Warning: IO 'scramble_key_i[71]' is unconstrained in LPF and will be automatically placed
Warning: IO 'scramble_key_i[70]' is unconstrained in LPF and will be automatically placed
Warning: IO 'scramble_key_i[69]' is unconstrained in LPF and will be automatically placed
Warning: IO 'scramble_key_i[68]' is unconstrained in LPF and will be automatically placed
Warning: IO 'scramble_key_i[67]' is unconstrained in LPF and will be automatically placed
Warning: IO 'scramble_key_i[66]' is unconstrained in LPF and will be automatically placed
Warning: IO 'scramble_key_i[65]' is unconstrained in LPF and will be automatically placed
Warning: IO 'scramble_key_i[64]' is unconstrained in LPF and will be automatically placed
Warning: IO 'scramble_key_i[63]' is unconstrained in LPF and will be automatically placed
Warning: IO 'scramble_key_i[62]' is unconstrained in LPF and will be automatically placed
Warning: IO 'scramble_key_i[61]' is unconstrained in LPF and will be automatically placed
Warning: IO 'scramble_key_i[60]' is unconstrained in LPF and will be automatically placed
Warning: IO 'scramble_key_i[59]' is unconstrained in LPF and will be automatically placed
Warning: IO 'scramble_key_i[58]' is unconstrained in LPF and will be automatically placed
Warning: IO 'scramble_key_i[57]' is unconstrained in LPF and will be automatically placed
Warning: IO 'scramble_key_i[56]' is unconstrained in LPF and will be automatically placed
Warning: IO 'scramble_key_i[55]' is unconstrained in LPF and will be automatically placed
Warning: IO 'scramble_key_i[54]' is unconstrained in LPF and will be automatically placed
Warning: IO 'scramble_key_i[53]' is unconstrained in LPF and will be automatically placed
Warning: IO 'scramble_key_i[52]' is unconstrained in LPF and will be automatically placed
Warning: IO 'scramble_key_i[51]' is unconstrained in LPF and will be automatically placed
Warning: IO 'scramble_key_i[50]' is unconstrained in LPF and will be automatically placed
Warning: IO 'scramble_key_i[49]' is unconstrained in LPF and will be automatically placed
Warning: IO 'scramble_key_i[48]' is unconstrained in LPF and will be automatically placed
Warning: IO 'scramble_key_i[47]' is unconstrained in LPF and will be automatically placed
Warning: IO 'scramble_key_i[46]' is unconstrained in LPF and will be automatically placed
Warning: IO 'scramble_key_i[45]' is unconstrained in LPF and will be automatically placed
Warning: IO 'scramble_key_i[44]' is unconstrained in LPF and will be automatically placed
Warning: IO 'scramble_key_i[43]' is unconstrained in LPF and will be automatically placed
Warning: IO 'scramble_key_i[42]' is unconstrained in LPF and will be automatically placed
Warning: IO 'scramble_key_i[41]' is unconstrained in LPF and will be automatically placed
Warning: IO 'scramble_key_i[40]' is unconstrained in LPF and will be automatically placed
Warning: IO 'scramble_key_i[39]' is unconstrained in LPF and will be automatically placed
Warning: IO 'scramble_key_i[38]' is unconstrained in LPF and will be automatically placed
Warning: IO 'scramble_key_i[37]' is unconstrained in LPF and will be automatically placed
Warning: IO 'scramble_key_i[36]' is unconstrained in LPF and will be automatically placed
Warning: IO 'scramble_key_i[35]' is unconstrained in LPF and will be automatically placed
Warning: IO 'scramble_key_i[34]' is unconstrained in LPF and will be automatically placed
Warning: IO 'scramble_key_i[33]' is unconstrained in LPF and will be automatically placed
Warning: IO 'scramble_key_i[32]' is unconstrained in LPF and will be automatically placed
Warning: IO 'scramble_key_i[31]' is unconstrained in LPF and will be automatically placed
Warning: IO 'scramble_key_i[30]' is unconstrained in LPF and will be automatically placed
Warning: IO 'scramble_key_i[29]' is unconstrained in LPF and will be automatically placed
Warning: IO 'scramble_key_i[28]' is unconstrained in LPF and will be automatically placed
Warning: IO 'scramble_key_i[27]' is unconstrained in LPF and will be automatically placed
Warning: IO 'scramble_key_i[26]' is unconstrained in LPF and will be automatically placed
Warning: IO 'scramble_key_i[25]' is unconstrained in LPF and will be automatically placed
Warning: IO 'scramble_key_i[24]' is unconstrained in LPF and will be automatically placed
Warning: IO 'scramble_key_i[23]' is unconstrained in LPF and will be automatically placed
Warning: IO 'scramble_key_i[22]' is unconstrained in LPF and will be automatically placed
Warning: IO 'scramble_key_i[21]' is unconstrained in LPF and will be automatically placed
Warning: IO 'scramble_key_i[20]' is unconstrained in LPF and will be automatically placed
Warning: IO 'scramble_key_i[19]' is unconstrained in LPF and will be automatically placed
Warning: IO 'scramble_key_i[18]' is unconstrained in LPF and will be automatically placed
Warning: IO 'scramble_key_i[17]' is unconstrained in LPF and will be automatically placed
Warning: IO 'scramble_key_i[16]' is unconstrained in LPF and will be automatically placed
Warning: IO 'scramble_key_i[15]' is unconstrained in LPF and will be automatically placed
Warning: IO 'scramble_key_i[14]' is unconstrained in LPF and will be automatically placed
Warning: IO 'scramble_key_i[13]' is unconstrained in LPF and will be automatically placed
Warning: IO 'scramble_key_i[12]' is unconstrained in LPF and will be automatically placed
Warning: IO 'scramble_key_i[11]' is unconstrained in LPF and will be automatically placed
Warning: IO 'scramble_key_i[10]' is unconstrained in LPF and will be automatically placed
Warning: IO 'scramble_key_i[9]' is unconstrained in LPF and will be automatically placed
Warning: IO 'scramble_key_i[8]' is unconstrained in LPF and will be automatically placed
Warning: IO 'scramble_key_i[7]' is unconstrained in LPF and will be automatically placed
Warning: IO 'scramble_key_i[6]' is unconstrained in LPF and will be automatically placed
Warning: IO 'scramble_key_i[5]' is unconstrained in LPF and will be automatically placed
Warning: IO 'scramble_key_i[4]' is unconstrained in LPF and will be automatically placed
Warning: IO 'scramble_key_i[3]' is unconstrained in LPF and will be automatically placed
Warning: IO 'scramble_key_i[2]' is unconstrained in LPF and will be automatically placed
Warning: IO 'scramble_key_i[1]' is unconstrained in LPF and will be automatically placed
Warning: IO 'scramble_key_i[0]' is unconstrained in LPF and will be automatically placed
Warning: IO 'scan_rst_ni' is unconstrained in LPF and will be automatically placed
Warning: IO 'rst_ni' is unconstrained in LPF and will be automatically placed
Warning: IO 'ram_cfg_rsp_icache_tag_o[1]' is unconstrained in LPF and will be automatically placed
Warning: IO 'ram_cfg_rsp_icache_tag_o[0]' is unconstrained in LPF and will be automatically placed
Warning: IO 'ram_cfg_rsp_icache_data_o[1]' is unconstrained in LPF and will be automatically placed
Warning: IO 'ram_cfg_rsp_icache_data_o[0]' is unconstrained in LPF and will be automatically placed
Warning: IO 'ram_cfg_icache_tag_i[11]' is unconstrained in LPF and will be automatically placed
Warning: IO 'ram_cfg_icache_tag_i[10]' is unconstrained in LPF and will be automatically placed
Warning: IO 'ram_cfg_icache_tag_i[9]' is unconstrained in LPF and will be automatically placed
Warning: IO 'ram_cfg_icache_tag_i[8]' is unconstrained in LPF and will be automatically placed
Warning: IO 'ram_cfg_icache_tag_i[7]' is unconstrained in LPF and will be automatically placed
Warning: IO 'ram_cfg_icache_tag_i[6]' is unconstrained in LPF and will be automatically placed
Warning: IO 'ram_cfg_icache_tag_i[5]' is unconstrained in LPF and will be automatically placed
Warning: IO 'ram_cfg_icache_tag_i[4]' is unconstrained in LPF and will be automatically placed
Warning: IO 'ram_cfg_icache_tag_i[3]' is unconstrained in LPF and will be automatically placed
Warning: IO 'ram_cfg_icache_tag_i[2]' is unconstrained in LPF and will be automatically placed
Warning: IO 'ram_cfg_icache_tag_i[1]' is unconstrained in LPF and will be automatically placed
Warning: IO 'ram_cfg_icache_tag_i[0]' is unconstrained in LPF and will be automatically placed
Warning: IO 'ram_cfg_icache_data_i[11]' is unconstrained in LPF and will be automatically placed
Warning: IO 'ram_cfg_icache_data_i[10]' is unconstrained in LPF and will be automatically placed
Warning: IO 'ram_cfg_icache_data_i[9]' is unconstrained in LPF and will be automatically placed
Warning: IO 'ram_cfg_icache_data_i[8]' is unconstrained in LPF and will be automatically placed
Warning: IO 'ram_cfg_icache_data_i[7]' is unconstrained in LPF and will be automatically placed
Warning: IO 'ram_cfg_icache_data_i[6]' is unconstrained in LPF and will be automatically placed
Warning: IO 'ram_cfg_icache_data_i[5]' is unconstrained in LPF and will be automatically placed
Warning: IO 'ram_cfg_icache_data_i[4]' is unconstrained in LPF and will be automatically placed
Warning: IO 'ram_cfg_icache_data_i[3]' is unconstrained in LPF and will be automatically placed
Warning: IO 'ram_cfg_icache_data_i[2]' is unconstrained in LPF and will be automatically placed
Warning: IO 'ram_cfg_icache_data_i[1]' is unconstrained in LPF and will be automatically placed
Warning: IO 'ram_cfg_icache_data_i[0]' is unconstrained in LPF and will be automatically placed
Warning: IO 'lockstep_cmp_en_o[3]' is unconstrained in LPF and will be automatically placed
Warning: IO 'lockstep_cmp_en_o[2]' is unconstrained in LPF and will be automatically placed
Warning: IO 'lockstep_cmp_en_o[1]' is unconstrained in LPF and will be automatically placed
Warning: IO 'lockstep_cmp_en_o[0]' is unconstrained in LPF and will be automatically placed
Warning: IO 'irq_timer_i' is unconstrained in LPF and will be automatically placed
Warning: IO 'irq_software_i' is unconstrained in LPF and will be automatically placed
Warning: IO 'irq_nm_i' is unconstrained in LPF and will be automatically placed
Warning: IO 'irq_fast_i[14]' is unconstrained in LPF and will be automatically placed
Warning: IO 'irq_fast_i[13]' is unconstrained in LPF and will be automatically placed
Warning: IO 'irq_fast_i[12]' is unconstrained in LPF and will be automatically placed
Warning: IO 'irq_fast_i[11]' is unconstrained in LPF and will be automatically placed
Warning: IO 'irq_fast_i[10]' is unconstrained in LPF and will be automatically placed
Warning: IO 'irq_fast_i[9]' is unconstrained in LPF and will be automatically placed
Warning: IO 'irq_fast_i[8]' is unconstrained in LPF and will be automatically placed
Warning: IO 'irq_fast_i[7]' is unconstrained in LPF and will be automatically placed
Warning: IO 'irq_fast_i[6]' is unconstrained in LPF and will be automatically placed
Warning: IO 'irq_fast_i[5]' is unconstrained in LPF and will be automatically placed
Warning: IO 'irq_fast_i[4]' is unconstrained in LPF and will be automatically placed
Warning: IO 'irq_fast_i[3]' is unconstrained in LPF and will be automatically placed
Warning: IO 'irq_fast_i[2]' is unconstrained in LPF and will be automatically placed
Warning: IO 'irq_fast_i[1]' is unconstrained in LPF and will be automatically placed
Warning: IO 'irq_fast_i[0]' is unconstrained in LPF and will be automatically placed
Warning: IO 'irq_external_i' is unconstrained in LPF and will be automatically placed
Warning: IO 'instr_rvalid_i' is unconstrained in LPF and will be automatically placed
Warning: IO 'instr_req_shadow_o' is unconstrained in LPF and will be automatically placed
Warning: IO 'instr_req_o' is unconstrained in LPF and will be automatically placed
Warning: IO 'instr_rdata_intg_i[6]' is unconstrained in LPF and will be automatically placed
Warning: IO 'instr_rdata_intg_i[5]' is unconstrained in LPF and will be automatically placed
Warning: IO 'instr_rdata_intg_i[4]' is unconstrained in LPF and will be automatically placed
Warning: IO 'instr_rdata_intg_i[3]' is unconstrained in LPF and will be automatically placed
Warning: IO 'instr_rdata_intg_i[2]' is unconstrained in LPF and will be automatically placed
Warning: IO 'instr_rdata_intg_i[1]' is unconstrained in LPF and will be automatically placed
Warning: IO 'instr_rdata_intg_i[0]' is unconstrained in LPF and will be automatically placed
Warning: IO 'instr_rdata_i[31]' is unconstrained in LPF and will be automatically placed
Warning: IO 'instr_rdata_i[30]' is unconstrained in LPF and will be automatically placed
Warning: IO 'instr_rdata_i[29]' is unconstrained in LPF and will be automatically placed
Warning: IO 'instr_rdata_i[28]' is unconstrained in LPF and will be automatically placed
Warning: IO 'instr_rdata_i[27]' is unconstrained in LPF and will be automatically placed
Warning: IO 'instr_rdata_i[26]' is unconstrained in LPF and will be automatically placed
Warning: IO 'instr_rdata_i[25]' is unconstrained in LPF and will be automatically placed
Warning: IO 'instr_rdata_i[24]' is unconstrained in LPF and will be automatically placed
Warning: IO 'instr_rdata_i[23]' is unconstrained in LPF and will be automatically placed
Warning: IO 'instr_rdata_i[22]' is unconstrained in LPF and will be automatically placed
Warning: IO 'instr_rdata_i[21]' is unconstrained in LPF and will be automatically placed
Warning: IO 'instr_rdata_i[20]' is unconstrained in LPF and will be automatically placed
Warning: IO 'instr_rdata_i[19]' is unconstrained in LPF and will be automatically placed
Warning: IO 'instr_rdata_i[18]' is unconstrained in LPF and will be automatically placed
Warning: IO 'instr_rdata_i[17]' is unconstrained in LPF and will be automatically placed
Warning: IO 'instr_rdata_i[16]' is unconstrained in LPF and will be automatically placed
Warning: IO 'instr_rdata_i[15]' is unconstrained in LPF and will be automatically placed
Warning: IO 'instr_rdata_i[14]' is unconstrained in LPF and will be automatically placed
Warning: IO 'instr_rdata_i[13]' is unconstrained in LPF and will be automatically placed
Warning: IO 'instr_rdata_i[12]' is unconstrained in LPF and will be automatically placed
Warning: IO 'instr_rdata_i[11]' is unconstrained in LPF and will be automatically placed
Warning: IO 'instr_rdata_i[10]' is unconstrained in LPF and will be automatically placed
Warning: IO 'instr_rdata_i[9]' is unconstrained in LPF and will be automatically placed
Warning: IO 'instr_rdata_i[8]' is unconstrained in LPF and will be automatically placed
Warning: IO 'instr_rdata_i[7]' is unconstrained in LPF and will be automatically placed
Warning: IO 'instr_rdata_i[6]' is unconstrained in LPF and will be automatically placed
Warning: IO 'instr_rdata_i[5]' is unconstrained in LPF and will be automatically placed
Warning: IO 'instr_rdata_i[4]' is unconstrained in LPF and will be automatically placed
Warning: IO 'instr_rdata_i[3]' is unconstrained in LPF and will be automatically placed
Warning: IO 'instr_rdata_i[2]' is unconstrained in LPF and will be automatically placed
Warning: IO 'instr_rdata_i[1]' is unconstrained in LPF and will be automatically placed
Warning: IO 'instr_rdata_i[0]' is unconstrained in LPF and will be automatically placed
Warning: IO 'instr_gnt_i' is unconstrained in LPF and will be automatically placed
Warning: IO 'instr_err_i' is unconstrained in LPF and will be automatically placed
Warning: IO 'instr_addr_shadow_o[31]' is unconstrained in LPF and will be automatically placed
Warning: IO 'instr_addr_shadow_o[30]' is unconstrained in LPF and will be automatically placed
Warning: IO 'instr_addr_shadow_o[29]' is unconstrained in LPF and will be automatically placed
Warning: IO 'instr_addr_shadow_o[28]' is unconstrained in LPF and will be automatically placed
Warning: IO 'instr_addr_shadow_o[27]' is unconstrained in LPF and will be automatically placed
Warning: IO 'instr_addr_shadow_o[26]' is unconstrained in LPF and will be automatically placed
Warning: IO 'instr_addr_shadow_o[25]' is unconstrained in LPF and will be automatically placed
Warning: IO 'instr_addr_shadow_o[24]' is unconstrained in LPF and will be automatically placed
Warning: IO 'instr_addr_shadow_o[23]' is unconstrained in LPF and will be automatically placed
Warning: IO 'instr_addr_shadow_o[22]' is unconstrained in LPF and will be automatically placed
Warning: IO 'instr_addr_shadow_o[21]' is unconstrained in LPF and will be automatically placed
Warning: IO 'instr_addr_shadow_o[20]' is unconstrained in LPF and will be automatically placed
Warning: IO 'instr_addr_shadow_o[19]' is unconstrained in LPF and will be automatically placed
Warning: IO 'instr_addr_shadow_o[18]' is unconstrained in LPF and will be automatically placed
Warning: IO 'instr_addr_shadow_o[17]' is unconstrained in LPF and will be automatically placed
Warning: IO 'instr_addr_shadow_o[16]' is unconstrained in LPF and will be automatically placed
Warning: IO 'instr_addr_shadow_o[15]' is unconstrained in LPF and will be automatically placed
Warning: IO 'instr_addr_shadow_o[14]' is unconstrained in LPF and will be automatically placed
Warning: IO 'instr_addr_shadow_o[13]' is unconstrained in LPF and will be automatically placed
Warning: IO 'instr_addr_shadow_o[12]' is unconstrained in LPF and will be automatically placed
Warning: IO 'instr_addr_shadow_o[11]' is unconstrained in LPF and will be automatically placed
Warning: IO 'instr_addr_shadow_o[10]' is unconstrained in LPF and will be automatically placed
Warning: IO 'instr_addr_shadow_o[9]' is unconstrained in LPF and will be automatically placed
Warning: IO 'instr_addr_shadow_o[8]' is unconstrained in LPF and will be automatically placed
Warning: IO 'instr_addr_shadow_o[7]' is unconstrained in LPF and will be automatically placed
Warning: IO 'instr_addr_shadow_o[6]' is unconstrained in LPF and will be automatically placed
Warning: IO 'instr_addr_shadow_o[5]' is unconstrained in LPF and will be automatically placed
Warning: IO 'instr_addr_shadow_o[4]' is unconstrained in LPF and will be automatically placed
Warning: IO 'instr_addr_shadow_o[3]' is unconstrained in LPF and will be automatically placed
Warning: IO 'instr_addr_shadow_o[2]' is unconstrained in LPF and will be automatically placed
Warning: IO 'instr_addr_shadow_o[1]' is unconstrained in LPF and will be automatically placed
Warning: IO 'instr_addr_shadow_o[0]' is unconstrained in LPF and will be automatically placed
Warning: IO 'instr_addr_o[31]' is unconstrained in LPF and will be automatically placed
Warning: IO 'instr_addr_o[30]' is unconstrained in LPF and will be automatically placed
Warning: IO 'instr_addr_o[29]' is unconstrained in LPF and will be automatically placed
Warning: IO 'instr_addr_o[28]' is unconstrained in LPF and will be automatically placed
Warning: IO 'instr_addr_o[27]' is unconstrained in LPF and will be automatically placed
Warning: IO 'instr_addr_o[26]' is unconstrained in LPF and will be automatically placed
Warning: IO 'instr_addr_o[25]' is unconstrained in LPF and will be automatically placed
Warning: IO 'instr_addr_o[24]' is unconstrained in LPF and will be automatically placed
Warning: IO 'instr_addr_o[23]' is unconstrained in LPF and will be automatically placed
Warning: IO 'instr_addr_o[22]' is unconstrained in LPF and will be automatically placed
Warning: IO 'instr_addr_o[21]' is unconstrained in LPF and will be automatically placed
Warning: IO 'instr_addr_o[20]' is unconstrained in LPF and will be automatically placed
Warning: IO 'instr_addr_o[19]' is unconstrained in LPF and will be automatically placed
Warning: IO 'instr_addr_o[18]' is unconstrained in LPF and will be automatically placed
Warning: IO 'instr_addr_o[17]' is unconstrained in LPF and will be automatically placed
Warning: IO 'instr_addr_o[16]' is unconstrained in LPF and will be automatically placed
Warning: IO 'instr_addr_o[15]' is unconstrained in LPF and will be automatically placed
Warning: IO 'instr_addr_o[14]' is unconstrained in LPF and will be automatically placed
Warning: IO 'instr_addr_o[13]' is unconstrained in LPF and will be automatically placed
Warning: IO 'instr_addr_o[12]' is unconstrained in LPF and will be automatically placed
Warning: IO 'instr_addr_o[11]' is unconstrained in LPF and will be automatically placed
Warning: IO 'instr_addr_o[10]' is unconstrained in LPF and will be automatically placed
Warning: IO 'instr_addr_o[9]' is unconstrained in LPF and will be automatically placed
Warning: IO 'instr_addr_o[8]' is unconstrained in LPF and will be automatically placed
Warning: IO 'instr_addr_o[7]' is unconstrained in LPF and will be automatically placed
Warning: IO 'instr_addr_o[6]' is unconstrained in LPF and will be automatically placed
Warning: IO 'instr_addr_o[5]' is unconstrained in LPF and will be automatically placed
Warning: IO 'instr_addr_o[4]' is unconstrained in LPF and will be automatically placed
Warning: IO 'instr_addr_o[3]' is unconstrained in LPF and will be automatically placed
Warning: IO 'instr_addr_o[2]' is unconstrained in LPF and will be automatically placed
Warning: IO 'instr_addr_o[1]' is unconstrained in LPF and will be automatically placed
Warning: IO 'instr_addr_o[0]' is unconstrained in LPF and will be automatically placed
Warning: IO 'hart_id_i[31]' is unconstrained in LPF and will be automatically placed
Warning: IO 'hart_id_i[30]' is unconstrained in LPF and will be automatically placed
Warning: IO 'hart_id_i[29]' is unconstrained in LPF and will be automatically placed
Warning: IO 'hart_id_i[28]' is unconstrained in LPF and will be automatically placed
Warning: IO 'hart_id_i[27]' is unconstrained in LPF and will be automatically placed
Warning: IO 'hart_id_i[26]' is unconstrained in LPF and will be automatically placed
Warning: IO 'hart_id_i[25]' is unconstrained in LPF and will be automatically placed
Warning: IO 'hart_id_i[24]' is unconstrained in LPF and will be automatically placed
Warning: IO 'hart_id_i[23]' is unconstrained in LPF and will be automatically placed
Warning: IO 'hart_id_i[22]' is unconstrained in LPF and will be automatically placed
Warning: IO 'hart_id_i[21]' is unconstrained in LPF and will be automatically placed
Warning: IO 'hart_id_i[20]' is unconstrained in LPF and will be automatically placed
Warning: IO 'hart_id_i[19]' is unconstrained in LPF and will be automatically placed
Warning: IO 'hart_id_i[18]' is unconstrained in LPF and will be automatically placed
Warning: IO 'hart_id_i[17]' is unconstrained in LPF and will be automatically placed
Warning: IO 'hart_id_i[16]' is unconstrained in LPF and will be automatically placed
Warning: IO 'hart_id_i[15]' is unconstrained in LPF and will be automatically placed
Warning: IO 'hart_id_i[14]' is unconstrained in LPF and will be automatically placed
Warning: IO 'hart_id_i[13]' is unconstrained in LPF and will be automatically placed
Warning: IO 'hart_id_i[12]' is unconstrained in LPF and will be automatically placed
Warning: IO 'hart_id_i[11]' is unconstrained in LPF and will be automatically placed
Warning: IO 'hart_id_i[10]' is unconstrained in LPF and will be automatically placed
Warning: IO 'hart_id_i[9]' is unconstrained in LPF and will be automatically placed
Warning: IO 'hart_id_i[8]' is unconstrained in LPF and will be automatically placed
Warning: IO 'hart_id_i[7]' is unconstrained in LPF and will be automatically placed
Warning: IO 'hart_id_i[6]' is unconstrained in LPF and will be automatically placed
Warning: IO 'hart_id_i[5]' is unconstrained in LPF and will be automatically placed
Warning: IO 'hart_id_i[4]' is unconstrained in LPF and will be automatically placed
Warning: IO 'hart_id_i[3]' is unconstrained in LPF and will be automatically placed
Warning: IO 'hart_id_i[2]' is unconstrained in LPF and will be automatically placed
Warning: IO 'hart_id_i[1]' is unconstrained in LPF and will be automatically placed
Warning: IO 'hart_id_i[0]' is unconstrained in LPF and will be automatically placed
Warning: IO 'fetch_enable_i[3]' is unconstrained in LPF and will be automatically placed
Warning: IO 'fetch_enable_i[2]' is unconstrained in LPF and will be automatically placed
Warning: IO 'fetch_enable_i[1]' is unconstrained in LPF and will be automatically placed
Warning: IO 'fetch_enable_i[0]' is unconstrained in LPF and will be automatically placed
Warning: IO 'double_fault_seen_o' is unconstrained in LPF and will be automatically placed
Warning: IO 'debug_req_i' is unconstrained in LPF and will be automatically placed
Warning: IO 'data_we_shadow_o' is unconstrained in LPF and will be automatically placed
Warning: IO 'data_we_o' is unconstrained in LPF and will be automatically placed
Warning: IO 'data_wdata_shadow_o[31]' is unconstrained in LPF and will be automatically placed
Warning: IO 'data_wdata_shadow_o[30]' is unconstrained in LPF and will be automatically placed
Warning: IO 'data_wdata_shadow_o[29]' is unconstrained in LPF and will be automatically placed
Warning: IO 'data_wdata_shadow_o[28]' is unconstrained in LPF and will be automatically placed
Warning: IO 'data_wdata_shadow_o[27]' is unconstrained in LPF and will be automatically placed
Warning: IO 'data_wdata_shadow_o[26]' is unconstrained in LPF and will be automatically placed
Warning: IO 'data_wdata_shadow_o[25]' is unconstrained in LPF and will be automatically placed
Warning: IO 'data_wdata_shadow_o[24]' is unconstrained in LPF and will be automatically placed
Warning: IO 'data_wdata_shadow_o[23]' is unconstrained in LPF and will be automatically placed
Warning: IO 'data_wdata_shadow_o[22]' is unconstrained in LPF and will be automatically placed
Warning: IO 'data_wdata_shadow_o[21]' is unconstrained in LPF and will be automatically placed
Warning: IO 'data_wdata_shadow_o[20]' is unconstrained in LPF and will be automatically placed
Warning: IO 'data_wdata_shadow_o[19]' is unconstrained in LPF and will be automatically placed
Warning: IO 'data_wdata_shadow_o[18]' is unconstrained in LPF and will be automatically placed
Warning: IO 'data_wdata_shadow_o[17]' is unconstrained in LPF and will be automatically placed
Warning: IO 'data_wdata_shadow_o[16]' is unconstrained in LPF and will be automatically placed
Warning: IO 'data_wdata_shadow_o[15]' is unconstrained in LPF and will be automatically placed
Warning: IO 'data_wdata_shadow_o[14]' is unconstrained in LPF and will be automatically placed
Warning: IO 'data_wdata_shadow_o[13]' is unconstrained in LPF and will be automatically placed
Warning: IO 'data_wdata_shadow_o[12]' is unconstrained in LPF and will be automatically placed
Warning: IO 'data_wdata_shadow_o[11]' is unconstrained in LPF and will be automatically placed
Warning: IO 'data_wdata_shadow_o[10]' is unconstrained in LPF and will be automatically placed
Warning: IO 'data_wdata_shadow_o[9]' is unconstrained in LPF and will be automatically placed
Warning: IO 'data_wdata_shadow_o[8]' is unconstrained in LPF and will be automatically placed
Warning: IO 'data_wdata_shadow_o[7]' is unconstrained in LPF and will be automatically placed
Warning: IO 'data_wdata_shadow_o[6]' is unconstrained in LPF and will be automatically placed
Warning: IO 'data_wdata_shadow_o[5]' is unconstrained in LPF and will be automatically placed
Warning: IO 'data_wdata_shadow_o[4]' is unconstrained in LPF and will be automatically placed
Warning: IO 'data_wdata_shadow_o[3]' is unconstrained in LPF and will be automatically placed
Warning: IO 'data_wdata_shadow_o[2]' is unconstrained in LPF and will be automatically placed
Warning: IO 'data_wdata_shadow_o[1]' is unconstrained in LPF and will be automatically placed
Warning: IO 'data_wdata_shadow_o[0]' is unconstrained in LPF and will be automatically placed
Warning: IO 'data_wdata_o[31]' is unconstrained in LPF and will be automatically placed
Warning: IO 'data_wdata_o[30]' is unconstrained in LPF and will be automatically placed
Warning: IO 'data_wdata_o[29]' is unconstrained in LPF and will be automatically placed
Warning: IO 'data_wdata_o[28]' is unconstrained in LPF and will be automatically placed
Warning: IO 'data_wdata_o[27]' is unconstrained in LPF and will be automatically placed
Warning: IO 'data_wdata_o[26]' is unconstrained in LPF and will be automatically placed
Warning: IO 'data_wdata_o[25]' is unconstrained in LPF and will be automatically placed
Warning: IO 'data_wdata_o[24]' is unconstrained in LPF and will be automatically placed
Warning: IO 'data_wdata_o[23]' is unconstrained in LPF and will be automatically placed
Warning: IO 'data_wdata_o[22]' is unconstrained in LPF and will be automatically placed
Warning: IO 'data_wdata_o[21]' is unconstrained in LPF and will be automatically placed
Warning: IO 'data_wdata_o[20]' is unconstrained in LPF and will be automatically placed
Warning: IO 'data_wdata_o[19]' is unconstrained in LPF and will be automatically placed
Warning: IO 'data_wdata_o[18]' is unconstrained in LPF and will be automatically placed
Warning: IO 'data_wdata_o[17]' is unconstrained in LPF and will be automatically placed
Warning: IO 'data_wdata_o[16]' is unconstrained in LPF and will be automatically placed
Warning: IO 'data_wdata_o[15]' is unconstrained in LPF and will be automatically placed
Warning: IO 'data_wdata_o[14]' is unconstrained in LPF and will be automatically placed
Warning: IO 'data_wdata_o[13]' is unconstrained in LPF and will be automatically placed
Warning: IO 'data_wdata_o[12]' is unconstrained in LPF and will be automatically placed
Warning: IO 'data_wdata_o[11]' is unconstrained in LPF and will be automatically placed
Warning: IO 'data_wdata_o[10]' is unconstrained in LPF and will be automatically placed
Warning: IO 'data_wdata_o[9]' is unconstrained in LPF and will be automatically placed
Warning: IO 'data_wdata_o[8]' is unconstrained in LPF and will be automatically placed
Warning: IO 'data_wdata_o[7]' is unconstrained in LPF and will be automatically placed
Warning: IO 'data_wdata_o[6]' is unconstrained in LPF and will be automatically placed
Warning: IO 'data_wdata_o[5]' is unconstrained in LPF and will be automatically placed
Warning: IO 'data_wdata_o[4]' is unconstrained in LPF and will be automatically placed
Warning: IO 'data_wdata_o[3]' is unconstrained in LPF and will be automatically placed
Warning: IO 'data_wdata_o[2]' is unconstrained in LPF and will be automatically placed
Warning: IO 'data_wdata_o[1]' is unconstrained in LPF and will be automatically placed
Warning: IO 'data_wdata_o[0]' is unconstrained in LPF and will be automatically placed
Warning: IO 'data_wdata_intg_shadow_o[6]' is unconstrained in LPF and will be automatically placed
Warning: IO 'data_wdata_intg_shadow_o[5]' is unconstrained in LPF and will be automatically placed
Warning: IO 'data_wdata_intg_shadow_o[4]' is unconstrained in LPF and will be automatically placed
Warning: IO 'data_wdata_intg_shadow_o[3]' is unconstrained in LPF and will be automatically placed
Warning: IO 'data_wdata_intg_shadow_o[2]' is unconstrained in LPF and will be automatically placed
Warning: IO 'data_wdata_intg_shadow_o[1]' is unconstrained in LPF and will be automatically placed
Warning: IO 'data_wdata_intg_shadow_o[0]' is unconstrained in LPF and will be automatically placed
Warning: IO 'data_wdata_intg_o[6]' is unconstrained in LPF and will be automatically placed
Warning: IO 'data_wdata_intg_o[5]' is unconstrained in LPF and will be automatically placed
Warning: IO 'data_wdata_intg_o[4]' is unconstrained in LPF and will be automatically placed
Warning: IO 'data_wdata_intg_o[3]' is unconstrained in LPF and will be automatically placed
Warning: IO 'data_wdata_intg_o[2]' is unconstrained in LPF and will be automatically placed
Warning: IO 'data_wdata_intg_o[1]' is unconstrained in LPF and will be automatically placed
Warning: IO 'data_wdata_intg_o[0]' is unconstrained in LPF and will be automatically placed
Warning: IO 'data_rvalid_i' is unconstrained in LPF and will be automatically placed
Warning: IO 'data_req_shadow_o' is unconstrained in LPF and will be automatically placed
Warning: IO 'data_req_o' is unconstrained in LPF and will be automatically placed
Warning: IO 'data_rdata_intg_i[6]' is unconstrained in LPF and will be automatically placed
Warning: IO 'data_rdata_intg_i[5]' is unconstrained in LPF and will be automatically placed
Warning: IO 'data_rdata_intg_i[4]' is unconstrained in LPF and will be automatically placed
Warning: IO 'data_rdata_intg_i[3]' is unconstrained in LPF and will be automatically placed
Warning: IO 'data_rdata_intg_i[2]' is unconstrained in LPF and will be automatically placed
Warning: IO 'data_rdata_intg_i[1]' is unconstrained in LPF and will be automatically placed
Warning: IO 'data_rdata_intg_i[0]' is unconstrained in LPF and will be automatically placed
Warning: IO 'data_rdata_i[31]' is unconstrained in LPF and will be automatically placed
Warning: IO 'data_rdata_i[30]' is unconstrained in LPF and will be automatically placed
Warning: IO 'data_rdata_i[29]' is unconstrained in LPF and will be automatically placed
Warning: IO 'data_rdata_i[28]' is unconstrained in LPF and will be automatically placed
Warning: IO 'data_rdata_i[27]' is unconstrained in LPF and will be automatically placed
Warning: IO 'data_rdata_i[26]' is unconstrained in LPF and will be automatically placed
Warning: IO 'data_rdata_i[25]' is unconstrained in LPF and will be automatically placed
Warning: IO 'data_rdata_i[24]' is unconstrained in LPF and will be automatically placed
Warning: IO 'data_rdata_i[23]' is unconstrained in LPF and will be automatically placed
Warning: IO 'data_rdata_i[22]' is unconstrained in LPF and will be automatically placed
Warning: IO 'data_rdata_i[21]' is unconstrained in LPF and will be automatically placed
Warning: IO 'data_rdata_i[20]' is unconstrained in LPF and will be automatically placed
Warning: IO 'data_rdata_i[19]' is unconstrained in LPF and will be automatically placed
Warning: IO 'data_rdata_i[18]' is unconstrained in LPF and will be automatically placed
Warning: IO 'data_rdata_i[17]' is unconstrained in LPF and will be automatically placed
Warning: IO 'data_rdata_i[16]' is unconstrained in LPF and will be automatically placed
Warning: IO 'data_rdata_i[15]' is unconstrained in LPF and will be automatically placed
Warning: IO 'data_rdata_i[14]' is unconstrained in LPF and will be automatically placed
Warning: IO 'data_rdata_i[13]' is unconstrained in LPF and will be automatically placed
Warning: IO 'data_rdata_i[12]' is unconstrained in LPF and will be automatically placed
Warning: IO 'data_rdata_i[11]' is unconstrained in LPF and will be automatically placed
Warning: IO 'data_rdata_i[10]' is unconstrained in LPF and will be automatically placed
Warning: IO 'data_rdata_i[9]' is unconstrained in LPF and will be automatically placed
Warning: IO 'data_rdata_i[8]' is unconstrained in LPF and will be automatically placed
Warning: IO 'data_rdata_i[7]' is unconstrained in LPF and will be automatically placed
Warning: IO 'data_rdata_i[6]' is unconstrained in LPF and will be automatically placed
Warning: IO 'data_rdata_i[5]' is unconstrained in LPF and will be automatically placed
Warning: IO 'data_rdata_i[4]' is unconstrained in LPF and will be automatically placed
Warning: IO 'data_rdata_i[3]' is unconstrained in LPF and will be automatically placed
Warning: IO 'data_rdata_i[2]' is unconstrained in LPF and will be automatically placed
Warning: IO 'data_rdata_i[1]' is unconstrained in LPF and will be automatically placed
Warning: IO 'data_rdata_i[0]' is unconstrained in LPF and will be automatically placed
Warning: IO 'data_gnt_i' is unconstrained in LPF and will be automatically placed
Warning: IO 'data_err_i' is unconstrained in LPF and will be automatically placed
Warning: IO 'data_be_shadow_o[3]' is unconstrained in LPF and will be automatically placed
Warning: IO 'data_be_shadow_o[2]' is unconstrained in LPF and will be automatically placed
Warning: IO 'data_be_shadow_o[1]' is unconstrained in LPF and will be automatically placed
Warning: IO 'data_be_shadow_o[0]' is unconstrained in LPF and will be automatically placed
Warning: IO 'data_be_o[3]' is unconstrained in LPF and will be automatically placed
Warning: IO 'data_be_o[2]' is unconstrained in LPF and will be automatically placed
Warning: IO 'data_be_o[1]' is unconstrained in LPF and will be automatically placed
Warning: IO 'data_be_o[0]' is unconstrained in LPF and will be automatically placed
Warning: IO 'data_addr_shadow_o[31]' is unconstrained in LPF and will be automatically placed
Warning: IO 'data_addr_shadow_o[30]' is unconstrained in LPF and will be automatically placed
Warning: IO 'data_addr_shadow_o[29]' is unconstrained in LPF and will be automatically placed
Warning: IO 'data_addr_shadow_o[28]' is unconstrained in LPF and will be automatically placed
Warning: IO 'data_addr_shadow_o[27]' is unconstrained in LPF and will be automatically placed
Warning: IO 'data_addr_shadow_o[26]' is unconstrained in LPF and will be automatically placed
Warning: IO 'data_addr_shadow_o[25]' is unconstrained in LPF and will be automatically placed
Warning: IO 'data_addr_shadow_o[24]' is unconstrained in LPF and will be automatically placed
Warning: IO 'data_addr_shadow_o[23]' is unconstrained in LPF and will be automatically placed
Warning: IO 'data_addr_shadow_o[22]' is unconstrained in LPF and will be automatically placed
Warning: IO 'data_addr_shadow_o[21]' is unconstrained in LPF and will be automatically placed
Warning: IO 'data_addr_shadow_o[20]' is unconstrained in LPF and will be automatically placed
Warning: IO 'data_addr_shadow_o[19]' is unconstrained in LPF and will be automatically placed
Warning: IO 'data_addr_shadow_o[18]' is unconstrained in LPF and will be automatically placed
Warning: IO 'data_addr_shadow_o[17]' is unconstrained in LPF and will be automatically placed
Warning: IO 'data_addr_shadow_o[16]' is unconstrained in LPF and will be automatically placed
Warning: IO 'data_addr_shadow_o[15]' is unconstrained in LPF and will be automatically placed
Warning: IO 'data_addr_shadow_o[14]' is unconstrained in LPF and will be automatically placed
Warning: IO 'data_addr_shadow_o[13]' is unconstrained in LPF and will be automatically placed
Warning: IO 'data_addr_shadow_o[12]' is unconstrained in LPF and will be automatically placed
Warning: IO 'data_addr_shadow_o[11]' is unconstrained in LPF and will be automatically placed
Warning: IO 'data_addr_shadow_o[10]' is unconstrained in LPF and will be automatically placed
Warning: IO 'data_addr_shadow_o[9]' is unconstrained in LPF and will be automatically placed
Warning: IO 'data_addr_shadow_o[8]' is unconstrained in LPF and will be automatically placed
Warning: IO 'data_addr_shadow_o[7]' is unconstrained in LPF and will be automatically placed
Warning: IO 'data_addr_shadow_o[6]' is unconstrained in LPF and will be automatically placed
Warning: IO 'data_addr_shadow_o[5]' is unconstrained in LPF and will be automatically placed
Warning: IO 'data_addr_shadow_o[4]' is unconstrained in LPF and will be automatically placed
Warning: IO 'data_addr_shadow_o[3]' is unconstrained in LPF and will be automatically placed
Warning: IO 'data_addr_shadow_o[2]' is unconstrained in LPF and will be automatically placed
Warning: IO 'data_addr_shadow_o[1]' is unconstrained in LPF and will be automatically placed
Warning: IO 'data_addr_shadow_o[0]' is unconstrained in LPF and will be automatically placed
Warning: IO 'data_addr_o[31]' is unconstrained in LPF and will be automatically placed
Warning: IO 'data_addr_o[30]' is unconstrained in LPF and will be automatically placed
Warning: IO 'data_addr_o[29]' is unconstrained in LPF and will be automatically placed
Warning: IO 'data_addr_o[28]' is unconstrained in LPF and will be automatically placed
Warning: IO 'data_addr_o[27]' is unconstrained in LPF and will be automatically placed
Warning: IO 'data_addr_o[26]' is unconstrained in LPF and will be automatically placed
Warning: IO 'data_addr_o[25]' is unconstrained in LPF and will be automatically placed
Warning: IO 'data_addr_o[24]' is unconstrained in LPF and will be automatically placed
Warning: IO 'data_addr_o[23]' is unconstrained in LPF and will be automatically placed
Warning: IO 'data_addr_o[22]' is unconstrained in LPF and will be automatically placed
Warning: IO 'data_addr_o[21]' is unconstrained in LPF and will be automatically placed
Warning: IO 'data_addr_o[20]' is unconstrained in LPF and will be automatically placed
Warning: IO 'data_addr_o[19]' is unconstrained in LPF and will be automatically placed
Warning: IO 'data_addr_o[18]' is unconstrained in LPF and will be automatically placed
Warning: IO 'data_addr_o[17]' is unconstrained in LPF and will be automatically placed
Warning: IO 'data_addr_o[16]' is unconstrained in LPF and will be automatically placed
Warning: IO 'data_addr_o[15]' is unconstrained in LPF and will be automatically placed
Warning: IO 'data_addr_o[14]' is unconstrained in LPF and will be automatically placed
Warning: IO 'data_addr_o[13]' is unconstrained in LPF and will be automatically placed
Warning: IO 'data_addr_o[12]' is unconstrained in LPF and will be automatically placed
Warning: IO 'data_addr_o[11]' is unconstrained in LPF and will be automatically placed
Warning: IO 'data_addr_o[10]' is unconstrained in LPF and will be automatically placed
Warning: IO 'data_addr_o[9]' is unconstrained in LPF and will be automatically placed
Warning: IO 'data_addr_o[8]' is unconstrained in LPF and will be automatically placed
Warning: IO 'data_addr_o[7]' is unconstrained in LPF and will be automatically placed
Warning: IO 'data_addr_o[6]' is unconstrained in LPF and will be automatically placed
Warning: IO 'data_addr_o[5]' is unconstrained in LPF and will be automatically placed
Warning: IO 'data_addr_o[4]' is unconstrained in LPF and will be automatically placed
Warning: IO 'data_addr_o[3]' is unconstrained in LPF and will be automatically placed
Warning: IO 'data_addr_o[2]' is unconstrained in LPF and will be automatically placed
Warning: IO 'data_addr_o[1]' is unconstrained in LPF and will be automatically placed
Warning: IO 'data_addr_o[0]' is unconstrained in LPF and will be automatically placed
Warning: IO 'crash_dump_o[159]' is unconstrained in LPF and will be automatically placed
Warning: IO 'crash_dump_o[158]' is unconstrained in LPF and will be automatically placed
Warning: IO 'crash_dump_o[157]' is unconstrained in LPF and will be automatically placed
Warning: IO 'crash_dump_o[156]' is unconstrained in LPF and will be automatically placed
Warning: IO 'crash_dump_o[155]' is unconstrained in LPF and will be automatically placed
Warning: IO 'crash_dump_o[154]' is unconstrained in LPF and will be automatically placed
Warning: IO 'crash_dump_o[153]' is unconstrained in LPF and will be automatically placed
Warning: IO 'crash_dump_o[152]' is unconstrained in LPF and will be automatically placed
Warning: IO 'crash_dump_o[151]' is unconstrained in LPF and will be automatically placed
Warning: IO 'crash_dump_o[150]' is unconstrained in LPF and will be automatically placed
Warning: IO 'crash_dump_o[149]' is unconstrained in LPF and will be automatically placed
Warning: IO 'crash_dump_o[148]' is unconstrained in LPF and will be automatically placed
Warning: IO 'crash_dump_o[147]' is unconstrained in LPF and will be automatically placed
Warning: IO 'crash_dump_o[146]' is unconstrained in LPF and will be automatically placed
Warning: IO 'crash_dump_o[145]' is unconstrained in LPF and will be automatically placed
Warning: IO 'crash_dump_o[144]' is unconstrained in LPF and will be automatically placed
Warning: IO 'crash_dump_o[143]' is unconstrained in LPF and will be automatically placed
Warning: IO 'crash_dump_o[142]' is unconstrained in LPF and will be automatically placed
Warning: IO 'crash_dump_o[141]' is unconstrained in LPF and will be automatically placed
Warning: IO 'crash_dump_o[140]' is unconstrained in LPF and will be automatically placed
Warning: IO 'crash_dump_o[139]' is unconstrained in LPF and will be automatically placed
Warning: IO 'crash_dump_o[138]' is unconstrained in LPF and will be automatically placed
Warning: IO 'crash_dump_o[137]' is unconstrained in LPF and will be automatically placed
Warning: IO 'crash_dump_o[136]' is unconstrained in LPF and will be automatically placed
Warning: IO 'crash_dump_o[135]' is unconstrained in LPF and will be automatically placed
Warning: IO 'crash_dump_o[134]' is unconstrained in LPF and will be automatically placed
Warning: IO 'crash_dump_o[133]' is unconstrained in LPF and will be automatically placed
Warning: IO 'crash_dump_o[132]' is unconstrained in LPF and will be automatically placed
Warning: IO 'crash_dump_o[131]' is unconstrained in LPF and will be automatically placed
Warning: IO 'crash_dump_o[130]' is unconstrained in LPF and will be automatically placed
Warning: IO 'crash_dump_o[129]' is unconstrained in LPF and will be automatically placed
Warning: IO 'crash_dump_o[128]' is unconstrained in LPF and will be automatically placed
Warning: IO 'crash_dump_o[127]' is unconstrained in LPF and will be automatically placed
Warning: IO 'crash_dump_o[126]' is unconstrained in LPF and will be automatically placed
Warning: IO 'crash_dump_o[125]' is unconstrained in LPF and will be automatically placed
Warning: IO 'crash_dump_o[124]' is unconstrained in LPF and will be automatically placed
Warning: IO 'crash_dump_o[123]' is unconstrained in LPF and will be automatically placed
Warning: IO 'crash_dump_o[122]' is unconstrained in LPF and will be automatically placed
Warning: IO 'crash_dump_o[121]' is unconstrained in LPF and will be automatically placed
Warning: IO 'crash_dump_o[120]' is unconstrained in LPF and will be automatically placed
Warning: IO 'crash_dump_o[119]' is unconstrained in LPF and will be automatically placed
Warning: IO 'crash_dump_o[118]' is unconstrained in LPF and will be automatically placed
Warning: IO 'crash_dump_o[117]' is unconstrained in LPF and will be automatically placed
Warning: IO 'crash_dump_o[116]' is unconstrained in LPF and will be automatically placed
Warning: IO 'crash_dump_o[115]' is unconstrained in LPF and will be automatically placed
Warning: IO 'crash_dump_o[114]' is unconstrained in LPF and will be automatically placed
Warning: IO 'crash_dump_o[113]' is unconstrained in LPF and will be automatically placed
Warning: IO 'crash_dump_o[112]' is unconstrained in LPF and will be automatically placed
Warning: IO 'crash_dump_o[111]' is unconstrained in LPF and will be automatically placed
Warning: IO 'crash_dump_o[110]' is unconstrained in LPF and will be automatically placed
Warning: IO 'crash_dump_o[109]' is unconstrained in LPF and will be automatically placed
Warning: IO 'crash_dump_o[108]' is unconstrained in LPF and will be automatically placed
Warning: IO 'crash_dump_o[107]' is unconstrained in LPF and will be automatically placed
Warning: IO 'crash_dump_o[106]' is unconstrained in LPF and will be automatically placed
Warning: IO 'crash_dump_o[105]' is unconstrained in LPF and will be automatically placed
Warning: IO 'crash_dump_o[104]' is unconstrained in LPF and will be automatically placed
Warning: IO 'crash_dump_o[103]' is unconstrained in LPF and will be automatically placed
Warning: IO 'crash_dump_o[102]' is unconstrained in LPF and will be automatically placed
Warning: IO 'crash_dump_o[101]' is unconstrained in LPF and will be automatically placed
Warning: IO 'crash_dump_o[100]' is unconstrained in LPF and will be automatically placed
Warning: IO 'crash_dump_o[99]' is unconstrained in LPF and will be automatically placed
Warning: IO 'crash_dump_o[98]' is unconstrained in LPF and will be automatically placed
Warning: IO 'crash_dump_o[97]' is unconstrained in LPF and will be automatically placed
Warning: IO 'crash_dump_o[96]' is unconstrained in LPF and will be automatically placed
Warning: IO 'crash_dump_o[95]' is unconstrained in LPF and will be automatically placed
Warning: IO 'crash_dump_o[94]' is unconstrained in LPF and will be automatically placed
Warning: IO 'crash_dump_o[93]' is unconstrained in LPF and will be automatically placed
Warning: IO 'crash_dump_o[92]' is unconstrained in LPF and will be automatically placed
Warning: IO 'crash_dump_o[91]' is unconstrained in LPF and will be automatically placed
Warning: IO 'crash_dump_o[90]' is unconstrained in LPF and will be automatically placed
Warning: IO 'crash_dump_o[89]' is unconstrained in LPF and will be automatically placed
Warning: IO 'crash_dump_o[88]' is unconstrained in LPF and will be automatically placed
Warning: IO 'crash_dump_o[87]' is unconstrained in LPF and will be automatically placed
Warning: IO 'crash_dump_o[86]' is unconstrained in LPF and will be automatically placed
Warning: IO 'crash_dump_o[85]' is unconstrained in LPF and will be automatically placed
Warning: IO 'crash_dump_o[84]' is unconstrained in LPF and will be automatically placed
Warning: IO 'crash_dump_o[83]' is unconstrained in LPF and will be automatically placed
Warning: IO 'crash_dump_o[82]' is unconstrained in LPF and will be automatically placed
Warning: IO 'crash_dump_o[81]' is unconstrained in LPF and will be automatically placed
Warning: IO 'crash_dump_o[80]' is unconstrained in LPF and will be automatically placed
Warning: IO 'crash_dump_o[79]' is unconstrained in LPF and will be automatically placed
Warning: IO 'crash_dump_o[78]' is unconstrained in LPF and will be automatically placed
Warning: IO 'crash_dump_o[77]' is unconstrained in LPF and will be automatically placed
Warning: IO 'crash_dump_o[76]' is unconstrained in LPF and will be automatically placed
Warning: IO 'crash_dump_o[75]' is unconstrained in LPF and will be automatically placed
Warning: IO 'crash_dump_o[74]' is unconstrained in LPF and will be automatically placed
Warning: IO 'crash_dump_o[73]' is unconstrained in LPF and will be automatically placed
Warning: IO 'crash_dump_o[72]' is unconstrained in LPF and will be automatically placed
Warning: IO 'crash_dump_o[71]' is unconstrained in LPF and will be automatically placed
Warning: IO 'crash_dump_o[70]' is unconstrained in LPF and will be automatically placed
Warning: IO 'crash_dump_o[69]' is unconstrained in LPF and will be automatically placed
Warning: IO 'crash_dump_o[68]' is unconstrained in LPF and will be automatically placed
Warning: IO 'crash_dump_o[67]' is unconstrained in LPF and will be automatically placed
Warning: IO 'crash_dump_o[66]' is unconstrained in LPF and will be automatically placed
Warning: IO 'crash_dump_o[65]' is unconstrained in LPF and will be automatically placed
Warning: IO 'crash_dump_o[64]' is unconstrained in LPF and will be automatically placed
Warning: IO 'crash_dump_o[63]' is unconstrained in LPF and will be automatically placed
Warning: IO 'crash_dump_o[62]' is unconstrained in LPF and will be automatically placed
Warning: IO 'crash_dump_o[61]' is unconstrained in LPF and will be automatically placed
Warning: IO 'crash_dump_o[60]' is unconstrained in LPF and will be automatically placed
Warning: IO 'crash_dump_o[59]' is unconstrained in LPF and will be automatically placed
Warning: IO 'crash_dump_o[58]' is unconstrained in LPF and will be automatically placed
Warning: IO 'crash_dump_o[57]' is unconstrained in LPF and will be automatically placed
Warning: IO 'crash_dump_o[56]' is unconstrained in LPF and will be automatically placed
Warning: IO 'crash_dump_o[55]' is unconstrained in LPF and will be automatically placed
Warning: IO 'crash_dump_o[54]' is unconstrained in LPF and will be automatically placed
Warning: IO 'crash_dump_o[53]' is unconstrained in LPF and will be automatically placed
Warning: IO 'crash_dump_o[52]' is unconstrained in LPF and will be automatically placed
Warning: IO 'crash_dump_o[51]' is unconstrained in LPF and will be automatically placed
Warning: IO 'crash_dump_o[50]' is unconstrained in LPF and will be automatically placed
Warning: IO 'crash_dump_o[49]' is unconstrained in LPF and will be automatically placed
Warning: IO 'crash_dump_o[48]' is unconstrained in LPF and will be automatically placed
Warning: IO 'crash_dump_o[47]' is unconstrained in LPF and will be automatically placed
Warning: IO 'crash_dump_o[46]' is unconstrained in LPF and will be automatically placed
Warning: IO 'crash_dump_o[45]' is unconstrained in LPF and will be automatically placed
Warning: IO 'crash_dump_o[44]' is unconstrained in LPF and will be automatically placed
Warning: IO 'crash_dump_o[43]' is unconstrained in LPF and will be automatically placed
Warning: IO 'crash_dump_o[42]' is unconstrained in LPF and will be automatically placed
Warning: IO 'crash_dump_o[41]' is unconstrained in LPF and will be automatically placed
Warning: IO 'crash_dump_o[40]' is unconstrained in LPF and will be automatically placed
Warning: IO 'crash_dump_o[39]' is unconstrained in LPF and will be automatically placed
Warning: IO 'crash_dump_o[38]' is unconstrained in LPF and will be automatically placed
Warning: IO 'crash_dump_o[37]' is unconstrained in LPF and will be automatically placed
Warning: IO 'crash_dump_o[36]' is unconstrained in LPF and will be automatically placed
Warning: IO 'crash_dump_o[35]' is unconstrained in LPF and will be automatically placed
Warning: IO 'crash_dump_o[34]' is unconstrained in LPF and will be automatically placed
Warning: IO 'crash_dump_o[33]' is unconstrained in LPF and will be automatically placed
Warning: IO 'crash_dump_o[32]' is unconstrained in LPF and will be automatically placed
Warning: IO 'crash_dump_o[31]' is unconstrained in LPF and will be automatically placed
Warning: IO 'crash_dump_o[30]' is unconstrained in LPF and will be automatically placed
Warning: IO 'crash_dump_o[29]' is unconstrained in LPF and will be automatically placed
Warning: IO 'crash_dump_o[28]' is unconstrained in LPF and will be automatically placed
Warning: IO 'crash_dump_o[27]' is unconstrained in LPF and will be automatically placed
Warning: IO 'crash_dump_o[26]' is unconstrained in LPF and will be automatically placed
Warning: IO 'crash_dump_o[25]' is unconstrained in LPF and will be automatically placed
Warning: IO 'crash_dump_o[24]' is unconstrained in LPF and will be automatically placed
Warning: IO 'crash_dump_o[23]' is unconstrained in LPF and will be automatically placed
Warning: IO 'crash_dump_o[22]' is unconstrained in LPF and will be automatically placed
Warning: IO 'crash_dump_o[21]' is unconstrained in LPF and will be automatically placed
Warning: IO 'crash_dump_o[20]' is unconstrained in LPF and will be automatically placed
Warning: IO 'crash_dump_o[19]' is unconstrained in LPF and will be automatically placed
Warning: IO 'crash_dump_o[18]' is unconstrained in LPF and will be automatically placed
Warning: IO 'crash_dump_o[17]' is unconstrained in LPF and will be automatically placed
Warning: IO 'crash_dump_o[16]' is unconstrained in LPF and will be automatically placed
Warning: IO 'crash_dump_o[15]' is unconstrained in LPF and will be automatically placed
Warning: IO 'crash_dump_o[14]' is unconstrained in LPF and will be automatically placed
Warning: IO 'crash_dump_o[13]' is unconstrained in LPF and will be automatically placed
Warning: IO 'crash_dump_o[12]' is unconstrained in LPF and will be automatically placed
Warning: IO 'crash_dump_o[11]' is unconstrained in LPF and will be automatically placed
Warning: IO 'crash_dump_o[10]' is unconstrained in LPF and will be automatically placed
Warning: IO 'crash_dump_o[9]' is unconstrained in LPF and will be automatically placed
Warning: IO 'crash_dump_o[8]' is unconstrained in LPF and will be automatically placed
Warning: IO 'crash_dump_o[7]' is unconstrained in LPF and will be automatically placed
Warning: IO 'crash_dump_o[6]' is unconstrained in LPF and will be automatically placed
Warning: IO 'crash_dump_o[5]' is unconstrained in LPF and will be automatically placed
Warning: IO 'crash_dump_o[4]' is unconstrained in LPF and will be automatically placed
Warning: IO 'crash_dump_o[3]' is unconstrained in LPF and will be automatically placed
Warning: IO 'crash_dump_o[2]' is unconstrained in LPF and will be automatically placed
Warning: IO 'crash_dump_o[1]' is unconstrained in LPF and will be automatically placed
Warning: IO 'crash_dump_o[0]' is unconstrained in LPF and will be automatically placed
Warning: IO 'core_sleep_o' is unconstrained in LPF and will be automatically placed
Warning: IO 'clk_i' is unconstrained in LPF and will be automatically placed
Warning: IO 'boot_addr_i[31]' is unconstrained in LPF and will be automatically placed
Warning: IO 'boot_addr_i[30]' is unconstrained in LPF and will be automatically placed
Warning: IO 'boot_addr_i[29]' is unconstrained in LPF and will be automatically placed
Warning: IO 'boot_addr_i[28]' is unconstrained in LPF and will be automatically placed
Warning: IO 'boot_addr_i[27]' is unconstrained in LPF and will be automatically placed
Warning: IO 'boot_addr_i[26]' is unconstrained in LPF and will be automatically placed
Warning: IO 'boot_addr_i[25]' is unconstrained in LPF and will be automatically placed
Warning: IO 'boot_addr_i[24]' is unconstrained in LPF and will be automatically placed
Warning: IO 'boot_addr_i[23]' is unconstrained in LPF and will be automatically placed
Warning: IO 'boot_addr_i[22]' is unconstrained in LPF and will be automatically placed
Warning: IO 'boot_addr_i[21]' is unconstrained in LPF and will be automatically placed
Warning: IO 'boot_addr_i[20]' is unconstrained in LPF and will be automatically placed
Warning: IO 'boot_addr_i[19]' is unconstrained in LPF and will be automatically placed
Warning: IO 'boot_addr_i[18]' is unconstrained in LPF and will be automatically placed
Warning: IO 'boot_addr_i[17]' is unconstrained in LPF and will be automatically placed
Warning: IO 'boot_addr_i[16]' is unconstrained in LPF and will be automatically placed
Warning: IO 'boot_addr_i[15]' is unconstrained in LPF and will be automatically placed
Warning: IO 'boot_addr_i[14]' is unconstrained in LPF and will be automatically placed
Warning: IO 'boot_addr_i[13]' is unconstrained in LPF and will be automatically placed
Warning: IO 'boot_addr_i[12]' is unconstrained in LPF and will be automatically placed
Warning: IO 'boot_addr_i[11]' is unconstrained in LPF and will be automatically placed
Warning: IO 'boot_addr_i[10]' is unconstrained in LPF and will be automatically placed
Warning: IO 'boot_addr_i[9]' is unconstrained in LPF and will be automatically placed
Warning: IO 'boot_addr_i[8]' is unconstrained in LPF and will be automatically placed
Warning: IO 'boot_addr_i[7]' is unconstrained in LPF and will be automatically placed
Warning: IO 'boot_addr_i[6]' is unconstrained in LPF and will be automatically placed
Warning: IO 'boot_addr_i[5]' is unconstrained in LPF and will be automatically placed
Warning: IO 'boot_addr_i[4]' is unconstrained in LPF and will be automatically placed
Warning: IO 'boot_addr_i[3]' is unconstrained in LPF and will be automatically placed
Warning: IO 'boot_addr_i[2]' is unconstrained in LPF and will be automatically placed
Warning: IO 'boot_addr_i[1]' is unconstrained in LPF and will be automatically placed
Warning: IO 'boot_addr_i[0]' is unconstrained in LPF and will be automatically placed
Warning: IO 'alert_minor_o' is unconstrained in LPF and will be automatically placed
Warning: IO 'alert_major_internal_o' is unconstrained in LPF and will be automatically placed
Warning: IO 'alert_major_bus_o' is unconstrained in LPF and will be automatically placed

Info: Logic utilisation before packing:
Info:     Total LUT4s:     17190/83640    20%
Info:         logic LUTs:  16142/83640    19%
Info:         carry LUTs:   1048/83640     1%
Info:           RAM LUTs:      0/10455     0%
Info:          RAMW LUTs:      0/20910     0%

Info:      Total DFFs:      3440/83640     4%

Info: Packing IOs..
Info: Packing constants..
Info: Packing carries...
Info: Packing LUTs...
Info: Packing LUT5-7s...
Info: Packing FFs...
Info:     2419 FFs paired with LUTs.
Info: Generating derived timing constraints...
Info: Promoting globals...
Info: Checksum: 0x5ca1460c

Info: Device utilisation:
Info: 	          TRELLIS_IO:       0/    365     0%
Info: 	                DCCA:       0/     56     0%
Info: 	              DP16KD:       6/    208     2%
Info: 	          MULT18X18D:       1/    156     0%
Info: 	              ALU54B:       0/     78     0%
Info: 	             EHXPLLL:       0/      4     0%
Info: 	             EXTREFB:       0/      2     0%
Info: 	                DCUA:       0/      2     0%
Info: 	           PCSCLKDIV:       0/      2     0%
Info: 	             IOLOGIC:       0/    224     0%
Info: 	            SIOLOGIC:       0/    141     0%
Info: 	                 GSR:       0/      1     0%
Info: 	               JTAGG:       0/      1     0%
Info: 	                OSCG:       0/      1     0%
Info: 	               SEDGA:       0/      1     0%
Info: 	                 DTR:       0/      1     0%
Info: 	             USRMCLK:       0/      1     0%
Info: 	             CLKDIVF:       0/      4     0%
Info: 	           ECLKSYNCB:       0/     10     0%
Info: 	             DLLDELD:       0/      8     0%
Info: 	              DDRDLL:       0/      4     0%
Info: 	             DQSBUFM:       0/     14     0%
Info: 	     TRELLIS_ECLKBUF:       0/      8     0%
Info: 	        ECLKBRIDGECS:       0/      2     0%
Info: 	                DCSC:       0/      2     0%
Info: 	          TRELLIS_FF:    3440/  83640     4%
Info: 	        TRELLIS_COMB:   17348/  83640    20%
Info: 	        TRELLIS_RAMW:       0/  10455     0%

Info: Placed 0 cells based on constraints.
Info: Creating initial analytic placement for 13369 cells, random placement wirelen = 1361820.
Info:     at initial placer iter 0, wirelen = 1709
Info:     at initial placer iter 1, wirelen = 2328
Info:     at initial placer iter 2, wirelen = 2246
Info:     at initial placer iter 3, wirelen = 2205
Info: Running main analytical placer, max placement attempts per cell = 54054003.
Info:     at iteration #1, type ALL: wirelen solved = 2236, spread = 395148, legal = 391051; time = 0.20s
Info:     at iteration #2, type ALL: wirelen solved = 13833, spread = 171383, legal = 172561; time = 0.25s
Info:     at iteration #3, type ALL: wirelen solved = 33684, spread = 109175, legal = 111584; time = 0.23s
Info:     at iteration #4, type ALL: wirelen solved = 43413, spread = 99868, legal = 102520; time = 0.21s
Info:     at iteration #5, type ALL: wirelen solved = 49574, spread = 93390, legal = 96779; time = 0.20s
Info:     at iteration #6, type ALL: wirelen solved = 53262, spread = 89964, legal = 93602; time = 0.20s
Info:     at iteration #7, type ALL: wirelen solved = 56536, spread = 86220, legal = 90045; time = 0.19s
Info:     at iteration #8, type ALL: wirelen solved = 57525, spread = 85076, legal = 89520; time = 0.19s
Info:     at iteration #9, type ALL: wirelen solved = 60421, spread = 82946, legal = 87073; time = 0.19s
Info:     at iteration #10, type ALL: wirelen solved = 61407, spread = 82279, legal = 87716; time = 0.19s
Info:     at iteration #11, type ALL: wirelen solved = 62001, spread = 81613, legal = 86605; time = 0.19s
Info:     at iteration #12, type ALL: wirelen solved = 63336, spread = 81060, legal = 85319; time = 0.19s
Info:     at iteration #13, type ALL: wirelen solved = 63916, spread = 80537, legal = 84739; time = 0.20s
Info:     at iteration #14, type ALL: wirelen solved = 64666, spread = 80503, legal = 84855; time = 0.19s
Info:     at iteration #15, type ALL: wirelen solved = 65228, spread = 81160, legal = 86052; time = 0.19s
Info:     at iteration #16, type ALL: wirelen solved = 66195, spread = 79843, legal = 85114; time = 0.19s
Info:     at iteration #17, type ALL: wirelen solved = 66219, spread = 79500, legal = 83885; time = 0.26s
Info:     at iteration #18, type ALL: wirelen solved = 66580, spread = 79342, legal = 83734; time = 0.21s
Info:     at iteration #19, type ALL: wirelen solved = 66929, spread = 79142, legal = 83841; time = 0.20s
Info:     at iteration #20, type ALL: wirelen solved = 67405, spread = 79011, legal = 83758; time = 0.19s
Info: HeAP Placer Time: 5.60s
Info:   of which solving equations: 3.68s
Info:   of which spreading cells: 0.76s
Info:   of which strict legalisation: 0.17s

Info: Running simulated annealing placer for refinement.
Info:   at iteration #1: temp = 0.000000, timing cost = 8597, wirelen = 83734
Info:   at iteration #5: temp = 0.000000, timing cost = 10682, wirelen = 76989
Info:   at iteration #10: temp = 0.000000, timing cost = 11725, wirelen = 74911
Info:   at iteration #15: temp = 0.000000, timing cost = 12476, wirelen = 74366
Info:   at iteration #20: temp = 0.000000, timing cost = 12198, wirelen = 74175
Info:   at iteration #22: temp = 0.000000, timing cost = 12109, wirelen = 74159 
Info: SA placement time 15.77s

Info: Max frequency for clock 'clk_i': 22.56 MHz (FAIL at 50.00 MHz)

Info: Slack histogram:
Info:  legend: * represents 24 endpoint(s)
Info:          + represents [1,24) endpoint(s)
Info: [-24331, -22152) |****+
Info: [-22152, -19973) |**********+
Info: [-19973, -17794) |********+
Info: [-17794, -15615) |********************************************+
Info: [-15615, -13436) |************************************************************ 
Info: [-13436, -11257) |*************************************+
Info: [-11257,  -9078) |**********+
Info: [ -9078,  -6899) |****************+
Info: [ -6899,  -4720) |*************+
Info: [ -4720,  -2541) |**+
Info: [ -2541,   -362) |*****+
Info: [  -362,   1817) |****************+
Info: [  1817,   3996) |**********************+
Info: [  3996,   6175) |**********+
Info: [  6175,   8354) |*+
Info: [  8354,  10533) |*+
Info: [ 10533,  12712) |*+
Info: [ 12712,  14891) |+
Info: [ 14891,  17070) |*****+
Info: [ 17070,  19249) |****+
Info: Checksum: 0xb9f12965
Info: Routing globals...

Info: Routing..
Info: Setting up routing queue.
Info: Routing 67689 arcs.
Info:            |   (re-)routed arcs  |   delta    | remaining|       time spent     |
Info:    IterCnt |  w/ripup   wo/ripup |  w/r  wo/r |      arcs| batch(sec) total(sec)|
Info:       1000 |      366        633 |  366   633 |     67153|       0.37       0.37|
Info:       2000 |      640       1359 |  274   726 |     66500|       0.10       0.47|
Info:       3000 |      985       2014 |  345   655 |     66447|       0.11       0.58|
Info:       4000 |     1258       2741 |  273   727 |     65937|       0.11       0.69|
Info:       5000 |     1566       3433 |  308   692 |     65374|       0.11       0.80|
Info:       6000 |     1925       4074 |  359   641 |     64973|       0.11       0.91|
Info:       7000 |     2160       4839 |  235   765 |     64501|       0.10       1.02|
Info:       8000 |     2416       5583 |  256   744 |     64332|       0.11       1.13|
Info:       9000 |     2576       6423 |  160   840 |     63989|       0.10       1.23|
Info:      10000 |     2847       7152 |  271   729 |     63396|       0.12       1.35|
Info:      11000 |     3122       7877 |  275   725 |     62832|       0.12       1.47|
Info:      12000 |     3362       8637 |  240   760 |     62886|       0.12       1.59|
Info:      13000 |     3580       9419 |  218   782 |     62662|       0.11       1.70|
Info:      14000 |     3841      10158 |  261   739 |     62201|       0.12       1.82|
Info:      15000 |     4106      10893 |  265   735 |     61907|       0.13       1.95|
Info:      16000 |     4325      11674 |  219   781 |     61610|       0.11       2.06|
Info:      17000 |     4537      12462 |  212   788 |     61283|       0.12       2.18|
Info:      18000 |     4765      13234 |  228   772 |     61171|       0.12       2.30|
Info:      19000 |     5016      13983 |  251   749 |     60855|       0.12       2.42|
Info:      20000 |     5178      14821 |  162   838 |     60394|       0.11       2.53|
Info:      21000 |     5372      15627 |  194   806 |     59903|       0.11       2.64|
Info:      22000 |     5556      16443 |  184   816 |     59508|       0.11       2.74|
Info:      23000 |     5798      17201 |  242   758 |     59089|       0.12       2.86|
Info:      24000 |     5947      18052 |  149   851 |     58792|       0.12       2.99|
Info:      25000 |     6155      18844 |  208   792 |     58416|       0.11       3.10|
Info:      26000 |     6381      19618 |  226   774 |     58271|       0.13       3.23|
Info:      27000 |     6592      20407 |  211   789 |     57980|       0.15       3.38|
Info:      28000 |     6818      21181 |  226   774 |     57568|       0.13       3.51|
Info:      29000 |     6976      22023 |  158   842 |     57354|       0.13       3.64|
Info:      30000 |     7254      22745 |  278   722 |     57290|       0.14       3.78|
Info:      31000 |     7444      23555 |  190   810 |     56978|       0.12       3.90|
Info:      32000 |     7686      24313 |  242   758 |     56673|       0.12       4.02|
Info:      33000 |     7928      25071 |  242   758 |     56366|       0.13       4.16|
Info:      34000 |     8153      25846 |  225   775 |     56084|       0.13       4.29|
Info:      35000 |     8372      26627 |  219   781 |     55850|       0.13       4.42|
Info:      36000 |     8660      27339 |  288   712 |     55469|       0.13       4.54|
Info:      37000 |     8931      28068 |  271   729 |     55086|       0.14       4.69|
Info:      38000 |     9193      28806 |  262   738 |     54967|       0.14       4.83|
Info:      39000 |     9445      29554 |  252   748 |     54896|       0.14       4.97|
Info:      40000 |     9767      30232 |  322   678 |     54468|       0.14       5.12|
Info:      41000 |     9991      31008 |  224   776 |     54182|       0.14       5.26|
Info:      42000 |    10202      31797 |  211   789 |     54025|       0.15       5.41|
Info:      43000 |    10449      32550 |  247   753 |     54072|       0.12       5.53|
Info:      44000 |    10768      33231 |  319   681 |     53654|       0.13       5.66|
Info:      45000 |    11100      33899 |  332   668 |     53274|       0.15       5.82|
Info:      46000 |    11400      34599 |  300   700 |     53057|       0.13       5.95|
Info:      47000 |    11664      35335 |  264   736 |     52793|       0.11       6.06|
Info:      48000 |    11952      36047 |  288   712 |     52436|       0.15       6.21|
Info:      49000 |    12195      36804 |  243   757 |     52153|       0.15       6.36|
Info:      50000 |    12502      37497 |  307   693 |     51858|       0.14       6.50|
Info:      51000 |    12796      38203 |  294   706 |     51499|       0.16       6.66|
Info:      52000 |    13081      38918 |  285   715 |     51176|       0.13       6.79|
Info:      53000 |    13354      39645 |  273   727 |     51218|       0.16       6.95|
Info:      54000 |    13645      40354 |  291   709 |     50907|       0.17       7.13|
Info:      55000 |    13986      41013 |  341   659 |     50609|       0.17       7.30|
Info:      56000 |    14278      41721 |  292   708 |     50415|       0.19       7.49|
Info:      57000 |    14538      42461 |  260   740 |     50064|       0.19       7.68|
Info:      58000 |    14844      43155 |  306   694 |     49652|       0.15       7.83|
Info:      59000 |    15191      43808 |  347   653 |     49336|       0.14       7.97|
Info:      60000 |    15474      44525 |  283   717 |     49184|       0.22       8.19|
Info:      61000 |    15741      45258 |  267   733 |     48738|       0.18       8.37|
Info:      62000 |    16016      45983 |  275   725 |     48648|       0.16       8.53|
Info:      63000 |    16298      46701 |  282   718 |     48129|       0.14       8.68|
Info:      64000 |    16581      47418 |  283   717 |     47728|       0.18       8.85|
Info:      65000 |    16866      48133 |  285   715 |     47477|       0.17       9.02|
Info:      66000 |    17176      48823 |  310   690 |     47105|       0.15       9.17|
Info:      67000 |    17449      49550 |  273   727 |     46857|       0.15       9.33|
Info:      68000 |    17709      50290 |  260   740 |     46422|       0.19       9.52|
Info:      69000 |    17965      51034 |  256   744 |     46054|       0.18       9.70|
Info:      70000 |    18299      51700 |  334   666 |     45732|       0.19       9.90|
Info:      71000 |    18576      52423 |  277   723 |     45390|       0.16      10.06|
Info:      72000 |    18919      53080 |  343   657 |     44893|       0.17      10.23|
Info:      73000 |    19234      53765 |  315   685 |     44344|       0.17      10.40|
Info:      74000 |    19554      54445 |  320   680 |     44044|       0.18      10.58|
Info:      75000 |    19879      55120 |  325   675 |     43698|       0.16      10.74|
Info:      76000 |    20231      55768 |  352   648 |     43518|       0.20      10.94|
Info:      77000 |    20508      56491 |  277   723 |     43445|       0.19      11.13|
Info:      78000 |    20768      57231 |  260   740 |     43455|       0.14      11.27|
Info:      79000 |    21048      57951 |  280   720 |     43061|       0.14      11.41|
Info:      80000 |    21299      58700 |  251   749 |     42810|       0.14      11.55|
Info:      81000 |    21556      59443 |  257   743 |     42384|       0.16      11.71|
Info:      82000 |    21907      60092 |  351   649 |     41888|       0.16      11.87|
Info:      83000 |    22289      60710 |  382   618 |     41554|       0.19      12.05|
Info:      84000 |    22562      61437 |  273   727 |     41071|       0.14      12.20|
Info:      85000 |    22957      62042 |  395   605 |     40682|       0.16      12.36|
Info:      86000 |    23361      62638 |  404   596 |     40222|       0.15      12.51|
Info:      87000 |    23656      63343 |  295   705 |     40393|       0.14      12.65|
Info:      88000 |    23971      64028 |  315   685 |     39991|       0.16      12.80|
Info:      89000 |    24331      64668 |  360   640 |     39663|       0.18      12.98|
Info:      90000 |    24662      65337 |  331   669 |     39093|       0.15      13.13|
Info:      91000 |    24986      66013 |  324   676 |     38738|       0.19      13.33|
Info:      92000 |    25309      66690 |  323   677 |     38446|       0.18      13.51|
Info:      93000 |    25645      67354 |  336   664 |     38080|       0.17      13.68|
Info:      94000 |    25978      68021 |  333   667 |     37739|       0.20      13.89|
Info:      95000 |    26399      68600 |  421   579 |     37325|       0.16      14.05|
Info:      96000 |    26791      69208 |  392   608 |     36866|       0.17      14.22|
Info:      97000 |    27188      69811 |  397   603 |     36581|       0.25      14.47|
Info:      98000 |    27609      70390 |  421   579 |     36174|       0.16      14.63|
Info:      99000 |    27937      71062 |  328   672 |     35864|       0.20      14.82|
Info:     100000 |    28311      71688 |  374   626 |     35446|       0.16      14.99|
Info:     101000 |    28730      72269 |  419   581 |     35142|       0.19      15.17|
Info:     102000 |    29111      72888 |  381   619 |     34732|       0.16      15.34|
Info:     103000 |    29535      73464 |  424   576 |     34437|       0.16      15.50|
Info:     104000 |    29963      74036 |  428   572 |     34147|       0.17      15.67|
Info:     105000 |    30379      74620 |  416   584 |     33834|       0.15      15.82|
Info:     106000 |    30799      75200 |  420   580 |     33461|       0.16      15.98|
Info:     107000 |    31151      75848 |  352   648 |     33248|       0.20      16.18|
Info:     108000 |    31615      76384 |  464   536 |     32970|       0.18      16.36|
Info:     109000 |    32062      76937 |  447   553 |     32645|       0.18      16.54|
Info:     110000 |    32484      77515 |  422   578 |     32305|       0.16      16.69|
Info:     111000 |    32874      78125 |  390   610 |     31978|       0.17      16.86|
Info:     112000 |    33268      78731 |  394   606 |     31493|       0.14      17.00|
Info:     113000 |    33598      79401 |  330   670 |     30913|       0.16      17.16|
Info:     114000 |    33950      80039 |  352   638 |     30521|       0.16      17.32|
Info:     115000 |    34295      80667 |  345   628 |     30009|       0.16      17.48|
Info:     116000 |    34687      81248 |  392   581 |     29580|       0.16      17.64|
Info:     117000 |    35235      81677 |  548   429 |     29252|       0.16      17.80|
Info:     118000 |    35676      82215 |  441   538 |     28947|       0.18      17.98|
Info:     119000 |    36051      82813 |  375   598 |     28537|       0.16      18.15|
Info:     120000 |    36459      83358 |  408   545 |     28178|       0.16      18.31|
Info:     121000 |    36892      83859 |  433   501 |     27714|       0.14      18.45|
Info:     122000 |    37306      84396 |  414   537 |     27316|       0.16      18.61|
Info:     123000 |    37720      84933 |  414   537 |     26905|       0.15      18.76|
Info:     124000 |    38052      85598 |  332   665 |     26906|       0.23      18.99|
Info:     125000 |    38480      86114 |  428   516 |     26419|       0.18      19.17|
Info:     126000 |    38905      86627 |  425   513 |     25976|       0.15      19.32|
Info:     127000 |    39364      87115 |  459   488 |     25536|       0.16      19.47|
Info:     128000 |    39780      87653 |  416   538 |     25178|       0.15      19.63|
Info:     129000 |    40218      88168 |  438   515 |     24673|       0.13      19.76|
Info:     130000 |    40690      88668 |  472   500 |     24266|       0.16      19.91|
Info:     131000 |    41127      89197 |  437   529 |     23864|       0.15      20.06|
Info:     132000 |    41531      89752 |  404   555 |     23431|       0.16      20.23|
Info:     133000 |    41890      90340 |  359   588 |     22992|       0.14      20.37|
Info:     134000 |    42241      90911 |  351   571 |     22438|       0.15      20.52|
Info:     135000 |    42614      91431 |  373   520 |     21905|       0.14      20.65|
Info:     136000 |    42949      92026 |  335   595 |     21319|       0.14      20.79|
Info:     137000 |    43349      92535 |  400   509 |     20760|       0.15      20.93|
Info:     138000 |    43700      93080 |  351   545 |     20168|       0.12      21.06|
Info:     139000 |    44064      93633 |  364   553 |     19685|       0.14      21.20|
Info:     140000 |    44433      94134 |  369   501 |     19143|       0.16      21.36|
Info:     141000 |    44799      94663 |  366   529 |     18578|       0.15      21.51|
Info:     142000 |    45174      95195 |  375   532 |     18115|       0.18      21.68|
Info:     143000 |    45494      95804 |  320   609 |     17772|       0.20      21.88|
Info:     144000 |    45807      96427 |  313   623 |     17290|       0.19      22.07|
Info:     145000 |    46118      97070 |  311   643 |     16682|       0.18      22.25|
Info:     146000 |    46423      97746 |  305   676 |     16086|       0.18      22.43|
Info:     147000 |    46643      98502 |  220   756 |     15389|       0.15      22.58|
Info:     148000 |    46868      99265 |  225   763 |     14827|       0.15      22.73|
Info:     149000 |    47146      99976 |  278   711 |     14222|       0.16      22.89|
Info:     150000 |    47511     100595 |  365   619 |     13866|       0.25      23.14|
Info:     151000 |    47769     101299 |  258   704 |     13449|       0.22      23.36|
Info:     152000 |    48085     101945 |  316   646 |     12956|       0.18      23.53|
Info:     153000 |    48411     102571 |  326   626 |     12414|       0.22      23.75|
Info:     154000 |    48667     103267 |  256   696 |     12187|       0.24      23.99|
Info:     155000 |    48960     103886 |  293   619 |     11551|       0.16      24.15|
Info:     156000 |    49201     104530 |  241   644 |     10967|       0.21      24.36|
Info:     157000 |    49473     105172 |  272   642 |     10355|       0.19      24.56|
Info:     158000 |    49704     105855 |  231   683 |      9667|       0.16      24.71|
Info:     159000 |    49947     106532 |  243   677 |      9178|       0.18      24.90|
Info:     160000 |    50197     107201 |  250   669 |      8645|       0.20      25.10|
Info:     161000 |    50406     107852 |  209   651 |      7956|       0.18      25.28|
Info:     162000 |    50638     108517 |  232   665 |      7250|       0.18      25.47|
Info:     163000 |    50829     109218 |  191   701 |      6511|       0.16      25.62|
Info:     164000 |    51098     109900 |  269   682 |      5957|       0.21      25.83|
Info:     165000 |    51208     110783 |  110   883 |      5087|       0.13      25.96|
Info:     166000 |    51363     111628 |  155   845 |      4421|       0.17      26.12|
Info:     167000 |    51566     112425 |  203   797 |      3657|       0.13      26.25|
Info:     168000 |    51717     113201 |  151   776 |      2857|       0.19      26.44|
Info:     169000 |    51935     113859 |  218   658 |      2226|       0.29      26.74|
Info:     170000 |    52128     114537 |  193   678 |      1561|       0.29      27.03|
Info:     171000 |    52416     115164 |  288   627 |      1124|       0.44      27.46|
Info:     172000 |    52743     115763 |  327   599 |       676|       0.56      28.02|
Info:     173000 |    53049     116376 |  306   613 |       231|       0.56      28.58|
Info:     173454 |    53171     116666 |  122   290 |         0|       0.34      28.93|
Info: Routing complete.
Info: Router1 time 28.93s
Info: Checksum: 0x763b1c6e

Info: Critical path report for clock 'clk_i' (posedge -> posedge):
Info:       type curr  total name
Info:   clk-to-q  0.52  0.52 Source u_ibex_core.if_stage_i.instr_rdata_alu_id_o_TRELLIS_FF_Q_20.Q
Info:    routing  3.13  3.66 Net data_err_i_LUT4_C_Z_TRELLIS_FF_DI_Q_TRELLIS_FF_Q_DI_LUT4_Z_D_LUT4_D_Z_TRELLIS_FF_DI_Q_LUT4_Z_D_LUT4_Z_D_LUT4_Z_C_LUT4_D_1_Z[0] (25,25) -> (3,5)
Info:                          Sink u_ibex_core.id_stage_i.imd_val_d_ex_i_LUT4_Z_22_C_CCU2C_S1_CIN_CCU2C_COUT_S0_LUT4_D_1_B_LUT4_Z_D_LUT4_Z_D_LUT4_Z_1_D_LUT4_Z_C_LUT4_B_1_Z_LUT4_Z_800_B_LUT4_B_Z_LUT4_Z_D_LUT4_Z_1.D
Info:                          Defined in:
Info:                               ${REPO_ROOT}/flow/out/arch/ibex_top.v:9915.20-9915.32
Info:      logic  0.24  3.90 Source u_ibex_core.id_stage_i.imd_val_d_ex_i_LUT4_Z_22_C_CCU2C_S1_CIN_CCU2C_COUT_S0_LUT4_D_1_B_LUT4_Z_D_LUT4_Z_D_LUT4_Z_1_D_LUT4_Z_C_LUT4_B_1_Z_LUT4_Z_800_B_LUT4_B_Z_LUT4_Z_D_LUT4_Z_1.F
Info:    routing  0.62  4.52 Net u_ibex_core.id_stage_i.imd_val_d_ex_i_LUT4_Z_22_C_CCU2C_S1_CIN_CCU2C_COUT_S0_LUT4_D_1_B_LUT4_Z_D_LUT4_Z_D_LUT4_Z_1_D_LUT4_Z_C_LUT4_B_1_Z_LUT4_Z_800_B_LUT4_B_Z_LUT4_Z_D[2] (3,5) -> (3,5)
Info:                          Sink u_ibex_core.id_stage_i.imd_val_d_ex_i_LUT4_Z_22_C_CCU2C_S1_CIN_CCU2C_COUT_S0_LUT4_D_1_B_LUT4_Z_D_LUT4_Z_D_LUT4_Z_1_D_LUT4_Z_C_LUT4_B_1_Z_LUT4_Z_800_B_LUT4_B_Z_LUT4_Z.C
Info:                          Defined in:
Info:                               /opt/homebrew/bin/../share/yosys/lattice/cells_map_trellis.v:108.23-108.24
Info:      logic  0.24  4.76 Source u_ibex_core.id_stage_i.imd_val_d_ex_i_LUT4_Z_22_C_CCU2C_S1_CIN_CCU2C_COUT_S0_LUT4_D_1_B_LUT4_Z_D_LUT4_Z_D_LUT4_Z_1_D_LUT4_Z_C_LUT4_B_1_Z_LUT4_Z_800_B_LUT4_B_Z_LUT4_Z.F
Info:    routing  0.61  5.37 Net u_ibex_core.id_stage_i.imd_val_d_ex_i_LUT4_Z_22_C_CCU2C_S1_CIN_CCU2C_COUT_S0_LUT4_D_1_B_LUT4_Z_D_LUT4_Z_D_LUT4_Z_1_D_LUT4_Z_C_LUT4_B_1_Z_LUT4_Z_800_B_LUT4_B_Z[3] (3,5) -> (3,5)
Info:                          Sink u_ibex_core.id_stage_i.imd_val_d_ex_i_LUT4_Z_22_C_CCU2C_S1_CIN_CCU2C_COUT_S0_LUT4_D_1_B_LUT4_Z_D_LUT4_Z_D_LUT4_Z_1_D_LUT4_Z_C_LUT4_B_1_Z_LUT4_Z_800_B_LUT4_B_Z_LUT4_D.D
Info:                          Defined in:
Info:                               /opt/homebrew/bin/../share/yosys/lattice/cells_map_trellis.v:108.23-108.24
Info:      logic  0.24  5.61 Source u_ibex_core.id_stage_i.imd_val_d_ex_i_LUT4_Z_22_C_CCU2C_S1_CIN_CCU2C_COUT_S0_LUT4_D_1_B_LUT4_Z_D_LUT4_Z_D_LUT4_Z_1_D_LUT4_Z_C_LUT4_B_1_Z_LUT4_Z_800_B_LUT4_B_Z_LUT4_D.F
Info:    routing  0.48  6.08 Net u_ibex_core.id_stage_i.imd_val_d_ex_i_LUT4_Z_22_C_CCU2C_S1_CIN_CCU2C_COUT_S0_LUT4_D_1_B_LUT4_Z_D_LUT4_Z_D_LUT4_Z_1_D_LUT4_Z_C_LUT4_B_1_Z_LUT4_Z_800_B_LUT4_B_Z_LUT4_D_Z[2] (3,5) -> (3,4)
Info:                          Sink u_ibex_core.id_stage_i.imd_val_d_ex_i_LUT4_Z_22_C_CCU2C_S1_CIN_CCU2C_COUT_S0_LUT4_D_1_B_LUT4_Z_D_LUT4_Z_D_LUT4_Z_1_D_LUT4_Z_C_LUT4_B_1_Z_LUT4_Z_800_B_LUT4_B_Z_LUT4_D_Z_LUT4_D.D
Info:                          Defined in:
Info:                               /opt/homebrew/bin/../share/yosys/lattice/cells_map_trellis.v:108.23-108.24
Info:      logic  0.24  6.32 Source u_ibex_core.id_stage_i.imd_val_d_ex_i_LUT4_Z_22_C_CCU2C_S1_CIN_CCU2C_COUT_S0_LUT4_D_1_B_LUT4_Z_D_LUT4_Z_D_LUT4_Z_1_D_LUT4_Z_C_LUT4_B_1_Z_LUT4_Z_800_B_LUT4_B_Z_LUT4_D_Z_LUT4_D.F
Info:    routing  0.72  7.04 Net u_ibex_core.id_stage_i.imd_val_d_ex_i_LUT4_Z_22_C_CCU2C_S1_CIN_CCU2C_COUT_S0_LUT4_D_1_B_LUT4_Z_D_LUT4_Z_D_LUT4_Z_1_D_LUT4_Z_C_LUT4_B_1_Z_LUT4_Z_800_B_LUT4_B_Z_LUT4_D_Z_LUT4_D_Z[4] (3,4) -> (4,3)
Info:                          Sink u_ibex_core.id_stage_i.imd_val_d_ex_i_LUT4_Z_22_C_CCU2C_S1_CIN_CCU2C_COUT_S0_LUT4_D_1_B_LUT4_Z_D_LUT4_Z_D_LUT4_Z_1_D_LUT4_Z_C_LUT4_B_1_Z_LUT4_Z_800_B_LUT4_B_Z_LUT4_D_Z_LUT4_D_Z_LUT4_D_1.M
Info:                          Defined in:
Info:                               /opt/homebrew/bin/../share/yosys/lattice/cells_map_trellis.v:108.23-108.24
Info:      logic  0.26  7.29 Source u_ibex_core.id_stage_i.imd_val_d_ex_i_LUT4_Z_22_C_CCU2C_S1_CIN_CCU2C_COUT_S0_LUT4_D_1_B_LUT4_Z_D_LUT4_Z_D_LUT4_Z_1_D_LUT4_Z_C_LUT4_B_1_Z_LUT4_Z_800_B_LUT4_B_Z_LUT4_D_Z_LUT4_D_Z_LUT4_D_1.OFX
Info:    routing  3.95  11.24 Net data_wdata_o_LUT4_Z_24_D[0] (4,3) -> (41,28)
Info:                          Sink u_ibex_core.id_stage_i.imd_val_d_ex_i_LUT4_Z_22_C_CCU2C_S1_CIN_CCU2C_COUT_CIN_CCU2C_COUT_CIN_CCU2C_COUT_S0_LUT4_D_1_B_LUT4_B_Z_LUT4_C_1_Z_LUT4_C_Z_LUT4_D_Z_PFUMX_Z_1_ALUT_LUT4_Z.D
Info:                          Defined in:
Info:                               /opt/homebrew/bin/../share/yosys/lattice/cells_map_trellis.v:108.23-108.24
Info:      logic  0.24  11.48 Source u_ibex_core.id_stage_i.imd_val_d_ex_i_LUT4_Z_22_C_CCU2C_S1_CIN_CCU2C_COUT_CIN_CCU2C_COUT_CIN_CCU2C_COUT_S0_LUT4_D_1_B_LUT4_B_Z_LUT4_C_1_Z_LUT4_C_Z_LUT4_D_Z_PFUMX_Z_1_ALUT_LUT4_Z.F
Info:    routing  0.00  11.48 Net u_ibex_core.id_stage_i.imd_val_d_ex_i_LUT4_Z_22_C_CCU2C_S1_CIN_CCU2C_COUT_CIN_CCU2C_COUT_CIN_CCU2C_COUT_S0_LUT4_D_1_B_LUT4_B_Z_LUT4_C_1_Z_LUT4_C_Z_LUT4_D_Z_PFUMX_Z_1_ALUT (41,28) -> (41,28)
Info:                          Sink u_ibex_core.id_stage_i.imd_val_d_ex_i_LUT4_Z_22_C_CCU2C_S1_CIN_CCU2C_COUT_CIN_CCU2C_COUT_CIN_CCU2C_COUT_S0_LUT4_D_1_B_LUT4_B_Z_LUT4_C_1_Z_LUT4_C_Z_LUT4_D_Z_PFUMX_Z_1_BLUT_LUT4_Z.F1
Info:                          Defined in:
Info:                               /opt/homebrew/bin/../share/yosys/lattice/cells_map_trellis.v:133.22-133.24
Info:      logic  0.17  11.64 Source u_ibex_core.id_stage_i.imd_val_d_ex_i_LUT4_Z_22_C_CCU2C_S1_CIN_CCU2C_COUT_CIN_CCU2C_COUT_CIN_CCU2C_COUT_S0_LUT4_D_1_B_LUT4_B_Z_LUT4_C_1_Z_LUT4_C_Z_LUT4_D_Z_PFUMX_Z_1_BLUT_LUT4_Z.OFX
Info:    routing  0.96  12.60 Net u_ibex_core.cs_registers_i.csr_wdata_int_LUT4_Z_16_D_LUT4_B_D_PFUMX_Z_C0_LUT4_Z_D_LUT4_Z_D_LUT4_Z_C[0] (41,28) -> (42,32)
Info:                          Sink u_ibex_core.ex_block_i.alu_i.adder_sum_ext_CCU2C_S1_5_B1_LUT4_Z_A_LUT4_C_Z_LUT4_Z_2.C
Info:                          Defined in:
Info:                               /opt/homebrew/bin/../share/yosys/lattice/cells_map_trellis.v:108.23-108.24
Info:      logic  0.24  12.84 Source u_ibex_core.ex_block_i.alu_i.adder_sum_ext_CCU2C_S1_5_B1_LUT4_Z_A_LUT4_C_Z_LUT4_Z_2.F
Info:    routing  0.66  13.50 Net u_ibex_core.ex_block_i.alu_i.adder_sum_ext_CCU2C_S1_5_B1_LUT4_Z_A_LUT4_C_Z[6] (42,32) -> (43,32)
Info:                          Sink u_ibex_core.ex_block_i.alu_i.adder_sum_ext_CCU2C_S1_5_A1_L6MUX21_Z_D1_L6MUX21_Z_D0_PFUMX_Z_ALUT_LUT4_Z.M
Info:                          Defined in:
Info:                               /opt/homebrew/bin/../share/yosys/lattice/cells_map_trellis.v:108.23-108.24
Info:      logic  0.26  13.76 Source u_ibex_core.ex_block_i.alu_i.adder_sum_ext_CCU2C_S1_5_A1_L6MUX21_Z_D1_L6MUX21_Z_D0_PFUMX_Z_ALUT_LUT4_Z.OFX
Info:    routing  1.47  15.23 Net u_ibex_core.ex_block_i.alu_i.adder_sum_ext_CCU2C_S1_5_A1 (43,32) -> (46,27)
Info:                          Sink u_ibex_core.ex_block_i.alu_i.adder_sum_ext_CCU2C_S1_5$CCU2_COMB1.A
Info:      logic  0.45  15.67 Source u_ibex_core.ex_block_i.alu_i.adder_sum_ext_CCU2C_S1_5$CCU2_COMB1.FCO
Info:    routing  0.00  15.67 Net u_ibex_core.ex_block_i.alu_i.adder_sum_ext_CCU2C_S1_5_COUT (46,27) -> (46,27)
Info:                          Sink u_ibex_core.ex_block_i.alu_i.adder_sum_ext_CCU2C_S1_12$CCU2_COMB0.FCI
Info:                          Defined in:
Info:                               ${REPO_ROOT}/flow/out/arch/ibex_top.v:8717.25-8717.48
Info:                               /opt/homebrew/bin/../share/yosys/lattice/arith_map_ccu2c.v:74.7-80.4
Info:                               /opt/homebrew/bin/../share/yosys/lattice/ccu2c_sim.vh:9.9-9.13
Info:      logic  0.07  15.74 Source u_ibex_core.ex_block_i.alu_i.adder_sum_ext_CCU2C_S1_12$CCU2_COMB0.FCO
Info:    routing  0.00  15.74 Net u_ibex_core.ex_block_i.alu_i.adder_sum_ext_CCU2C_S1_12$CCU2_FCI_INT (46,27) -> (46,27)
Info:                          Sink u_ibex_core.ex_block_i.alu_i.adder_sum_ext_CCU2C_S1_12$CCU2_COMB1.FCI
Info:      logic  0.40  16.15 Source u_ibex_core.ex_block_i.alu_i.adder_sum_ext_CCU2C_S1_12$CCU2_COMB1.F
Info:    routing  2.19  18.33 Net data_addr_o[4] (46,27) -> (42,11)
Info:                          Sink u_ibex_core.if_stage_i.icache.lookup_addr_ic0_PFUMX_Z_BLUT_LUT4_Z.M
Info:                          Defined in:
Info:                               ${REPO_ROOT}/flow/out/arch/ibex_top.v:10175.15-10175.30
Info:      logic  0.26  18.59 Source u_ibex_core.if_stage_i.icache.lookup_addr_ic0_PFUMX_Z_BLUT_LUT4_Z.OFX
Info:    routing  0.79  19.38 Net data_bank_w0.addr_i_L6MUX21_Z_1_D1_PFUMX_Z_BLUT_LUT4_Z_D[4] (42,11) -> (43,5)
Info:                          Sink u_ibex_core.if_stage_i.icache.lookup_addr_ic0_PFUMX_Z_17_ALUT_LUT4_Z_C_LUT4_D_2_Z_PFUMX_ALUT_Z_L6MUX21_D1_Z_LUT4_C_Z_L6MUX21_Z_SD_L6MUX21_Z_2_D0_L6MUX21_Z_D0_PFUMX_Z_ALUT_LUT4_Z_D_LUT4_B_Z_LUT4_Z_1.D
Info:                          Defined in:
Info:                               ${REPO_ROOT}/flow/out/arch/ibex_top.v:11875.14-11875.29
Info:      logic  0.24  19.61 Source u_ibex_core.if_stage_i.icache.lookup_addr_ic0_PFUMX_Z_17_ALUT_LUT4_Z_C_LUT4_D_2_Z_PFUMX_ALUT_Z_L6MUX21_D1_Z_LUT4_C_Z_L6MUX21_Z_SD_L6MUX21_Z_2_D0_L6MUX21_Z_D0_PFUMX_Z_ALUT_LUT4_Z_D_LUT4_B_Z_LUT4_Z_1.F
Info:    routing  0.63  20.25 Net u_ibex_core.if_stage_i.icache.lookup_addr_ic0_PFUMX_Z_17_ALUT_LUT4_Z_C_LUT4_D_2_Z_PFUMX_ALUT_Z_L6MUX21_D1_Z_LUT4_C_Z_L6MUX21_Z_SD_L6MUX21_Z_2_D0_L6MUX21_Z_D0_PFUMX_Z_ALUT_LUT4_Z_D_LUT4_B_Z[3] (43,5) -> (43,5)
Info:                          Sink u_ibex_core.cs_registers_i.u_mcause_csr.wr_data_i_LUT4_Z_5_B_LUT4_D_Z_LUT4_D_Z_PFUMX_ALUT_Z_L6MUX21_D0_Z_LUT4_C_Z_PFUMX_Z_1_BLUT_LUT4_Z.D
Info:                          Defined in:
Info:                               /opt/homebrew/bin/../share/yosys/lattice/cells_map_trellis.v:108.23-108.24
Info:      logic  0.40  20.65 Source u_ibex_core.cs_registers_i.u_mcause_csr.wr_data_i_LUT4_Z_5_B_LUT4_D_Z_LUT4_D_Z_PFUMX_ALUT_Z_L6MUX21_D0_Z_LUT4_C_Z_PFUMX_Z_1_BLUT_LUT4_Z.OFX
Info:    routing  0.80  21.45 Net u_ibex_core.cs_registers_i.u_mcause_csr.wr_data_i_LUT4_Z_5_B_LUT4_D_Z_LUT4_D_Z_PFUMX_ALUT_Z_L6MUX21_D0_Z_LUT4_C_Z[6] (43,5) -> (46,5)
Info:                          Sink irq_timer_i_LUT4_C_A_LUT4_A_D_LUT4_Z_D_LUT4_Z_A_LUT4_A_Z_PFUMX_ALUT_Z_LUT4_D_Z_PFUMX_ALUT_Z_L6MUX21_D1_Z_PFUMX_Z_C0_L6MUX21_Z_D1_PFUMX_Z_ALUT_LUT4_Z_D_LUT4_D_Z_PFUMX_ALUT_Z_L6MUX21_D0_Z_LUT4_D_Z_PFUMX_BLUT_Z_L6MUX21_Z_D1_L6MUX21_Z_D0_PFUMX_Z_ALUT_LUT4_Z.M
Info:                          Defined in:
Info:                               /opt/homebrew/bin/../share/yosys/lattice/cells_map_trellis.v:108.23-108.24
Info:      logic  0.26  21.70 Source irq_timer_i_LUT4_C_A_LUT4_A_D_LUT4_Z_D_LUT4_Z_A_LUT4_A_Z_PFUMX_ALUT_Z_LUT4_D_Z_PFUMX_ALUT_Z_L6MUX21_D1_Z_PFUMX_Z_C0_L6MUX21_Z_D1_PFUMX_Z_ALUT_LUT4_Z_D_LUT4_D_Z_PFUMX_ALUT_Z_L6MUX21_D0_Z_LUT4_D_Z_PFUMX_BLUT_Z_L6MUX21_Z_D1_L6MUX21_Z_D0_PFUMX_Z_ALUT_LUT4_Z.OFX
Info:    routing  0.96  22.66 Net irq_timer_i_LUT4_C_A_LUT4_A_D_LUT4_Z_D_LUT4_Z_A_LUT4_A_Z_PFUMX_ALUT_Z_LUT4_D_Z_PFUMX_ALUT_Z_L6MUX21_D1_Z_PFUMX_Z_C0_L6MUX21_Z_D1_PFUMX_Z_ALUT_LUT4_Z_D_LUT4_D_Z_PFUMX_ALUT_Z_L6MUX21_D0_Z_LUT4_D_Z_PFUMX_BLUT_Z[6] (46,5) -> (44,8)
Info:                          Sink u_ibex_core.if_stage_i.icache.lookup_addr_ic0_LUT4_Z_6_D_LUT4_D_Z_LUT4_D_Z_PFUMX_C0_Z_L6MUX21_Z_D1_L6MUX21_Z_D0_PFUMX_Z_ALUT_LUT4_Z.M
Info:                          Defined in:
Info:                               /opt/homebrew/bin/../share/yosys/lattice/cells_map_trellis.v:108.23-108.24
Info:      logic  0.26  22.92 Source u_ibex_core.if_stage_i.icache.lookup_addr_ic0_LUT4_Z_6_D_LUT4_D_Z_LUT4_D_Z_PFUMX_C0_Z_L6MUX21_Z_D1_L6MUX21_Z_D0_PFUMX_Z_ALUT_LUT4_Z.OFX
Info:    routing  0.94  23.86 Net fetch_enable_i_LUT4_C_Z_PFUMX_BLUT_Z_PFUMX_Z_ALUT_LUT4_Z_D[4] (44,8) -> (40,6)
Info:                          Sink u_ibex_core.if_stage_i.icache.fb_busy_prev_LUT4_C_Z_PFUMX_BLUT_Z_LUT4_D_Z_L6MUX21_Z_2_D1_PFUMX_Z_ALUT_LUT4_Z.M
Info:                          Defined in:
Info:                               /opt/homebrew/bin/../share/yosys/lattice/cells_map_trellis.v:108.23-108.24
Info:      logic  0.26  24.12 Source u_ibex_core.if_stage_i.icache.fb_busy_prev_LUT4_C_Z_PFUMX_BLUT_Z_LUT4_D_Z_L6MUX21_Z_2_D1_PFUMX_Z_ALUT_LUT4_Z.OFX
Info:    routing  0.62  24.74 Net u_ibex_core.if_stage_i.icache.fb_busy_prev_LUT4_C_Z_PFUMX_BLUT_Z_LUT4_D_Z[6] (40,6) -> (40,7)
Info:                          Sink fetch_enable_i_LUT4_C_Z_PFUMX_BLUT_Z_L6MUX21_Z_2_D1_L6MUX21_Z_D0_PFUMX_Z_ALUT_LUT4_Z.M
Info:                          Defined in:
Info:                               /opt/homebrew/bin/../share/yosys/lattice/cells_map_trellis.v:108.23-108.24
Info:      logic  0.26  25.00 Source fetch_enable_i_LUT4_C_Z_PFUMX_BLUT_Z_L6MUX21_Z_2_D1_L6MUX21_Z_D0_PFUMX_Z_ALUT_LUT4_Z.OFX
Info:    routing  1.22  26.22 Net fetch_enable_i_LUT4_C_Z_PFUMX_BLUT_Z[6] (40,7) -> (38,14)
Info:                          Sink u_ibex_core.if_stage_i.icache.lookup_grant_L6MUX21_Z_D1_L6MUX21_Z_D0_PFUMX_Z_ALUT_LUT4_Z.M
Info:                          Defined in:
Info:                               /opt/homebrew/bin/../share/yosys/lattice/cells_map_trellis.v:108.23-108.24
Info:      logic  0.26  26.47 Source u_ibex_core.if_stage_i.icache.lookup_grant_L6MUX21_Z_D1_L6MUX21_Z_D0_PFUMX_Z_ALUT_LUT4_Z.OFX
Info:    routing  2.23  28.70 Net fetch_enable_i_LUT4_C_Z_PFUMX_BLUT_Z_LUT4_Z_D_LUT4_D_Z_LUT4_B_Z[5] (38,14) -> (22,27)
Info:                          Sink data_bank_w0.write_i_LUT4_Z.D
Info:                          Defined in:
Info:                               ${REPO_ROOT}/flow/out/arch/ibex_top.v:11871.7-11871.19
Info:      logic  0.24  28.94 Source data_bank_w0.write_i_LUT4_Z.F
Info:    routing  1.87  30.81 Net ic_data_write (22,27) -> (17,13)
Info:                          Sink ic_tag_wdata_LUT4_Z.D
Info:                          Defined in:
Info:                               ${REPO_ROOT}/flow/out/arch/ibex_top.v:11762.20-11762.34
Info:      logic  0.24  31.05 Source ic_tag_wdata_LUT4_Z.F
Info:    routing  1.53  32.57 Net ic_tag_wdata[12] (17,13) -> (17,22)
Info:                          Sink tag_bank_w0.mem.0.0.DIA12
Info:                          Defined in:
Info:                               ${REPO_ROOT}/flow/out/arch/ibex_top.v:11762.20-11762.34
Info:      setup  0.22  32.79 Source tag_bank_w0.mem.0.0.DIA12
Info: 6.40 ns logic, 26.39 ns routing

Warning: Max frequency for clock 'clk_i': 30.50 MHz (FAIL at 50.00 MHz)

Info: Slack histogram:
Info:  legend: * represents 22 endpoint(s)
Info:          + represents [1,22) endpoint(s)
Info: [-12792, -11199) |*****+
Info: [-11199,  -9606) |*********************+
Info: [ -9606,  -8013) |*********************************+
Info: [ -8013,  -6420) |********************************************************+
Info: [ -6420,  -4827) |************************************************************ 
Info: [ -4827,  -3234) |***********************+
Info: [ -3234,  -1641) |*****************+
Info: [ -1641,    -48) |********+
Info: [   -48,   1545) |*****+
Info: [  1545,   3138) |*******+
Info: [  3138,   4731) |**********************+
Info: [  4731,   6324) |**************************+
Info: [  6324,   7917) |*****+
Info: [  7917,   9510) |**+
Info: [  9510,  11103) |+
Info: [ 11103,  12696) |**+
Info: [ 12696,  14289) |+
Info: [ 14289,  15882) |+
Info: [ 15882,  17475) |*****+
Info: [ 17475,  19068) |******+
788 warnings, 0 errors

Info: Program finished normally.
