Info: constraining clock net 'clk_i' to 50.00 MHz
Warning: IO 'test_en_i' is unconstrained in LPF and will be automatically placed
Warning: IO 'scramble_req_o' is unconstrained in LPF and will be automatically placed
Warning: IO 'scramble_nonce_i[63]' is unconstrained in LPF and will be automatically placed
Warning: IO 'scramble_nonce_i[62]' is unconstrained in LPF and will be automatically placed
Warning: IO 'scramble_nonce_i[61]' is unconstrained in LPF and will be automatically placed
Warning: IO 'scramble_nonce_i[60]' is unconstrained in LPF and will be automatically placed
Warning: IO 'scramble_nonce_i[59]' is unconstrained in LPF and will be automatically placed
Warning: IO 'scramble_nonce_i[58]' is unconstrained in LPF and will be automatically placed
Warning: IO 'scramble_nonce_i[57]' is unconstrained in LPF and will be automatically placed
Warning: IO 'scramble_nonce_i[56]' is unconstrained in LPF and will be automatically placed
Warning: IO 'scramble_nonce_i[55]' is unconstrained in LPF and will be automatically placed
Warning: IO 'scramble_nonce_i[54]' is unconstrained in LPF and will be automatically placed
Warning: IO 'scramble_nonce_i[53]' is unconstrained in LPF and will be automatically placed
Warning: IO 'scramble_nonce_i[52]' is unconstrained in LPF and will be automatically placed
Warning: IO 'scramble_nonce_i[51]' is unconstrained in LPF and will be automatically placed
Warning: IO 'scramble_nonce_i[50]' is unconstrained in LPF and will be automatically placed
Warning: IO 'scramble_nonce_i[49]' is unconstrained in LPF and will be automatically placed
Warning: IO 'scramble_nonce_i[48]' is unconstrained in LPF and will be automatically placed
Warning: IO 'scramble_nonce_i[47]' is unconstrained in LPF and will be automatically placed
Warning: IO 'scramble_nonce_i[46]' is unconstrained in LPF and will be automatically placed
Warning: IO 'scramble_nonce_i[45]' is unconstrained in LPF and will be automatically placed
Warning: IO 'scramble_nonce_i[44]' is unconstrained in LPF and will be automatically placed
Warning: IO 'scramble_nonce_i[43]' is unconstrained in LPF and will be automatically placed
Warning: IO 'scramble_nonce_i[42]' is unconstrained in LPF and will be automatically placed
Warning: IO 'scramble_nonce_i[41]' is unconstrained in LPF and will be automatically placed
Warning: IO 'scramble_nonce_i[40]' is unconstrained in LPF and will be automatically placed
Warning: IO 'scramble_nonce_i[39]' is unconstrained in LPF and will be automatically placed
Warning: IO 'scramble_nonce_i[38]' is unconstrained in LPF and will be automatically placed
Warning: IO 'scramble_nonce_i[37]' is unconstrained in LPF and will be automatically placed
Warning: IO 'scramble_nonce_i[36]' is unconstrained in LPF and will be automatically placed
Warning: IO 'scramble_nonce_i[35]' is unconstrained in LPF and will be automatically placed
Warning: IO 'scramble_nonce_i[34]' is unconstrained in LPF and will be automatically placed
Warning: IO 'scramble_nonce_i[33]' is unconstrained in LPF and will be automatically placed
Warning: IO 'scramble_nonce_i[32]' is unconstrained in LPF and will be automatically placed
Warning: IO 'scramble_nonce_i[31]' is unconstrained in LPF and will be automatically placed
Warning: IO 'scramble_nonce_i[30]' is unconstrained in LPF and will be automatically placed
Warning: IO 'scramble_nonce_i[29]' is unconstrained in LPF and will be automatically placed
Warning: IO 'scramble_nonce_i[28]' is unconstrained in LPF and will be automatically placed
Warning: IO 'scramble_nonce_i[27]' is unconstrained in LPF and will be automatically placed
Warning: IO 'scramble_nonce_i[26]' is unconstrained in LPF and will be automatically placed
Warning: IO 'scramble_nonce_i[25]' is unconstrained in LPF and will be automatically placed
Warning: IO 'scramble_nonce_i[24]' is unconstrained in LPF and will be automatically placed
Warning: IO 'scramble_nonce_i[23]' is unconstrained in LPF and will be automatically placed
Warning: IO 'scramble_nonce_i[22]' is unconstrained in LPF and will be automatically placed
Warning: IO 'scramble_nonce_i[21]' is unconstrained in LPF and will be automatically placed
Warning: IO 'scramble_nonce_i[20]' is unconstrained in LPF and will be automatically placed
Warning: IO 'scramble_nonce_i[19]' is unconstrained in LPF and will be automatically placed
Warning: IO 'scramble_nonce_i[18]' is unconstrained in LPF and will be automatically placed
Warning: IO 'scramble_nonce_i[17]' is unconstrained in LPF and will be automatically placed
Warning: IO 'scramble_nonce_i[16]' is unconstrained in LPF and will be automatically placed
Warning: IO 'scramble_nonce_i[15]' is unconstrained in LPF and will be automatically placed
Warning: IO 'scramble_nonce_i[14]' is unconstrained in LPF and will be automatically placed
Warning: IO 'scramble_nonce_i[13]' is unconstrained in LPF and will be automatically placed
Warning: IO 'scramble_nonce_i[12]' is unconstrained in LPF and will be automatically placed
Warning: IO 'scramble_nonce_i[11]' is unconstrained in LPF and will be automatically placed
Warning: IO 'scramble_nonce_i[10]' is unconstrained in LPF and will be automatically placed
Warning: IO 'scramble_nonce_i[9]' is unconstrained in LPF and will be automatically placed
Warning: IO 'scramble_nonce_i[8]' is unconstrained in LPF and will be automatically placed
Warning: IO 'scramble_nonce_i[7]' is unconstrained in LPF and will be automatically placed
Warning: IO 'scramble_nonce_i[6]' is unconstrained in LPF and will be automatically placed
Warning: IO 'scramble_nonce_i[5]' is unconstrained in LPF and will be automatically placed
Warning: IO 'scramble_nonce_i[4]' is unconstrained in LPF and will be automatically placed
Warning: IO 'scramble_nonce_i[3]' is unconstrained in LPF and will be automatically placed
Warning: IO 'scramble_nonce_i[2]' is unconstrained in LPF and will be automatically placed
Warning: IO 'scramble_nonce_i[1]' is unconstrained in LPF and will be automatically placed
Warning: IO 'scramble_nonce_i[0]' is unconstrained in LPF and will be automatically placed
Warning: IO 'scramble_key_valid_i' is unconstrained in LPF and will be automatically placed
Warning: IO 'scramble_key_i[127]' is unconstrained in LPF and will be automatically placed
Warning: IO 'scramble_key_i[126]' is unconstrained in LPF and will be automatically placed
Warning: IO 'scramble_key_i[125]' is unconstrained in LPF and will be automatically placed
Warning: IO 'scramble_key_i[124]' is unconstrained in LPF and will be automatically placed
Warning: IO 'scramble_key_i[123]' is unconstrained in LPF and will be automatically placed
Warning: IO 'scramble_key_i[122]' is unconstrained in LPF and will be automatically placed
Warning: IO 'scramble_key_i[121]' is unconstrained in LPF and will be automatically placed
Warning: IO 'scramble_key_i[120]' is unconstrained in LPF and will be automatically placed
Warning: IO 'scramble_key_i[119]' is unconstrained in LPF and will be automatically placed
Warning: IO 'scramble_key_i[118]' is unconstrained in LPF and will be automatically placed
Warning: IO 'scramble_key_i[117]' is unconstrained in LPF and will be automatically placed
Warning: IO 'scramble_key_i[116]' is unconstrained in LPF and will be automatically placed
Warning: IO 'scramble_key_i[115]' is unconstrained in LPF and will be automatically placed
Warning: IO 'scramble_key_i[114]' is unconstrained in LPF and will be automatically placed
Warning: IO 'scramble_key_i[113]' is unconstrained in LPF and will be automatically placed
Warning: IO 'scramble_key_i[112]' is unconstrained in LPF and will be automatically placed
Warning: IO 'scramble_key_i[111]' is unconstrained in LPF and will be automatically placed
Warning: IO 'scramble_key_i[110]' is unconstrained in LPF and will be automatically placed
Warning: IO 'scramble_key_i[109]' is unconstrained in LPF and will be automatically placed
Warning: IO 'scramble_key_i[108]' is unconstrained in LPF and will be automatically placed
Warning: IO 'scramble_key_i[107]' is unconstrained in LPF and will be automatically placed
Warning: IO 'scramble_key_i[106]' is unconstrained in LPF and will be automatically placed
Warning: IO 'scramble_key_i[105]' is unconstrained in LPF and will be automatically placed
Warning: IO 'scramble_key_i[104]' is unconstrained in LPF and will be automatically placed
Warning: IO 'scramble_key_i[103]' is unconstrained in LPF and will be automatically placed
Warning: IO 'scramble_key_i[102]' is unconstrained in LPF and will be automatically placed
Warning: IO 'scramble_key_i[101]' is unconstrained in LPF and will be automatically placed
Warning: IO 'scramble_key_i[100]' is unconstrained in LPF and will be automatically placed
Warning: IO 'scramble_key_i[99]' is unconstrained in LPF and will be automatically placed
Warning: IO 'scramble_key_i[98]' is unconstrained in LPF and will be automatically placed
Warning: IO 'scramble_key_i[97]' is unconstrained in LPF and will be automatically placed
Warning: IO 'scramble_key_i[96]' is unconstrained in LPF and will be automatically placed
Warning: IO 'scramble_key_i[95]' is unconstrained in LPF and will be automatically placed
Warning: IO 'scramble_key_i[94]' is unconstrained in LPF and will be automatically placed
Warning: IO 'scramble_key_i[93]' is unconstrained in LPF and will be automatically placed
Warning: IO 'scramble_key_i[92]' is unconstrained in LPF and will be automatically placed
Warning: IO 'scramble_key_i[91]' is unconstrained in LPF and will be automatically placed
Warning: IO 'scramble_key_i[90]' is unconstrained in LPF and will be automatically placed
Warning: IO 'scramble_key_i[89]' is unconstrained in LPF and will be automatically placed
Warning: IO 'scramble_key_i[88]' is unconstrained in LPF and will be automatically placed
Warning: IO 'scramble_key_i[87]' is unconstrained in LPF and will be automatically placed
Warning: IO 'scramble_key_i[86]' is unconstrained in LPF and will be automatically placed
Warning: IO 'scramble_key_i[85]' is unconstrained in LPF and will be automatically placed
Warning: IO 'scramble_key_i[84]' is unconstrained in LPF and will be automatically placed
Warning: IO 'scramble_key_i[83]' is unconstrained in LPF and will be automatically placed
Warning: IO 'scramble_key_i[82]' is unconstrained in LPF and will be automatically placed
Warning: IO 'scramble_key_i[81]' is unconstrained in LPF and will be automatically placed
Warning: IO 'scramble_key_i[80]' is unconstrained in LPF and will be automatically placed
Warning: IO 'scramble_key_i[79]' is unconstrained in LPF and will be automatically placed
Warning: IO 'scramble_key_i[78]' is unconstrained in LPF and will be automatically placed
Warning: IO 'scramble_key_i[77]' is unconstrained in LPF and will be automatically placed
Warning: IO 'scramble_key_i[76]' is unconstrained in LPF and will be automatically placed
Warning: IO 'scramble_key_i[75]' is unconstrained in LPF and will be automatically placed
Warning: IO 'scramble_key_i[74]' is unconstrained in LPF and will be automatically placed
Warning: IO 'scramble_key_i[73]' is unconstrained in LPF and will be automatically placed
Warning: IO 'scramble_key_i[72]' is unconstrained in LPF and will be automatically placed
Warning: IO 'scramble_key_i[71]' is unconstrained in LPF and will be automatically placed
Warning: IO 'scramble_key_i[70]' is unconstrained in LPF and will be automatically placed
Warning: IO 'scramble_key_i[69]' is unconstrained in LPF and will be automatically placed
Warning: IO 'scramble_key_i[68]' is unconstrained in LPF and will be automatically placed
Warning: IO 'scramble_key_i[67]' is unconstrained in LPF and will be automatically placed
Warning: IO 'scramble_key_i[66]' is unconstrained in LPF and will be automatically placed
Warning: IO 'scramble_key_i[65]' is unconstrained in LPF and will be automatically placed
Warning: IO 'scramble_key_i[64]' is unconstrained in LPF and will be automatically placed
Warning: IO 'scramble_key_i[63]' is unconstrained in LPF and will be automatically placed
Warning: IO 'scramble_key_i[62]' is unconstrained in LPF and will be automatically placed
Warning: IO 'scramble_key_i[61]' is unconstrained in LPF and will be automatically placed
Warning: IO 'scramble_key_i[60]' is unconstrained in LPF and will be automatically placed
Warning: IO 'scramble_key_i[59]' is unconstrained in LPF and will be automatically placed
Warning: IO 'scramble_key_i[58]' is unconstrained in LPF and will be automatically placed
Warning: IO 'scramble_key_i[57]' is unconstrained in LPF and will be automatically placed
Warning: IO 'scramble_key_i[56]' is unconstrained in LPF and will be automatically placed
Warning: IO 'scramble_key_i[55]' is unconstrained in LPF and will be automatically placed
Warning: IO 'scramble_key_i[54]' is unconstrained in LPF and will be automatically placed
Warning: IO 'scramble_key_i[53]' is unconstrained in LPF and will be automatically placed
Warning: IO 'scramble_key_i[52]' is unconstrained in LPF and will be automatically placed
Warning: IO 'scramble_key_i[51]' is unconstrained in LPF and will be automatically placed
Warning: IO 'scramble_key_i[50]' is unconstrained in LPF and will be automatically placed
Warning: IO 'scramble_key_i[49]' is unconstrained in LPF and will be automatically placed
Warning: IO 'scramble_key_i[48]' is unconstrained in LPF and will be automatically placed
Warning: IO 'scramble_key_i[47]' is unconstrained in LPF and will be automatically placed
Warning: IO 'scramble_key_i[46]' is unconstrained in LPF and will be automatically placed
Warning: IO 'scramble_key_i[45]' is unconstrained in LPF and will be automatically placed
Warning: IO 'scramble_key_i[44]' is unconstrained in LPF and will be automatically placed
Warning: IO 'scramble_key_i[43]' is unconstrained in LPF and will be automatically placed
Warning: IO 'scramble_key_i[42]' is unconstrained in LPF and will be automatically placed
Warning: IO 'scramble_key_i[41]' is unconstrained in LPF and will be automatically placed
Warning: IO 'scramble_key_i[40]' is unconstrained in LPF and will be automatically placed
Warning: IO 'scramble_key_i[39]' is unconstrained in LPF and will be automatically placed
Warning: IO 'scramble_key_i[38]' is unconstrained in LPF and will be automatically placed
Warning: IO 'scramble_key_i[37]' is unconstrained in LPF and will be automatically placed
Warning: IO 'scramble_key_i[36]' is unconstrained in LPF and will be automatically placed
Warning: IO 'scramble_key_i[35]' is unconstrained in LPF and will be automatically placed
Warning: IO 'scramble_key_i[34]' is unconstrained in LPF and will be automatically placed
Warning: IO 'scramble_key_i[33]' is unconstrained in LPF and will be automatically placed
Warning: IO 'scramble_key_i[32]' is unconstrained in LPF and will be automatically placed
Warning: IO 'scramble_key_i[31]' is unconstrained in LPF and will be automatically placed
Warning: IO 'scramble_key_i[30]' is unconstrained in LPF and will be automatically placed
Warning: IO 'scramble_key_i[29]' is unconstrained in LPF and will be automatically placed
Warning: IO 'scramble_key_i[28]' is unconstrained in LPF and will be automatically placed
Warning: IO 'scramble_key_i[27]' is unconstrained in LPF and will be automatically placed
Warning: IO 'scramble_key_i[26]' is unconstrained in LPF and will be automatically placed
Warning: IO 'scramble_key_i[25]' is unconstrained in LPF and will be automatically placed
Warning: IO 'scramble_key_i[24]' is unconstrained in LPF and will be automatically placed
Warning: IO 'scramble_key_i[23]' is unconstrained in LPF and will be automatically placed
Warning: IO 'scramble_key_i[22]' is unconstrained in LPF and will be automatically placed
Warning: IO 'scramble_key_i[21]' is unconstrained in LPF and will be automatically placed
Warning: IO 'scramble_key_i[20]' is unconstrained in LPF and will be automatically placed
Warning: IO 'scramble_key_i[19]' is unconstrained in LPF and will be automatically placed
Warning: IO 'scramble_key_i[18]' is unconstrained in LPF and will be automatically placed
Warning: IO 'scramble_key_i[17]' is unconstrained in LPF and will be automatically placed
Warning: IO 'scramble_key_i[16]' is unconstrained in LPF and will be automatically placed
Warning: IO 'scramble_key_i[15]' is unconstrained in LPF and will be automatically placed
Warning: IO 'scramble_key_i[14]' is unconstrained in LPF and will be automatically placed
Warning: IO 'scramble_key_i[13]' is unconstrained in LPF and will be automatically placed
Warning: IO 'scramble_key_i[12]' is unconstrained in LPF and will be automatically placed
Warning: IO 'scramble_key_i[11]' is unconstrained in LPF and will be automatically placed
Warning: IO 'scramble_key_i[10]' is unconstrained in LPF and will be automatically placed
Warning: IO 'scramble_key_i[9]' is unconstrained in LPF and will be automatically placed
Warning: IO 'scramble_key_i[8]' is unconstrained in LPF and will be automatically placed
Warning: IO 'scramble_key_i[7]' is unconstrained in LPF and will be automatically placed
Warning: IO 'scramble_key_i[6]' is unconstrained in LPF and will be automatically placed
Warning: IO 'scramble_key_i[5]' is unconstrained in LPF and will be automatically placed
Warning: IO 'scramble_key_i[4]' is unconstrained in LPF and will be automatically placed
Warning: IO 'scramble_key_i[3]' is unconstrained in LPF and will be automatically placed
Warning: IO 'scramble_key_i[2]' is unconstrained in LPF and will be automatically placed
Warning: IO 'scramble_key_i[1]' is unconstrained in LPF and will be automatically placed
Warning: IO 'scramble_key_i[0]' is unconstrained in LPF and will be automatically placed
Warning: IO 'scan_rst_ni' is unconstrained in LPF and will be automatically placed
Warning: IO 'rvfi_valid' is unconstrained in LPF and will be automatically placed
Warning: IO 'rvfi_trap' is unconstrained in LPF and will be automatically placed
Warning: IO 'rvfi_rs3_rdata[31]' is unconstrained in LPF and will be automatically placed
Warning: IO 'rvfi_rs3_rdata[30]' is unconstrained in LPF and will be automatically placed
Warning: IO 'rvfi_rs3_rdata[29]' is unconstrained in LPF and will be automatically placed
Warning: IO 'rvfi_rs3_rdata[28]' is unconstrained in LPF and will be automatically placed
Warning: IO 'rvfi_rs3_rdata[27]' is unconstrained in LPF and will be automatically placed
Warning: IO 'rvfi_rs3_rdata[26]' is unconstrained in LPF and will be automatically placed
Warning: IO 'rvfi_rs3_rdata[25]' is unconstrained in LPF and will be automatically placed
Warning: IO 'rvfi_rs3_rdata[24]' is unconstrained in LPF and will be automatically placed
Warning: IO 'rvfi_rs3_rdata[23]' is unconstrained in LPF and will be automatically placed
Warning: IO 'rvfi_rs3_rdata[22]' is unconstrained in LPF and will be automatically placed
Warning: IO 'rvfi_rs3_rdata[21]' is unconstrained in LPF and will be automatically placed
Warning: IO 'rvfi_rs3_rdata[20]' is unconstrained in LPF and will be automatically placed
Warning: IO 'rvfi_rs3_rdata[19]' is unconstrained in LPF and will be automatically placed
Warning: IO 'rvfi_rs3_rdata[18]' is unconstrained in LPF and will be automatically placed
Warning: IO 'rvfi_rs3_rdata[17]' is unconstrained in LPF and will be automatically placed
Warning: IO 'rvfi_rs3_rdata[16]' is unconstrained in LPF and will be automatically placed
Warning: IO 'rvfi_rs3_rdata[15]' is unconstrained in LPF and will be automatically placed
Warning: IO 'rvfi_rs3_rdata[14]' is unconstrained in LPF and will be automatically placed
Warning: IO 'rvfi_rs3_rdata[13]' is unconstrained in LPF and will be automatically placed
Warning: IO 'rvfi_rs3_rdata[12]' is unconstrained in LPF and will be automatically placed
Warning: IO 'rvfi_rs3_rdata[11]' is unconstrained in LPF and will be automatically placed
Warning: IO 'rvfi_rs3_rdata[10]' is unconstrained in LPF and will be automatically placed
Warning: IO 'rvfi_rs3_rdata[9]' is unconstrained in LPF and will be automatically placed
Warning: IO 'rvfi_rs3_rdata[8]' is unconstrained in LPF and will be automatically placed
Warning: IO 'rvfi_rs3_rdata[7]' is unconstrained in LPF and will be automatically placed
Warning: IO 'rvfi_rs3_rdata[6]' is unconstrained in LPF and will be automatically placed
Warning: IO 'rvfi_rs3_rdata[5]' is unconstrained in LPF and will be automatically placed
Warning: IO 'rvfi_rs3_rdata[4]' is unconstrained in LPF and will be automatically placed
Warning: IO 'rvfi_rs3_rdata[3]' is unconstrained in LPF and will be automatically placed
Warning: IO 'rvfi_rs3_rdata[2]' is unconstrained in LPF and will be automatically placed
Warning: IO 'rvfi_rs3_rdata[1]' is unconstrained in LPF and will be automatically placed
Warning: IO 'rvfi_rs3_rdata[0]' is unconstrained in LPF and will be automatically placed
Warning: IO 'rvfi_rs3_addr[4]' is unconstrained in LPF and will be automatically placed
Warning: IO 'rvfi_rs3_addr[3]' is unconstrained in LPF and will be automatically placed
Warning: IO 'rvfi_rs3_addr[2]' is unconstrained in LPF and will be automatically placed
Warning: IO 'rvfi_rs3_addr[1]' is unconstrained in LPF and will be automatically placed
Warning: IO 'rvfi_rs3_addr[0]' is unconstrained in LPF and will be automatically placed
Warning: IO 'rvfi_rs2_rdata[31]' is unconstrained in LPF and will be automatically placed
Warning: IO 'rvfi_rs2_rdata[30]' is unconstrained in LPF and will be automatically placed
Warning: IO 'rvfi_rs2_rdata[29]' is unconstrained in LPF and will be automatically placed
Warning: IO 'rvfi_rs2_rdata[28]' is unconstrained in LPF and will be automatically placed
Warning: IO 'rvfi_rs2_rdata[27]' is unconstrained in LPF and will be automatically placed
Warning: IO 'rvfi_rs2_rdata[26]' is unconstrained in LPF and will be automatically placed
Warning: IO 'rvfi_rs2_rdata[25]' is unconstrained in LPF and will be automatically placed
Warning: IO 'rvfi_rs2_rdata[24]' is unconstrained in LPF and will be automatically placed
Warning: IO 'rvfi_rs2_rdata[23]' is unconstrained in LPF and will be automatically placed
Warning: IO 'rvfi_rs2_rdata[22]' is unconstrained in LPF and will be automatically placed
Warning: IO 'rvfi_rs2_rdata[21]' is unconstrained in LPF and will be automatically placed
Warning: IO 'rvfi_rs2_rdata[20]' is unconstrained in LPF and will be automatically placed
Warning: IO 'rvfi_rs2_rdata[19]' is unconstrained in LPF and will be automatically placed
Warning: IO 'rvfi_rs2_rdata[18]' is unconstrained in LPF and will be automatically placed
Warning: IO 'rvfi_rs2_rdata[17]' is unconstrained in LPF and will be automatically placed
Warning: IO 'rvfi_rs2_rdata[16]' is unconstrained in LPF and will be automatically placed
Warning: IO 'rvfi_rs2_rdata[15]' is unconstrained in LPF and will be automatically placed
Warning: IO 'rvfi_rs2_rdata[14]' is unconstrained in LPF and will be automatically placed
Warning: IO 'rvfi_rs2_rdata[13]' is unconstrained in LPF and will be automatically placed
Warning: IO 'rvfi_rs2_rdata[12]' is unconstrained in LPF and will be automatically placed
Warning: IO 'rvfi_rs2_rdata[11]' is unconstrained in LPF and will be automatically placed
Warning: IO 'rvfi_rs2_rdata[10]' is unconstrained in LPF and will be automatically placed
Warning: IO 'rvfi_rs2_rdata[9]' is unconstrained in LPF and will be automatically placed
Warning: IO 'rvfi_rs2_rdata[8]' is unconstrained in LPF and will be automatically placed
Warning: IO 'rvfi_rs2_rdata[7]' is unconstrained in LPF and will be automatically placed
Warning: IO 'rvfi_rs2_rdata[6]' is unconstrained in LPF and will be automatically placed
Warning: IO 'rvfi_rs2_rdata[5]' is unconstrained in LPF and will be automatically placed
Warning: IO 'rvfi_rs2_rdata[4]' is unconstrained in LPF and will be automatically placed
Warning: IO 'rvfi_rs2_rdata[3]' is unconstrained in LPF and will be automatically placed
Warning: IO 'rvfi_rs2_rdata[2]' is unconstrained in LPF and will be automatically placed
Warning: IO 'rvfi_rs2_rdata[1]' is unconstrained in LPF and will be automatically placed
Warning: IO 'rvfi_rs2_rdata[0]' is unconstrained in LPF and will be automatically placed
Warning: IO 'rvfi_rs2_addr[4]' is unconstrained in LPF and will be automatically placed
Warning: IO 'rvfi_rs2_addr[3]' is unconstrained in LPF and will be automatically placed
Warning: IO 'rvfi_rs2_addr[2]' is unconstrained in LPF and will be automatically placed
Warning: IO 'rvfi_rs2_addr[1]' is unconstrained in LPF and will be automatically placed
Warning: IO 'rvfi_rs2_addr[0]' is unconstrained in LPF and will be automatically placed
Warning: IO 'rvfi_rs1_rdata[31]' is unconstrained in LPF and will be automatically placed
Warning: IO 'rvfi_rs1_rdata[30]' is unconstrained in LPF and will be automatically placed
Warning: IO 'rvfi_rs1_rdata[29]' is unconstrained in LPF and will be automatically placed
Warning: IO 'rvfi_rs1_rdata[28]' is unconstrained in LPF and will be automatically placed
Warning: IO 'rvfi_rs1_rdata[27]' is unconstrained in LPF and will be automatically placed
Warning: IO 'rvfi_rs1_rdata[26]' is unconstrained in LPF and will be automatically placed
Warning: IO 'rvfi_rs1_rdata[25]' is unconstrained in LPF and will be automatically placed
Warning: IO 'rvfi_rs1_rdata[24]' is unconstrained in LPF and will be automatically placed
Warning: IO 'rvfi_rs1_rdata[23]' is unconstrained in LPF and will be automatically placed
Warning: IO 'rvfi_rs1_rdata[22]' is unconstrained in LPF and will be automatically placed
Warning: IO 'rvfi_rs1_rdata[21]' is unconstrained in LPF and will be automatically placed
Warning: IO 'rvfi_rs1_rdata[20]' is unconstrained in LPF and will be automatically placed
Warning: IO 'rvfi_rs1_rdata[19]' is unconstrained in LPF and will be automatically placed
Warning: IO 'rvfi_rs1_rdata[18]' is unconstrained in LPF and will be automatically placed
Warning: IO 'rvfi_rs1_rdata[17]' is unconstrained in LPF and will be automatically placed
Warning: IO 'rvfi_rs1_rdata[16]' is unconstrained in LPF and will be automatically placed
Warning: IO 'rvfi_rs1_rdata[15]' is unconstrained in LPF and will be automatically placed
Warning: IO 'rvfi_rs1_rdata[14]' is unconstrained in LPF and will be automatically placed
Warning: IO 'rvfi_rs1_rdata[13]' is unconstrained in LPF and will be automatically placed
Warning: IO 'rvfi_rs1_rdata[12]' is unconstrained in LPF and will be automatically placed
Warning: IO 'rvfi_rs1_rdata[11]' is unconstrained in LPF and will be automatically placed
Warning: IO 'rvfi_rs1_rdata[10]' is unconstrained in LPF and will be automatically placed
Warning: IO 'rvfi_rs1_rdata[9]' is unconstrained in LPF and will be automatically placed
Warning: IO 'rvfi_rs1_rdata[8]' is unconstrained in LPF and will be automatically placed
Warning: IO 'rvfi_rs1_rdata[7]' is unconstrained in LPF and will be automatically placed
Warning: IO 'rvfi_rs1_rdata[6]' is unconstrained in LPF and will be automatically placed
Warning: IO 'rvfi_rs1_rdata[5]' is unconstrained in LPF and will be automatically placed
Warning: IO 'rvfi_rs1_rdata[4]' is unconstrained in LPF and will be automatically placed
Warning: IO 'rvfi_rs1_rdata[3]' is unconstrained in LPF and will be automatically placed
Warning: IO 'rvfi_rs1_rdata[2]' is unconstrained in LPF and will be automatically placed
Warning: IO 'rvfi_rs1_rdata[1]' is unconstrained in LPF and will be automatically placed
Warning: IO 'rvfi_rs1_rdata[0]' is unconstrained in LPF and will be automatically placed
Warning: IO 'rvfi_rs1_addr[4]' is unconstrained in LPF and will be automatically placed
Warning: IO 'rvfi_rs1_addr[3]' is unconstrained in LPF and will be automatically placed
Warning: IO 'rvfi_rs1_addr[2]' is unconstrained in LPF and will be automatically placed
Warning: IO 'rvfi_rs1_addr[1]' is unconstrained in LPF and will be automatically placed
Warning: IO 'rvfi_rs1_addr[0]' is unconstrained in LPF and will be automatically placed
Warning: IO 'rvfi_rd_wdata[31]' is unconstrained in LPF and will be automatically placed
Warning: IO 'rvfi_rd_wdata[30]' is unconstrained in LPF and will be automatically placed
Warning: IO 'rvfi_rd_wdata[29]' is unconstrained in LPF and will be automatically placed
Warning: IO 'rvfi_rd_wdata[28]' is unconstrained in LPF and will be automatically placed
Warning: IO 'rvfi_rd_wdata[27]' is unconstrained in LPF and will be automatically placed
Warning: IO 'rvfi_rd_wdata[26]' is unconstrained in LPF and will be automatically placed
Warning: IO 'rvfi_rd_wdata[25]' is unconstrained in LPF and will be automatically placed
Warning: IO 'rvfi_rd_wdata[24]' is unconstrained in LPF and will be automatically placed
Warning: IO 'rvfi_rd_wdata[23]' is unconstrained in LPF and will be automatically placed
Warning: IO 'rvfi_rd_wdata[22]' is unconstrained in LPF and will be automatically placed
Warning: IO 'rvfi_rd_wdata[21]' is unconstrained in LPF and will be automatically placed
Warning: IO 'rvfi_rd_wdata[20]' is unconstrained in LPF and will be automatically placed
Warning: IO 'rvfi_rd_wdata[19]' is unconstrained in LPF and will be automatically placed
Warning: IO 'rvfi_rd_wdata[18]' is unconstrained in LPF and will be automatically placed
Warning: IO 'rvfi_rd_wdata[17]' is unconstrained in LPF and will be automatically placed
Warning: IO 'rvfi_rd_wdata[16]' is unconstrained in LPF and will be automatically placed
Warning: IO 'rvfi_rd_wdata[15]' is unconstrained in LPF and will be automatically placed
Warning: IO 'rvfi_rd_wdata[14]' is unconstrained in LPF and will be automatically placed
Warning: IO 'rvfi_rd_wdata[13]' is unconstrained in LPF and will be automatically placed
Warning: IO 'rvfi_rd_wdata[12]' is unconstrained in LPF and will be automatically placed
Warning: IO 'rvfi_rd_wdata[11]' is unconstrained in LPF and will be automatically placed
Warning: IO 'rvfi_rd_wdata[10]' is unconstrained in LPF and will be automatically placed
Warning: IO 'rvfi_rd_wdata[9]' is unconstrained in LPF and will be automatically placed
Warning: IO 'rvfi_rd_wdata[8]' is unconstrained in LPF and will be automatically placed
Warning: IO 'rvfi_rd_wdata[7]' is unconstrained in LPF and will be automatically placed
Warning: IO 'rvfi_rd_wdata[6]' is unconstrained in LPF and will be automatically placed
Warning: IO 'rvfi_rd_wdata[5]' is unconstrained in LPF and will be automatically placed
Warning: IO 'rvfi_rd_wdata[4]' is unconstrained in LPF and will be automatically placed
Warning: IO 'rvfi_rd_wdata[3]' is unconstrained in LPF and will be automatically placed
Warning: IO 'rvfi_rd_wdata[2]' is unconstrained in LPF and will be automatically placed
Warning: IO 'rvfi_rd_wdata[1]' is unconstrained in LPF and will be automatically placed
Warning: IO 'rvfi_rd_wdata[0]' is unconstrained in LPF and will be automatically placed
Warning: IO 'rvfi_rd_addr[4]' is unconstrained in LPF and will be automatically placed
Warning: IO 'rvfi_rd_addr[3]' is unconstrained in LPF and will be automatically placed
Warning: IO 'rvfi_rd_addr[2]' is unconstrained in LPF and will be automatically placed
Warning: IO 'rvfi_rd_addr[1]' is unconstrained in LPF and will be automatically placed
Warning: IO 'rvfi_rd_addr[0]' is unconstrained in LPF and will be automatically placed
Warning: IO 'rvfi_pc_wdata[31]' is unconstrained in LPF and will be automatically placed
Warning: IO 'rvfi_pc_wdata[30]' is unconstrained in LPF and will be automatically placed
Warning: IO 'rvfi_pc_wdata[29]' is unconstrained in LPF and will be automatically placed
Warning: IO 'rvfi_pc_wdata[28]' is unconstrained in LPF and will be automatically placed
Warning: IO 'rvfi_pc_wdata[27]' is unconstrained in LPF and will be automatically placed
Warning: IO 'rvfi_pc_wdata[26]' is unconstrained in LPF and will be automatically placed
Warning: IO 'rvfi_pc_wdata[25]' is unconstrained in LPF and will be automatically placed
Warning: IO 'rvfi_pc_wdata[24]' is unconstrained in LPF and will be automatically placed
Warning: IO 'rvfi_pc_wdata[23]' is unconstrained in LPF and will be automatically placed
Warning: IO 'rvfi_pc_wdata[22]' is unconstrained in LPF and will be automatically placed
Warning: IO 'rvfi_pc_wdata[21]' is unconstrained in LPF and will be automatically placed
Warning: IO 'rvfi_pc_wdata[20]' is unconstrained in LPF and will be automatically placed
Warning: IO 'rvfi_pc_wdata[19]' is unconstrained in LPF and will be automatically placed
Warning: IO 'rvfi_pc_wdata[18]' is unconstrained in LPF and will be automatically placed
Warning: IO 'rvfi_pc_wdata[17]' is unconstrained in LPF and will be automatically placed
Warning: IO 'rvfi_pc_wdata[16]' is unconstrained in LPF and will be automatically placed
Warning: IO 'rvfi_pc_wdata[15]' is unconstrained in LPF and will be automatically placed
Warning: IO 'rvfi_pc_wdata[14]' is unconstrained in LPF and will be automatically placed
Warning: IO 'rvfi_pc_wdata[13]' is unconstrained in LPF and will be automatically placed
Warning: IO 'rvfi_pc_wdata[12]' is unconstrained in LPF and will be automatically placed
Warning: IO 'rvfi_pc_wdata[11]' is unconstrained in LPF and will be automatically placed
Warning: IO 'rvfi_pc_wdata[10]' is unconstrained in LPF and will be automatically placed
Warning: IO 'rvfi_pc_wdata[9]' is unconstrained in LPF and will be automatically placed
Warning: IO 'rvfi_pc_wdata[8]' is unconstrained in LPF and will be automatically placed
Warning: IO 'rvfi_pc_wdata[7]' is unconstrained in LPF and will be automatically placed
Warning: IO 'rvfi_pc_wdata[6]' is unconstrained in LPF and will be automatically placed
Warning: IO 'rvfi_pc_wdata[5]' is unconstrained in LPF and will be automatically placed
Warning: IO 'rvfi_pc_wdata[4]' is unconstrained in LPF and will be automatically placed
Warning: IO 'rvfi_pc_wdata[3]' is unconstrained in LPF and will be automatically placed
Warning: IO 'rvfi_pc_wdata[2]' is unconstrained in LPF and will be automatically placed
Warning: IO 'rvfi_pc_wdata[1]' is unconstrained in LPF and will be automatically placed
Warning: IO 'rvfi_pc_wdata[0]' is unconstrained in LPF and will be automatically placed
Warning: IO 'rvfi_pc_rdata[31]' is unconstrained in LPF and will be automatically placed
Warning: IO 'rvfi_pc_rdata[30]' is unconstrained in LPF and will be automatically placed
Warning: IO 'rvfi_pc_rdata[29]' is unconstrained in LPF and will be automatically placed
Warning: IO 'rvfi_pc_rdata[28]' is unconstrained in LPF and will be automatically placed
Warning: IO 'rvfi_pc_rdata[27]' is unconstrained in LPF and will be automatically placed
Warning: IO 'rvfi_pc_rdata[26]' is unconstrained in LPF and will be automatically placed
Warning: IO 'rvfi_pc_rdata[25]' is unconstrained in LPF and will be automatically placed
Warning: IO 'rvfi_pc_rdata[24]' is unconstrained in LPF and will be automatically placed
Warning: IO 'rvfi_pc_rdata[23]' is unconstrained in LPF and will be automatically placed
Warning: IO 'rvfi_pc_rdata[22]' is unconstrained in LPF and will be automatically placed
Warning: IO 'rvfi_pc_rdata[21]' is unconstrained in LPF and will be automatically placed
Warning: IO 'rvfi_pc_rdata[20]' is unconstrained in LPF and will be automatically placed
Warning: IO 'rvfi_pc_rdata[19]' is unconstrained in LPF and will be automatically placed
Warning: IO 'rvfi_pc_rdata[18]' is unconstrained in LPF and will be automatically placed
Warning: IO 'rvfi_pc_rdata[17]' is unconstrained in LPF and will be automatically placed
Warning: IO 'rvfi_pc_rdata[16]' is unconstrained in LPF and will be automatically placed
Warning: IO 'rvfi_pc_rdata[15]' is unconstrained in LPF and will be automatically placed
Warning: IO 'rvfi_pc_rdata[14]' is unconstrained in LPF and will be automatically placed
Warning: IO 'rvfi_pc_rdata[13]' is unconstrained in LPF and will be automatically placed
Warning: IO 'rvfi_pc_rdata[12]' is unconstrained in LPF and will be automatically placed
Warning: IO 'rvfi_pc_rdata[11]' is unconstrained in LPF and will be automatically placed
Warning: IO 'rvfi_pc_rdata[10]' is unconstrained in LPF and will be automatically placed
Warning: IO 'rvfi_pc_rdata[9]' is unconstrained in LPF and will be automatically placed
Warning: IO 'rvfi_pc_rdata[8]' is unconstrained in LPF and will be automatically placed
Warning: IO 'rvfi_pc_rdata[7]' is unconstrained in LPF and will be automatically placed
Warning: IO 'rvfi_pc_rdata[6]' is unconstrained in LPF and will be automatically placed
Warning: IO 'rvfi_pc_rdata[5]' is unconstrained in LPF and will be automatically placed
Warning: IO 'rvfi_pc_rdata[4]' is unconstrained in LPF and will be automatically placed
Warning: IO 'rvfi_pc_rdata[3]' is unconstrained in LPF and will be automatically placed
Warning: IO 'rvfi_pc_rdata[2]' is unconstrained in LPF and will be automatically placed
Warning: IO 'rvfi_pc_rdata[1]' is unconstrained in LPF and will be automatically placed
Warning: IO 'rvfi_pc_rdata[0]' is unconstrained in LPF and will be automatically placed
Warning: IO 'rvfi_order[63]' is unconstrained in LPF and will be automatically placed
Warning: IO 'rvfi_order[62]' is unconstrained in LPF and will be automatically placed
Warning: IO 'rvfi_order[61]' is unconstrained in LPF and will be automatically placed
Warning: IO 'rvfi_order[60]' is unconstrained in LPF and will be automatically placed
Warning: IO 'rvfi_order[59]' is unconstrained in LPF and will be automatically placed
Warning: IO 'rvfi_order[58]' is unconstrained in LPF and will be automatically placed
Warning: IO 'rvfi_order[57]' is unconstrained in LPF and will be automatically placed
Warning: IO 'rvfi_order[56]' is unconstrained in LPF and will be automatically placed
Warning: IO 'rvfi_order[55]' is unconstrained in LPF and will be automatically placed
Warning: IO 'rvfi_order[54]' is unconstrained in LPF and will be automatically placed
Warning: IO 'rvfi_order[53]' is unconstrained in LPF and will be automatically placed
Warning: IO 'rvfi_order[52]' is unconstrained in LPF and will be automatically placed
Warning: IO 'rvfi_order[51]' is unconstrained in LPF and will be automatically placed
Warning: IO 'rvfi_order[50]' is unconstrained in LPF and will be automatically placed
Warning: IO 'rvfi_order[49]' is unconstrained in LPF and will be automatically placed
Warning: IO 'rvfi_order[48]' is unconstrained in LPF and will be automatically placed
Warning: IO 'rvfi_order[47]' is unconstrained in LPF and will be automatically placed
Warning: IO 'rvfi_order[46]' is unconstrained in LPF and will be automatically placed
Warning: IO 'rvfi_order[45]' is unconstrained in LPF and will be automatically placed
Warning: IO 'rvfi_order[44]' is unconstrained in LPF and will be automatically placed
Warning: IO 'rvfi_order[43]' is unconstrained in LPF and will be automatically placed
Warning: IO 'rvfi_order[42]' is unconstrained in LPF and will be automatically placed
Warning: IO 'rvfi_order[41]' is unconstrained in LPF and will be automatically placed
Warning: IO 'rvfi_order[40]' is unconstrained in LPF and will be automatically placed
Warning: IO 'rvfi_order[39]' is unconstrained in LPF and will be automatically placed
Warning: IO 'rvfi_order[38]' is unconstrained in LPF and will be automatically placed
Warning: IO 'rvfi_order[37]' is unconstrained in LPF and will be automatically placed
Warning: IO 'rvfi_order[36]' is unconstrained in LPF and will be automatically placed
Warning: IO 'rvfi_order[35]' is unconstrained in LPF and will be automatically placed
Warning: IO 'rvfi_order[34]' is unconstrained in LPF and will be automatically placed
Warning: IO 'rvfi_order[33]' is unconstrained in LPF and will be automatically placed
Warning: IO 'rvfi_order[32]' is unconstrained in LPF and will be automatically placed
Warning: IO 'rvfi_order[31]' is unconstrained in LPF and will be automatically placed
Warning: IO 'rvfi_order[30]' is unconstrained in LPF and will be automatically placed
Warning: IO 'rvfi_order[29]' is unconstrained in LPF and will be automatically placed
Warning: IO 'rvfi_order[28]' is unconstrained in LPF and will be automatically placed
Warning: IO 'rvfi_order[27]' is unconstrained in LPF and will be automatically placed
Warning: IO 'rvfi_order[26]' is unconstrained in LPF and will be automatically placed
Warning: IO 'rvfi_order[25]' is unconstrained in LPF and will be automatically placed
Warning: IO 'rvfi_order[24]' is unconstrained in LPF and will be automatically placed
Warning: IO 'rvfi_order[23]' is unconstrained in LPF and will be automatically placed
Warning: IO 'rvfi_order[22]' is unconstrained in LPF and will be automatically placed
Warning: IO 'rvfi_order[21]' is unconstrained in LPF and will be automatically placed
Warning: IO 'rvfi_order[20]' is unconstrained in LPF and will be automatically placed
Warning: IO 'rvfi_order[19]' is unconstrained in LPF and will be automatically placed
Warning: IO 'rvfi_order[18]' is unconstrained in LPF and will be automatically placed
Warning: IO 'rvfi_order[17]' is unconstrained in LPF and will be automatically placed
Warning: IO 'rvfi_order[16]' is unconstrained in LPF and will be automatically placed
Warning: IO 'rvfi_order[15]' is unconstrained in LPF and will be automatically placed
Warning: IO 'rvfi_order[14]' is unconstrained in LPF and will be automatically placed
Warning: IO 'rvfi_order[13]' is unconstrained in LPF and will be automatically placed
Warning: IO 'rvfi_order[12]' is unconstrained in LPF and will be automatically placed
Warning: IO 'rvfi_order[11]' is unconstrained in LPF and will be automatically placed
Warning: IO 'rvfi_order[10]' is unconstrained in LPF and will be automatically placed
Warning: IO 'rvfi_order[9]' is unconstrained in LPF and will be automatically placed
Warning: IO 'rvfi_order[8]' is unconstrained in LPF and will be automatically placed
Warning: IO 'rvfi_order[7]' is unconstrained in LPF and will be automatically placed
Warning: IO 'rvfi_order[6]' is unconstrained in LPF and will be automatically placed
Warning: IO 'rvfi_order[5]' is unconstrained in LPF and will be automatically placed
Warning: IO 'rvfi_order[4]' is unconstrained in LPF and will be automatically placed
Warning: IO 'rvfi_order[3]' is unconstrained in LPF and will be automatically placed
Warning: IO 'rvfi_order[2]' is unconstrained in LPF and will be automatically placed
Warning: IO 'rvfi_order[1]' is unconstrained in LPF and will be automatically placed
Warning: IO 'rvfi_order[0]' is unconstrained in LPF and will be automatically placed
Warning: IO 'rvfi_mode[1]' is unconstrained in LPF and will be automatically placed
Warning: IO 'rvfi_mode[0]' is unconstrained in LPF and will be automatically placed
Warning: IO 'rvfi_mem_wmask[3]' is unconstrained in LPF and will be automatically placed
Warning: IO 'rvfi_mem_wmask[2]' is unconstrained in LPF and will be automatically placed
Warning: IO 'rvfi_mem_wmask[1]' is unconstrained in LPF and will be automatically placed
Warning: IO 'rvfi_mem_wmask[0]' is unconstrained in LPF and will be automatically placed
Warning: IO 'rvfi_mem_wdata[31]' is unconstrained in LPF and will be automatically placed
Warning: IO 'rvfi_mem_wdata[30]' is unconstrained in LPF and will be automatically placed
Warning: IO 'rvfi_mem_wdata[29]' is unconstrained in LPF and will be automatically placed
Warning: IO 'rvfi_mem_wdata[28]' is unconstrained in LPF and will be automatically placed
Warning: IO 'rvfi_mem_wdata[27]' is unconstrained in LPF and will be automatically placed
Warning: IO 'rvfi_mem_wdata[26]' is unconstrained in LPF and will be automatically placed
Warning: IO 'rvfi_mem_wdata[25]' is unconstrained in LPF and will be automatically placed
Warning: IO 'rvfi_mem_wdata[24]' is unconstrained in LPF and will be automatically placed
Warning: IO 'rvfi_mem_wdata[23]' is unconstrained in LPF and will be automatically placed
Warning: IO 'rvfi_mem_wdata[22]' is unconstrained in LPF and will be automatically placed
Warning: IO 'rvfi_mem_wdata[21]' is unconstrained in LPF and will be automatically placed
Warning: IO 'rvfi_mem_wdata[20]' is unconstrained in LPF and will be automatically placed
Warning: IO 'rvfi_mem_wdata[19]' is unconstrained in LPF and will be automatically placed
Warning: IO 'rvfi_mem_wdata[18]' is unconstrained in LPF and will be automatically placed
Warning: IO 'rvfi_mem_wdata[17]' is unconstrained in LPF and will be automatically placed
Warning: IO 'rvfi_mem_wdata[16]' is unconstrained in LPF and will be automatically placed
Warning: IO 'rvfi_mem_wdata[15]' is unconstrained in LPF and will be automatically placed
Warning: IO 'rvfi_mem_wdata[14]' is unconstrained in LPF and will be automatically placed
Warning: IO 'rvfi_mem_wdata[13]' is unconstrained in LPF and will be automatically placed
Warning: IO 'rvfi_mem_wdata[12]' is unconstrained in LPF and will be automatically placed
Warning: IO 'rvfi_mem_wdata[11]' is unconstrained in LPF and will be automatically placed
Warning: IO 'rvfi_mem_wdata[10]' is unconstrained in LPF and will be automatically placed
Warning: IO 'rvfi_mem_wdata[9]' is unconstrained in LPF and will be automatically placed
Warning: IO 'rvfi_mem_wdata[8]' is unconstrained in LPF and will be automatically placed
Warning: IO 'rvfi_mem_wdata[7]' is unconstrained in LPF and will be automatically placed
Warning: IO 'rvfi_mem_wdata[6]' is unconstrained in LPF and will be automatically placed
Warning: IO 'rvfi_mem_wdata[5]' is unconstrained in LPF and will be automatically placed
Warning: IO 'rvfi_mem_wdata[4]' is unconstrained in LPF and will be automatically placed
Warning: IO 'rvfi_mem_wdata[3]' is unconstrained in LPF and will be automatically placed
Warning: IO 'rvfi_mem_wdata[2]' is unconstrained in LPF and will be automatically placed
Warning: IO 'rvfi_mem_wdata[1]' is unconstrained in LPF and will be automatically placed
Warning: IO 'rvfi_mem_wdata[0]' is unconstrained in LPF and will be automatically placed
Warning: IO 'rvfi_mem_rmask[3]' is unconstrained in LPF and will be automatically placed
Warning: IO 'rvfi_mem_rmask[2]' is unconstrained in LPF and will be automatically placed
Warning: IO 'rvfi_mem_rmask[1]' is unconstrained in LPF and will be automatically placed
Warning: IO 'rvfi_mem_rmask[0]' is unconstrained in LPF and will be automatically placed
Warning: IO 'rvfi_mem_rdata[31]' is unconstrained in LPF and will be automatically placed
Warning: IO 'rvfi_mem_rdata[30]' is unconstrained in LPF and will be automatically placed
Warning: IO 'rvfi_mem_rdata[29]' is unconstrained in LPF and will be automatically placed
Warning: IO 'rvfi_mem_rdata[28]' is unconstrained in LPF and will be automatically placed
Warning: IO 'rvfi_mem_rdata[27]' is unconstrained in LPF and will be automatically placed
Warning: IO 'rvfi_mem_rdata[26]' is unconstrained in LPF and will be automatically placed
Warning: IO 'rvfi_mem_rdata[25]' is unconstrained in LPF and will be automatically placed
Warning: IO 'rvfi_mem_rdata[24]' is unconstrained in LPF and will be automatically placed
Warning: IO 'rvfi_mem_rdata[23]' is unconstrained in LPF and will be automatically placed
Warning: IO 'rvfi_mem_rdata[22]' is unconstrained in LPF and will be automatically placed
Warning: IO 'rvfi_mem_rdata[21]' is unconstrained in LPF and will be automatically placed
Warning: IO 'rvfi_mem_rdata[20]' is unconstrained in LPF and will be automatically placed
Warning: IO 'rvfi_mem_rdata[19]' is unconstrained in LPF and will be automatically placed
Warning: IO 'rvfi_mem_rdata[18]' is unconstrained in LPF and will be automatically placed
Warning: IO 'rvfi_mem_rdata[17]' is unconstrained in LPF and will be automatically placed
Warning: IO 'rvfi_mem_rdata[16]' is unconstrained in LPF and will be automatically placed
Warning: IO 'rvfi_mem_rdata[15]' is unconstrained in LPF and will be automatically placed
Warning: IO 'rvfi_mem_rdata[14]' is unconstrained in LPF and will be automatically placed
Warning: IO 'rvfi_mem_rdata[13]' is unconstrained in LPF and will be automatically placed
Warning: IO 'rvfi_mem_rdata[12]' is unconstrained in LPF and will be automatically placed
Warning: IO 'rvfi_mem_rdata[11]' is unconstrained in LPF and will be automatically placed
Warning: IO 'rvfi_mem_rdata[10]' is unconstrained in LPF and will be automatically placed
Warning: IO 'rvfi_mem_rdata[9]' is unconstrained in LPF and will be automatically placed
Warning: IO 'rvfi_mem_rdata[8]' is unconstrained in LPF and will be automatically placed
Warning: IO 'rvfi_mem_rdata[7]' is unconstrained in LPF and will be automatically placed
Warning: IO 'rvfi_mem_rdata[6]' is unconstrained in LPF and will be automatically placed
Warning: IO 'rvfi_mem_rdata[5]' is unconstrained in LPF and will be automatically placed
Warning: IO 'rvfi_mem_rdata[4]' is unconstrained in LPF and will be automatically placed
Warning: IO 'rvfi_mem_rdata[3]' is unconstrained in LPF and will be automatically placed
Warning: IO 'rvfi_mem_rdata[2]' is unconstrained in LPF and will be automatically placed
Warning: IO 'rvfi_mem_rdata[1]' is unconstrained in LPF and will be automatically placed
Warning: IO 'rvfi_mem_rdata[0]' is unconstrained in LPF and will be automatically placed
Warning: IO 'rvfi_mem_addr[31]' is unconstrained in LPF and will be automatically placed
Warning: IO 'rvfi_mem_addr[30]' is unconstrained in LPF and will be automatically placed
Warning: IO 'rvfi_mem_addr[29]' is unconstrained in LPF and will be automatically placed
Warning: IO 'rvfi_mem_addr[28]' is unconstrained in LPF and will be automatically placed
Warning: IO 'rvfi_mem_addr[27]' is unconstrained in LPF and will be automatically placed
Warning: IO 'rvfi_mem_addr[26]' is unconstrained in LPF and will be automatically placed
Warning: IO 'rvfi_mem_addr[25]' is unconstrained in LPF and will be automatically placed
Warning: IO 'rvfi_mem_addr[24]' is unconstrained in LPF and will be automatically placed
Warning: IO 'rvfi_mem_addr[23]' is unconstrained in LPF and will be automatically placed
Warning: IO 'rvfi_mem_addr[22]' is unconstrained in LPF and will be automatically placed
Warning: IO 'rvfi_mem_addr[21]' is unconstrained in LPF and will be automatically placed
Warning: IO 'rvfi_mem_addr[20]' is unconstrained in LPF and will be automatically placed
Warning: IO 'rvfi_mem_addr[19]' is unconstrained in LPF and will be automatically placed
Warning: IO 'rvfi_mem_addr[18]' is unconstrained in LPF and will be automatically placed
Warning: IO 'rvfi_mem_addr[17]' is unconstrained in LPF and will be automatically placed
Warning: IO 'rvfi_mem_addr[16]' is unconstrained in LPF and will be automatically placed
Warning: IO 'rvfi_mem_addr[15]' is unconstrained in LPF and will be automatically placed
Warning: IO 'rvfi_mem_addr[14]' is unconstrained in LPF and will be automatically placed
Warning: IO 'rvfi_mem_addr[13]' is unconstrained in LPF and will be automatically placed
Warning: IO 'rvfi_mem_addr[12]' is unconstrained in LPF and will be automatically placed
Warning: IO 'rvfi_mem_addr[11]' is unconstrained in LPF and will be automatically placed
Warning: IO 'rvfi_mem_addr[10]' is unconstrained in LPF and will be automatically placed
Warning: IO 'rvfi_mem_addr[9]' is unconstrained in LPF and will be automatically placed
Warning: IO 'rvfi_mem_addr[8]' is unconstrained in LPF and will be automatically placed
Warning: IO 'rvfi_mem_addr[7]' is unconstrained in LPF and will be automatically placed
Warning: IO 'rvfi_mem_addr[6]' is unconstrained in LPF and will be automatically placed
Warning: IO 'rvfi_mem_addr[5]' is unconstrained in LPF and will be automatically placed
Warning: IO 'rvfi_mem_addr[4]' is unconstrained in LPF and will be automatically placed
Warning: IO 'rvfi_mem_addr[3]' is unconstrained in LPF and will be automatically placed
Warning: IO 'rvfi_mem_addr[2]' is unconstrained in LPF and will be automatically placed
Warning: IO 'rvfi_mem_addr[1]' is unconstrained in LPF and will be automatically placed
Warning: IO 'rvfi_mem_addr[0]' is unconstrained in LPF and will be automatically placed
Warning: IO 'rvfi_ixl[1]' is unconstrained in LPF and will be automatically placed
Warning: IO 'rvfi_ixl[0]' is unconstrained in LPF and will be automatically placed
Warning: IO 'rvfi_intr' is unconstrained in LPF and will be automatically placed
Warning: IO 'rvfi_insn[31]' is unconstrained in LPF and will be automatically placed
Warning: IO 'rvfi_insn[30]' is unconstrained in LPF and will be automatically placed
Warning: IO 'rvfi_insn[29]' is unconstrained in LPF and will be automatically placed
Warning: IO 'rvfi_insn[28]' is unconstrained in LPF and will be automatically placed
Warning: IO 'rvfi_insn[27]' is unconstrained in LPF and will be automatically placed
Warning: IO 'rvfi_insn[26]' is unconstrained in LPF and will be automatically placed
Warning: IO 'rvfi_insn[25]' is unconstrained in LPF and will be automatically placed
Warning: IO 'rvfi_insn[24]' is unconstrained in LPF and will be automatically placed
Warning: IO 'rvfi_insn[23]' is unconstrained in LPF and will be automatically placed
Warning: IO 'rvfi_insn[22]' is unconstrained in LPF and will be automatically placed
Warning: IO 'rvfi_insn[21]' is unconstrained in LPF and will be automatically placed
Warning: IO 'rvfi_insn[20]' is unconstrained in LPF and will be automatically placed
Warning: IO 'rvfi_insn[19]' is unconstrained in LPF and will be automatically placed
Warning: IO 'rvfi_insn[18]' is unconstrained in LPF and will be automatically placed
Warning: IO 'rvfi_insn[17]' is unconstrained in LPF and will be automatically placed
Warning: IO 'rvfi_insn[16]' is unconstrained in LPF and will be automatically placed
Warning: IO 'rvfi_insn[15]' is unconstrained in LPF and will be automatically placed
Warning: IO 'rvfi_insn[14]' is unconstrained in LPF and will be automatically placed
Warning: IO 'rvfi_insn[13]' is unconstrained in LPF and will be automatically placed
Warning: IO 'rvfi_insn[12]' is unconstrained in LPF and will be automatically placed
Warning: IO 'rvfi_insn[11]' is unconstrained in LPF and will be automatically placed
Warning: IO 'rvfi_insn[10]' is unconstrained in LPF and will be automatically placed
Warning: IO 'rvfi_insn[9]' is unconstrained in LPF and will be automatically placed
Warning: IO 'rvfi_insn[8]' is unconstrained in LPF and will be automatically placed
Warning: IO 'rvfi_insn[7]' is unconstrained in LPF and will be automatically placed
Warning: IO 'rvfi_insn[6]' is unconstrained in LPF and will be automatically placed
Warning: IO 'rvfi_insn[5]' is unconstrained in LPF and will be automatically placed
Warning: IO 'rvfi_insn[4]' is unconstrained in LPF and will be automatically placed
Warning: IO 'rvfi_insn[3]' is unconstrained in LPF and will be automatically placed
Warning: IO 'rvfi_insn[2]' is unconstrained in LPF and will be automatically placed
Warning: IO 'rvfi_insn[1]' is unconstrained in LPF and will be automatically placed
Warning: IO 'rvfi_insn[0]' is unconstrained in LPF and will be automatically placed
Warning: IO 'rvfi_halt' is unconstrained in LPF and will be automatically placed
Warning: IO 'rvfi_ext_rf_wr_suppress' is unconstrained in LPF and will be automatically placed
Warning: IO 'rvfi_ext_pre_mip[31]' is unconstrained in LPF and will be automatically placed
Warning: IO 'rvfi_ext_pre_mip[30]' is unconstrained in LPF and will be automatically placed
Warning: IO 'rvfi_ext_pre_mip[29]' is unconstrained in LPF and will be automatically placed
Warning: IO 'rvfi_ext_pre_mip[28]' is unconstrained in LPF and will be automatically placed
Warning: IO 'rvfi_ext_pre_mip[27]' is unconstrained in LPF and will be automatically placed
Warning: IO 'rvfi_ext_pre_mip[26]' is unconstrained in LPF and will be automatically placed
Warning: IO 'rvfi_ext_pre_mip[25]' is unconstrained in LPF and will be automatically placed
Warning: IO 'rvfi_ext_pre_mip[24]' is unconstrained in LPF and will be automatically placed
Warning: IO 'rvfi_ext_pre_mip[23]' is unconstrained in LPF and will be automatically placed
Warning: IO 'rvfi_ext_pre_mip[22]' is unconstrained in LPF and will be automatically placed
Warning: IO 'rvfi_ext_pre_mip[21]' is unconstrained in LPF and will be automatically placed
Warning: IO 'rvfi_ext_pre_mip[20]' is unconstrained in LPF and will be automatically placed
Warning: IO 'rvfi_ext_pre_mip[19]' is unconstrained in LPF and will be automatically placed
Warning: IO 'rvfi_ext_pre_mip[18]' is unconstrained in LPF and will be automatically placed
Warning: IO 'rvfi_ext_pre_mip[17]' is unconstrained in LPF and will be automatically placed
Warning: IO 'rvfi_ext_pre_mip[16]' is unconstrained in LPF and will be automatically placed
Warning: IO 'rvfi_ext_pre_mip[15]' is unconstrained in LPF and will be automatically placed
Warning: IO 'rvfi_ext_pre_mip[14]' is unconstrained in LPF and will be automatically placed
Warning: IO 'rvfi_ext_pre_mip[13]' is unconstrained in LPF and will be automatically placed
Warning: IO 'rvfi_ext_pre_mip[12]' is unconstrained in LPF and will be automatically placed
Warning: IO 'rvfi_ext_pre_mip[11]' is unconstrained in LPF and will be automatically placed
Warning: IO 'rvfi_ext_pre_mip[10]' is unconstrained in LPF and will be automatically placed
Warning: IO 'rvfi_ext_pre_mip[9]' is unconstrained in LPF and will be automatically placed
Warning: IO 'rvfi_ext_pre_mip[8]' is unconstrained in LPF and will be automatically placed
Warning: IO 'rvfi_ext_pre_mip[7]' is unconstrained in LPF and will be automatically placed
Warning: IO 'rvfi_ext_pre_mip[6]' is unconstrained in LPF and will be automatically placed
Warning: IO 'rvfi_ext_pre_mip[5]' is unconstrained in LPF and will be automatically placed
Warning: IO 'rvfi_ext_pre_mip[4]' is unconstrained in LPF and will be automatically placed
Warning: IO 'rvfi_ext_pre_mip[3]' is unconstrained in LPF and will be automatically placed
Warning: IO 'rvfi_ext_pre_mip[2]' is unconstrained in LPF and will be automatically placed
Warning: IO 'rvfi_ext_pre_mip[1]' is unconstrained in LPF and will be automatically placed
Warning: IO 'rvfi_ext_pre_mip[0]' is unconstrained in LPF and will be automatically placed
Warning: IO 'rvfi_ext_post_mip[31]' is unconstrained in LPF and will be automatically placed
Warning: IO 'rvfi_ext_post_mip[30]' is unconstrained in LPF and will be automatically placed
Warning: IO 'rvfi_ext_post_mip[29]' is unconstrained in LPF and will be automatically placed
Warning: IO 'rvfi_ext_post_mip[28]' is unconstrained in LPF and will be automatically placed
Warning: IO 'rvfi_ext_post_mip[27]' is unconstrained in LPF and will be automatically placed
Warning: IO 'rvfi_ext_post_mip[26]' is unconstrained in LPF and will be automatically placed
Warning: IO 'rvfi_ext_post_mip[25]' is unconstrained in LPF and will be automatically placed
Warning: IO 'rvfi_ext_post_mip[24]' is unconstrained in LPF and will be automatically placed
Warning: IO 'rvfi_ext_post_mip[23]' is unconstrained in LPF and will be automatically placed
Warning: IO 'rvfi_ext_post_mip[22]' is unconstrained in LPF and will be automatically placed
Warning: IO 'rvfi_ext_post_mip[21]' is unconstrained in LPF and will be automatically placed
Warning: IO 'rvfi_ext_post_mip[20]' is unconstrained in LPF and will be automatically placed
Warning: IO 'rvfi_ext_post_mip[19]' is unconstrained in LPF and will be automatically placed
Warning: IO 'rvfi_ext_post_mip[18]' is unconstrained in LPF and will be automatically placed
Warning: IO 'rvfi_ext_post_mip[17]' is unconstrained in LPF and will be automatically placed
Warning: IO 'rvfi_ext_post_mip[16]' is unconstrained in LPF and will be automatically placed
Warning: IO 'rvfi_ext_post_mip[15]' is unconstrained in LPF and will be automatically placed
Warning: IO 'rvfi_ext_post_mip[14]' is unconstrained in LPF and will be automatically placed
Warning: IO 'rvfi_ext_post_mip[13]' is unconstrained in LPF and will be automatically placed
Warning: IO 'rvfi_ext_post_mip[12]' is unconstrained in LPF and will be automatically placed
Warning: IO 'rvfi_ext_post_mip[11]' is unconstrained in LPF and will be automatically placed
Warning: IO 'rvfi_ext_post_mip[10]' is unconstrained in LPF and will be automatically placed
Warning: IO 'rvfi_ext_post_mip[9]' is unconstrained in LPF and will be automatically placed
Warning: IO 'rvfi_ext_post_mip[8]' is unconstrained in LPF and will be automatically placed
Warning: IO 'rvfi_ext_post_mip[7]' is unconstrained in LPF and will be automatically placed
Warning: IO 'rvfi_ext_post_mip[6]' is unconstrained in LPF and will be automatically placed
Warning: IO 'rvfi_ext_post_mip[5]' is unconstrained in LPF and will be automatically placed
Warning: IO 'rvfi_ext_post_mip[4]' is unconstrained in LPF and will be automatically placed
Warning: IO 'rvfi_ext_post_mip[3]' is unconstrained in LPF and will be automatically placed
Warning: IO 'rvfi_ext_post_mip[2]' is unconstrained in LPF and will be automatically placed
Warning: IO 'rvfi_ext_post_mip[1]' is unconstrained in LPF and will be automatically placed
Warning: IO 'rvfi_ext_post_mip[0]' is unconstrained in LPF and will be automatically placed
Warning: IO 'rvfi_ext_nmi_int' is unconstrained in LPF and will be automatically placed
Warning: IO 'rvfi_ext_nmi' is unconstrained in LPF and will be automatically placed
Warning: IO 'rvfi_ext_mhpmcountersh[319]' is unconstrained in LPF and will be automatically placed
Warning: IO 'rvfi_ext_mhpmcountersh[318]' is unconstrained in LPF and will be automatically placed
Warning: IO 'rvfi_ext_mhpmcountersh[317]' is unconstrained in LPF and will be automatically placed
Warning: IO 'rvfi_ext_mhpmcountersh[316]' is unconstrained in LPF and will be automatically placed
Warning: IO 'rvfi_ext_mhpmcountersh[315]' is unconstrained in LPF and will be automatically placed
Warning: IO 'rvfi_ext_mhpmcountersh[314]' is unconstrained in LPF and will be automatically placed
Warning: IO 'rvfi_ext_mhpmcountersh[313]' is unconstrained in LPF and will be automatically placed
Warning: IO 'rvfi_ext_mhpmcountersh[312]' is unconstrained in LPF and will be automatically placed
Warning: IO 'rvfi_ext_mhpmcountersh[311]' is unconstrained in LPF and will be automatically placed
Warning: IO 'rvfi_ext_mhpmcountersh[310]' is unconstrained in LPF and will be automatically placed
Warning: IO 'rvfi_ext_mhpmcountersh[309]' is unconstrained in LPF and will be automatically placed
Warning: IO 'rvfi_ext_mhpmcountersh[308]' is unconstrained in LPF and will be automatically placed
Warning: IO 'rvfi_ext_mhpmcountersh[307]' is unconstrained in LPF and will be automatically placed
Warning: IO 'rvfi_ext_mhpmcountersh[306]' is unconstrained in LPF and will be automatically placed
Warning: IO 'rvfi_ext_mhpmcountersh[305]' is unconstrained in LPF and will be automatically placed
Warning: IO 'rvfi_ext_mhpmcountersh[304]' is unconstrained in LPF and will be automatically placed
Warning: IO 'rvfi_ext_mhpmcountersh[303]' is unconstrained in LPF and will be automatically placed
Warning: IO 'rvfi_ext_mhpmcountersh[302]' is unconstrained in LPF and will be automatically placed
Warning: IO 'rvfi_ext_mhpmcountersh[301]' is unconstrained in LPF and will be automatically placed
Warning: IO 'rvfi_ext_mhpmcountersh[300]' is unconstrained in LPF and will be automatically placed
Warning: IO 'rvfi_ext_mhpmcountersh[299]' is unconstrained in LPF and will be automatically placed
Warning: IO 'rvfi_ext_mhpmcountersh[298]' is unconstrained in LPF and will be automatically placed
Warning: IO 'rvfi_ext_mhpmcountersh[297]' is unconstrained in LPF and will be automatically placed
Warning: IO 'rvfi_ext_mhpmcountersh[296]' is unconstrained in LPF and will be automatically placed
Warning: IO 'rvfi_ext_mhpmcountersh[295]' is unconstrained in LPF and will be automatically placed
Warning: IO 'rvfi_ext_mhpmcountersh[294]' is unconstrained in LPF and will be automatically placed
Warning: IO 'rvfi_ext_mhpmcountersh[293]' is unconstrained in LPF and will be automatically placed
Warning: IO 'rvfi_ext_mhpmcountersh[292]' is unconstrained in LPF and will be automatically placed
Warning: IO 'rvfi_ext_mhpmcountersh[291]' is unconstrained in LPF and will be automatically placed
Warning: IO 'rvfi_ext_mhpmcountersh[290]' is unconstrained in LPF and will be automatically placed
Warning: IO 'rvfi_ext_mhpmcountersh[289]' is unconstrained in LPF and will be automatically placed
Warning: IO 'rvfi_ext_mhpmcountersh[288]' is unconstrained in LPF and will be automatically placed
Warning: IO 'rvfi_ext_mhpmcountersh[287]' is unconstrained in LPF and will be automatically placed
Warning: IO 'rvfi_ext_mhpmcountersh[286]' is unconstrained in LPF and will be automatically placed
Warning: IO 'rvfi_ext_mhpmcountersh[285]' is unconstrained in LPF and will be automatically placed
Warning: IO 'rvfi_ext_mhpmcountersh[284]' is unconstrained in LPF and will be automatically placed
Warning: IO 'rvfi_ext_mhpmcountersh[283]' is unconstrained in LPF and will be automatically placed
Warning: IO 'rvfi_ext_mhpmcountersh[282]' is unconstrained in LPF and will be automatically placed
Warning: IO 'rvfi_ext_mhpmcountersh[281]' is unconstrained in LPF and will be automatically placed
Warning: IO 'rvfi_ext_mhpmcountersh[280]' is unconstrained in LPF and will be automatically placed
Warning: IO 'rvfi_ext_mhpmcountersh[279]' is unconstrained in LPF and will be automatically placed
Warning: IO 'rvfi_ext_mhpmcountersh[278]' is unconstrained in LPF and will be automatically placed
Warning: IO 'rvfi_ext_mhpmcountersh[277]' is unconstrained in LPF and will be automatically placed
Warning: IO 'rvfi_ext_mhpmcountersh[276]' is unconstrained in LPF and will be automatically placed
Warning: IO 'rvfi_ext_mhpmcountersh[275]' is unconstrained in LPF and will be automatically placed
Warning: IO 'rvfi_ext_mhpmcountersh[274]' is unconstrained in LPF and will be automatically placed
Warning: IO 'rvfi_ext_mhpmcountersh[273]' is unconstrained in LPF and will be automatically placed
Warning: IO 'rvfi_ext_mhpmcountersh[272]' is unconstrained in LPF and will be automatically placed
Warning: IO 'rvfi_ext_mhpmcountersh[271]' is unconstrained in LPF and will be automatically placed
Warning: IO 'rvfi_ext_mhpmcountersh[270]' is unconstrained in LPF and will be automatically placed
Warning: IO 'rvfi_ext_mhpmcountersh[269]' is unconstrained in LPF and will be automatically placed
Warning: IO 'rvfi_ext_mhpmcountersh[268]' is unconstrained in LPF and will be automatically placed
Warning: IO 'rvfi_ext_mhpmcountersh[267]' is unconstrained in LPF and will be automatically placed
Warning: IO 'rvfi_ext_mhpmcountersh[266]' is unconstrained in LPF and will be automatically placed
Warning: IO 'rvfi_ext_mhpmcountersh[265]' is unconstrained in LPF and will be automatically placed
Warning: IO 'rvfi_ext_mhpmcountersh[264]' is unconstrained in LPF and will be automatically placed
Warning: IO 'rvfi_ext_mhpmcountersh[263]' is unconstrained in LPF and will be automatically placed
Warning: IO 'rvfi_ext_mhpmcountersh[262]' is unconstrained in LPF and will be automatically placed
Warning: IO 'rvfi_ext_mhpmcountersh[261]' is unconstrained in LPF and will be automatically placed
Warning: IO 'rvfi_ext_mhpmcountersh[260]' is unconstrained in LPF and will be automatically placed
Warning: IO 'rvfi_ext_mhpmcountersh[259]' is unconstrained in LPF and will be automatically placed
Warning: IO 'rvfi_ext_mhpmcountersh[258]' is unconstrained in LPF and will be automatically placed
Warning: IO 'rvfi_ext_mhpmcountersh[257]' is unconstrained in LPF and will be automatically placed
Warning: IO 'rvfi_ext_mhpmcountersh[256]' is unconstrained in LPF and will be automatically placed
Warning: IO 'rvfi_ext_mhpmcountersh[255]' is unconstrained in LPF and will be automatically placed
Warning: IO 'rvfi_ext_mhpmcountersh[254]' is unconstrained in LPF and will be automatically placed
Warning: IO 'rvfi_ext_mhpmcountersh[253]' is unconstrained in LPF and will be automatically placed
Warning: IO 'rvfi_ext_mhpmcountersh[252]' is unconstrained in LPF and will be automatically placed
Warning: IO 'rvfi_ext_mhpmcountersh[251]' is unconstrained in LPF and will be automatically placed
Warning: IO 'rvfi_ext_mhpmcountersh[250]' is unconstrained in LPF and will be automatically placed
Warning: IO 'rvfi_ext_mhpmcountersh[249]' is unconstrained in LPF and will be automatically placed
Warning: IO 'rvfi_ext_mhpmcountersh[248]' is unconstrained in LPF and will be automatically placed
Warning: IO 'rvfi_ext_mhpmcountersh[247]' is unconstrained in LPF and will be automatically placed
Warning: IO 'rvfi_ext_mhpmcountersh[246]' is unconstrained in LPF and will be automatically placed
Warning: IO 'rvfi_ext_mhpmcountersh[245]' is unconstrained in LPF and will be automatically placed
Warning: IO 'rvfi_ext_mhpmcountersh[244]' is unconstrained in LPF and will be automatically placed
Warning: IO 'rvfi_ext_mhpmcountersh[243]' is unconstrained in LPF and will be automatically placed
Warning: IO 'rvfi_ext_mhpmcountersh[242]' is unconstrained in LPF and will be automatically placed
Warning: IO 'rvfi_ext_mhpmcountersh[241]' is unconstrained in LPF and will be automatically placed
Warning: IO 'rvfi_ext_mhpmcountersh[240]' is unconstrained in LPF and will be automatically placed
Warning: IO 'rvfi_ext_mhpmcountersh[239]' is unconstrained in LPF and will be automatically placed
Warning: IO 'rvfi_ext_mhpmcountersh[238]' is unconstrained in LPF and will be automatically placed
Warning: IO 'rvfi_ext_mhpmcountersh[237]' is unconstrained in LPF and will be automatically placed
Warning: IO 'rvfi_ext_mhpmcountersh[236]' is unconstrained in LPF and will be automatically placed
Warning: IO 'rvfi_ext_mhpmcountersh[235]' is unconstrained in LPF and will be automatically placed
Warning: IO 'rvfi_ext_mhpmcountersh[234]' is unconstrained in LPF and will be automatically placed
Warning: IO 'rvfi_ext_mhpmcountersh[233]' is unconstrained in LPF and will be automatically placed
Warning: IO 'rvfi_ext_mhpmcountersh[232]' is unconstrained in LPF and will be automatically placed
Warning: IO 'rvfi_ext_mhpmcountersh[231]' is unconstrained in LPF and will be automatically placed
Warning: IO 'rvfi_ext_mhpmcountersh[230]' is unconstrained in LPF and will be automatically placed
Warning: IO 'rvfi_ext_mhpmcountersh[229]' is unconstrained in LPF and will be automatically placed
Warning: IO 'rvfi_ext_mhpmcountersh[228]' is unconstrained in LPF and will be automatically placed
Warning: IO 'rvfi_ext_mhpmcountersh[227]' is unconstrained in LPF and will be automatically placed
Warning: IO 'rvfi_ext_mhpmcountersh[226]' is unconstrained in LPF and will be automatically placed
Warning: IO 'rvfi_ext_mhpmcountersh[225]' is unconstrained in LPF and will be automatically placed
Warning: IO 'rvfi_ext_mhpmcountersh[224]' is unconstrained in LPF and will be automatically placed
Warning: IO 'rvfi_ext_mhpmcountersh[223]' is unconstrained in LPF and will be automatically placed
Warning: IO 'rvfi_ext_mhpmcountersh[222]' is unconstrained in LPF and will be automatically placed
Warning: IO 'rvfi_ext_mhpmcountersh[221]' is unconstrained in LPF and will be automatically placed
Warning: IO 'rvfi_ext_mhpmcountersh[220]' is unconstrained in LPF and will be automatically placed
Warning: IO 'rvfi_ext_mhpmcountersh[219]' is unconstrained in LPF and will be automatically placed
Warning: IO 'rvfi_ext_mhpmcountersh[218]' is unconstrained in LPF and will be automatically placed
Warning: IO 'rvfi_ext_mhpmcountersh[217]' is unconstrained in LPF and will be automatically placed
Warning: IO 'rvfi_ext_mhpmcountersh[216]' is unconstrained in LPF and will be automatically placed
Warning: IO 'rvfi_ext_mhpmcountersh[215]' is unconstrained in LPF and will be automatically placed
Warning: IO 'rvfi_ext_mhpmcountersh[214]' is unconstrained in LPF and will be automatically placed
Warning: IO 'rvfi_ext_mhpmcountersh[213]' is unconstrained in LPF and will be automatically placed
Warning: IO 'rvfi_ext_mhpmcountersh[212]' is unconstrained in LPF and will be automatically placed
Warning: IO 'rvfi_ext_mhpmcountersh[211]' is unconstrained in LPF and will be automatically placed
Warning: IO 'rvfi_ext_mhpmcountersh[210]' is unconstrained in LPF and will be automatically placed
Warning: IO 'rvfi_ext_mhpmcountersh[209]' is unconstrained in LPF and will be automatically placed
Warning: IO 'rvfi_ext_mhpmcountersh[208]' is unconstrained in LPF and will be automatically placed
Warning: IO 'rvfi_ext_mhpmcountersh[207]' is unconstrained in LPF and will be automatically placed
Warning: IO 'rvfi_ext_mhpmcountersh[206]' is unconstrained in LPF and will be automatically placed
Warning: IO 'rvfi_ext_mhpmcountersh[205]' is unconstrained in LPF and will be automatically placed
Warning: IO 'rvfi_ext_mhpmcountersh[204]' is unconstrained in LPF and will be automatically placed
Warning: IO 'rvfi_ext_mhpmcountersh[203]' is unconstrained in LPF and will be automatically placed
Warning: IO 'rvfi_ext_mhpmcountersh[202]' is unconstrained in LPF and will be automatically placed
Warning: IO 'rvfi_ext_mhpmcountersh[201]' is unconstrained in LPF and will be automatically placed
Warning: IO 'rvfi_ext_mhpmcountersh[200]' is unconstrained in LPF and will be automatically placed
Warning: IO 'rvfi_ext_mhpmcountersh[199]' is unconstrained in LPF and will be automatically placed
Warning: IO 'rvfi_ext_mhpmcountersh[198]' is unconstrained in LPF and will be automatically placed
Warning: IO 'rvfi_ext_mhpmcountersh[197]' is unconstrained in LPF and will be automatically placed
Warning: IO 'rvfi_ext_mhpmcountersh[196]' is unconstrained in LPF and will be automatically placed
Warning: IO 'rvfi_ext_mhpmcountersh[195]' is unconstrained in LPF and will be automatically placed
Warning: IO 'rvfi_ext_mhpmcountersh[194]' is unconstrained in LPF and will be automatically placed
Warning: IO 'rvfi_ext_mhpmcountersh[193]' is unconstrained in LPF and will be automatically placed
Warning: IO 'rvfi_ext_mhpmcountersh[192]' is unconstrained in LPF and will be automatically placed
Warning: IO 'rvfi_ext_mhpmcountersh[191]' is unconstrained in LPF and will be automatically placed
Warning: IO 'rvfi_ext_mhpmcountersh[190]' is unconstrained in LPF and will be automatically placed
Warning: IO 'rvfi_ext_mhpmcountersh[189]' is unconstrained in LPF and will be automatically placed
Warning: IO 'rvfi_ext_mhpmcountersh[188]' is unconstrained in LPF and will be automatically placed
Warning: IO 'rvfi_ext_mhpmcountersh[187]' is unconstrained in LPF and will be automatically placed
Warning: IO 'rvfi_ext_mhpmcountersh[186]' is unconstrained in LPF and will be automatically placed
Warning: IO 'rvfi_ext_mhpmcountersh[185]' is unconstrained in LPF and will be automatically placed
Warning: IO 'rvfi_ext_mhpmcountersh[184]' is unconstrained in LPF and will be automatically placed
Warning: IO 'rvfi_ext_mhpmcountersh[183]' is unconstrained in LPF and will be automatically placed
Warning: IO 'rvfi_ext_mhpmcountersh[182]' is unconstrained in LPF and will be automatically placed
Warning: IO 'rvfi_ext_mhpmcountersh[181]' is unconstrained in LPF and will be automatically placed
Warning: IO 'rvfi_ext_mhpmcountersh[180]' is unconstrained in LPF and will be automatically placed
Warning: IO 'rvfi_ext_mhpmcountersh[179]' is unconstrained in LPF and will be automatically placed
Warning: IO 'rvfi_ext_mhpmcountersh[178]' is unconstrained in LPF and will be automatically placed
Warning: IO 'rvfi_ext_mhpmcountersh[177]' is unconstrained in LPF and will be automatically placed
Warning: IO 'rvfi_ext_mhpmcountersh[176]' is unconstrained in LPF and will be automatically placed
Warning: IO 'rvfi_ext_mhpmcountersh[175]' is unconstrained in LPF and will be automatically placed
Warning: IO 'rvfi_ext_mhpmcountersh[174]' is unconstrained in LPF and will be automatically placed
Warning: IO 'rvfi_ext_mhpmcountersh[173]' is unconstrained in LPF and will be automatically placed
Warning: IO 'rvfi_ext_mhpmcountersh[172]' is unconstrained in LPF and will be automatically placed
Warning: IO 'rvfi_ext_mhpmcountersh[171]' is unconstrained in LPF and will be automatically placed
Warning: IO 'rvfi_ext_mhpmcountersh[170]' is unconstrained in LPF and will be automatically placed
Warning: IO 'rvfi_ext_mhpmcountersh[169]' is unconstrained in LPF and will be automatically placed
Warning: IO 'rvfi_ext_mhpmcountersh[168]' is unconstrained in LPF and will be automatically placed
Warning: IO 'rvfi_ext_mhpmcountersh[167]' is unconstrained in LPF and will be automatically placed
Warning: IO 'rvfi_ext_mhpmcountersh[166]' is unconstrained in LPF and will be automatically placed
Warning: IO 'rvfi_ext_mhpmcountersh[165]' is unconstrained in LPF and will be automatically placed
Warning: IO 'rvfi_ext_mhpmcountersh[164]' is unconstrained in LPF and will be automatically placed
Warning: IO 'rvfi_ext_mhpmcountersh[163]' is unconstrained in LPF and will be automatically placed
Warning: IO 'rvfi_ext_mhpmcountersh[162]' is unconstrained in LPF and will be automatically placed
Warning: IO 'rvfi_ext_mhpmcountersh[161]' is unconstrained in LPF and will be automatically placed
Warning: IO 'rvfi_ext_mhpmcountersh[160]' is unconstrained in LPF and will be automatically placed
Warning: IO 'rvfi_ext_mhpmcountersh[159]' is unconstrained in LPF and will be automatically placed
Warning: IO 'rvfi_ext_mhpmcountersh[158]' is unconstrained in LPF and will be automatically placed
Warning: IO 'rvfi_ext_mhpmcountersh[157]' is unconstrained in LPF and will be automatically placed
Warning: IO 'rvfi_ext_mhpmcountersh[156]' is unconstrained in LPF and will be automatically placed
Warning: IO 'rvfi_ext_mhpmcountersh[155]' is unconstrained in LPF and will be automatically placed
Warning: IO 'rvfi_ext_mhpmcountersh[154]' is unconstrained in LPF and will be automatically placed
Warning: IO 'rvfi_ext_mhpmcountersh[153]' is unconstrained in LPF and will be automatically placed
Warning: IO 'rvfi_ext_mhpmcountersh[152]' is unconstrained in LPF and will be automatically placed
Warning: IO 'rvfi_ext_mhpmcountersh[151]' is unconstrained in LPF and will be automatically placed
Warning: IO 'rvfi_ext_mhpmcountersh[150]' is unconstrained in LPF and will be automatically placed
Warning: IO 'rvfi_ext_mhpmcountersh[149]' is unconstrained in LPF and will be automatically placed
Warning: IO 'rvfi_ext_mhpmcountersh[148]' is unconstrained in LPF and will be automatically placed
Warning: IO 'rvfi_ext_mhpmcountersh[147]' is unconstrained in LPF and will be automatically placed
Warning: IO 'rvfi_ext_mhpmcountersh[146]' is unconstrained in LPF and will be automatically placed
Warning: IO 'rvfi_ext_mhpmcountersh[145]' is unconstrained in LPF and will be automatically placed
Warning: IO 'rvfi_ext_mhpmcountersh[144]' is unconstrained in LPF and will be automatically placed
Warning: IO 'rvfi_ext_mhpmcountersh[143]' is unconstrained in LPF and will be automatically placed
Warning: IO 'rvfi_ext_mhpmcountersh[142]' is unconstrained in LPF and will be automatically placed
Warning: IO 'rvfi_ext_mhpmcountersh[141]' is unconstrained in LPF and will be automatically placed
Warning: IO 'rvfi_ext_mhpmcountersh[140]' is unconstrained in LPF and will be automatically placed
Warning: IO 'rvfi_ext_mhpmcountersh[139]' is unconstrained in LPF and will be automatically placed
Warning: IO 'rvfi_ext_mhpmcountersh[138]' is unconstrained in LPF and will be automatically placed
Warning: IO 'rvfi_ext_mhpmcountersh[137]' is unconstrained in LPF and will be automatically placed
Warning: IO 'rvfi_ext_mhpmcountersh[136]' is unconstrained in LPF and will be automatically placed
Warning: IO 'rvfi_ext_mhpmcountersh[135]' is unconstrained in LPF and will be automatically placed
Warning: IO 'rvfi_ext_mhpmcountersh[134]' is unconstrained in LPF and will be automatically placed
Warning: IO 'rvfi_ext_mhpmcountersh[133]' is unconstrained in LPF and will be automatically placed
Warning: IO 'rvfi_ext_mhpmcountersh[132]' is unconstrained in LPF and will be automatically placed
Warning: IO 'rvfi_ext_mhpmcountersh[131]' is unconstrained in LPF and will be automatically placed
Warning: IO 'rvfi_ext_mhpmcountersh[130]' is unconstrained in LPF and will be automatically placed
Warning: IO 'rvfi_ext_mhpmcountersh[129]' is unconstrained in LPF and will be automatically placed
Warning: IO 'rvfi_ext_mhpmcountersh[128]' is unconstrained in LPF and will be automatically placed
Warning: IO 'rvfi_ext_mhpmcountersh[127]' is unconstrained in LPF and will be automatically placed
Warning: IO 'rvfi_ext_mhpmcountersh[126]' is unconstrained in LPF and will be automatically placed
Warning: IO 'rvfi_ext_mhpmcountersh[125]' is unconstrained in LPF and will be automatically placed
Warning: IO 'rvfi_ext_mhpmcountersh[124]' is unconstrained in LPF and will be automatically placed
Warning: IO 'rvfi_ext_mhpmcountersh[123]' is unconstrained in LPF and will be automatically placed
Warning: IO 'rvfi_ext_mhpmcountersh[122]' is unconstrained in LPF and will be automatically placed
Warning: IO 'rvfi_ext_mhpmcountersh[121]' is unconstrained in LPF and will be automatically placed
Warning: IO 'rvfi_ext_mhpmcountersh[120]' is unconstrained in LPF and will be automatically placed
Warning: IO 'rvfi_ext_mhpmcountersh[119]' is unconstrained in LPF and will be automatically placed
Warning: IO 'rvfi_ext_mhpmcountersh[118]' is unconstrained in LPF and will be automatically placed
Warning: IO 'rvfi_ext_mhpmcountersh[117]' is unconstrained in LPF and will be automatically placed
Warning: IO 'rvfi_ext_mhpmcountersh[116]' is unconstrained in LPF and will be automatically placed
Warning: IO 'rvfi_ext_mhpmcountersh[115]' is unconstrained in LPF and will be automatically placed
Warning: IO 'rvfi_ext_mhpmcountersh[114]' is unconstrained in LPF and will be automatically placed
Warning: IO 'rvfi_ext_mhpmcountersh[113]' is unconstrained in LPF and will be automatically placed
Warning: IO 'rvfi_ext_mhpmcountersh[112]' is unconstrained in LPF and will be automatically placed
Warning: IO 'rvfi_ext_mhpmcountersh[111]' is unconstrained in LPF and will be automatically placed
Warning: IO 'rvfi_ext_mhpmcountersh[110]' is unconstrained in LPF and will be automatically placed
Warning: IO 'rvfi_ext_mhpmcountersh[109]' is unconstrained in LPF and will be automatically placed
Warning: IO 'rvfi_ext_mhpmcountersh[108]' is unconstrained in LPF and will be automatically placed
Warning: IO 'rvfi_ext_mhpmcountersh[107]' is unconstrained in LPF and will be automatically placed
Warning: IO 'rvfi_ext_mhpmcountersh[106]' is unconstrained in LPF and will be automatically placed
Warning: IO 'rvfi_ext_mhpmcountersh[105]' is unconstrained in LPF and will be automatically placed
Warning: IO 'rvfi_ext_mhpmcountersh[104]' is unconstrained in LPF and will be automatically placed
Warning: IO 'rvfi_ext_mhpmcountersh[103]' is unconstrained in LPF and will be automatically placed
Warning: IO 'rvfi_ext_mhpmcountersh[102]' is unconstrained in LPF and will be automatically placed
Warning: IO 'rvfi_ext_mhpmcountersh[101]' is unconstrained in LPF and will be automatically placed
Warning: IO 'rvfi_ext_mhpmcountersh[100]' is unconstrained in LPF and will be automatically placed
Warning: IO 'rvfi_ext_mhpmcountersh[99]' is unconstrained in LPF and will be automatically placed
Warning: IO 'rvfi_ext_mhpmcountersh[98]' is unconstrained in LPF and will be automatically placed
Warning: IO 'rvfi_ext_mhpmcountersh[97]' is unconstrained in LPF and will be automatically placed
Warning: IO 'rvfi_ext_mhpmcountersh[96]' is unconstrained in LPF and will be automatically placed
Warning: IO 'rvfi_ext_mhpmcountersh[95]' is unconstrained in LPF and will be automatically placed
Warning: IO 'rvfi_ext_mhpmcountersh[94]' is unconstrained in LPF and will be automatically placed
Warning: IO 'rvfi_ext_mhpmcountersh[93]' is unconstrained in LPF and will be automatically placed
Warning: IO 'rvfi_ext_mhpmcountersh[92]' is unconstrained in LPF and will be automatically placed
Warning: IO 'rvfi_ext_mhpmcountersh[91]' is unconstrained in LPF and will be automatically placed
Warning: IO 'rvfi_ext_mhpmcountersh[90]' is unconstrained in LPF and will be automatically placed
Warning: IO 'rvfi_ext_mhpmcountersh[89]' is unconstrained in LPF and will be automatically placed
Warning: IO 'rvfi_ext_mhpmcountersh[88]' is unconstrained in LPF and will be automatically placed
Warning: IO 'rvfi_ext_mhpmcountersh[87]' is unconstrained in LPF and will be automatically placed
Warning: IO 'rvfi_ext_mhpmcountersh[86]' is unconstrained in LPF and will be automatically placed
Warning: IO 'rvfi_ext_mhpmcountersh[85]' is unconstrained in LPF and will be automatically placed
Warning: IO 'rvfi_ext_mhpmcountersh[84]' is unconstrained in LPF and will be automatically placed
Warning: IO 'rvfi_ext_mhpmcountersh[83]' is unconstrained in LPF and will be automatically placed
Warning: IO 'rvfi_ext_mhpmcountersh[82]' is unconstrained in LPF and will be automatically placed
Warning: IO 'rvfi_ext_mhpmcountersh[81]' is unconstrained in LPF and will be automatically placed
Warning: IO 'rvfi_ext_mhpmcountersh[80]' is unconstrained in LPF and will be automatically placed
Warning: IO 'rvfi_ext_mhpmcountersh[79]' is unconstrained in LPF and will be automatically placed
Warning: IO 'rvfi_ext_mhpmcountersh[78]' is unconstrained in LPF and will be automatically placed
Warning: IO 'rvfi_ext_mhpmcountersh[77]' is unconstrained in LPF and will be automatically placed
Warning: IO 'rvfi_ext_mhpmcountersh[76]' is unconstrained in LPF and will be automatically placed
Warning: IO 'rvfi_ext_mhpmcountersh[75]' is unconstrained in LPF and will be automatically placed
Warning: IO 'rvfi_ext_mhpmcountersh[74]' is unconstrained in LPF and will be automatically placed
Warning: IO 'rvfi_ext_mhpmcountersh[73]' is unconstrained in LPF and will be automatically placed
Warning: IO 'rvfi_ext_mhpmcountersh[72]' is unconstrained in LPF and will be automatically placed
Warning: IO 'rvfi_ext_mhpmcountersh[71]' is unconstrained in LPF and will be automatically placed
Warning: IO 'rvfi_ext_mhpmcountersh[70]' is unconstrained in LPF and will be automatically placed
Warning: IO 'rvfi_ext_mhpmcountersh[69]' is unconstrained in LPF and will be automatically placed
Warning: IO 'rvfi_ext_mhpmcountersh[68]' is unconstrained in LPF and will be automatically placed
Warning: IO 'rvfi_ext_mhpmcountersh[67]' is unconstrained in LPF and will be automatically placed
Warning: IO 'rvfi_ext_mhpmcountersh[66]' is unconstrained in LPF and will be automatically placed
Warning: IO 'rvfi_ext_mhpmcountersh[65]' is unconstrained in LPF and will be automatically placed
Warning: IO 'rvfi_ext_mhpmcountersh[64]' is unconstrained in LPF and will be automatically placed
Warning: IO 'rvfi_ext_mhpmcountersh[63]' is unconstrained in LPF and will be automatically placed
Warning: IO 'rvfi_ext_mhpmcountersh[62]' is unconstrained in LPF and will be automatically placed
Warning: IO 'rvfi_ext_mhpmcountersh[61]' is unconstrained in LPF and will be automatically placed
Warning: IO 'rvfi_ext_mhpmcountersh[60]' is unconstrained in LPF and will be automatically placed
Warning: IO 'rvfi_ext_mhpmcountersh[59]' is unconstrained in LPF and will be automatically placed
Warning: IO 'rvfi_ext_mhpmcountersh[58]' is unconstrained in LPF and will be automatically placed
Warning: IO 'rvfi_ext_mhpmcountersh[57]' is unconstrained in LPF and will be automatically placed
Warning: IO 'rvfi_ext_mhpmcountersh[56]' is unconstrained in LPF and will be automatically placed
Warning: IO 'rvfi_ext_mhpmcountersh[55]' is unconstrained in LPF and will be automatically placed
Warning: IO 'rvfi_ext_mhpmcountersh[54]' is unconstrained in LPF and will be automatically placed
Warning: IO 'rvfi_ext_mhpmcountersh[53]' is unconstrained in LPF and will be automatically placed
Warning: IO 'rvfi_ext_mhpmcountersh[52]' is unconstrained in LPF and will be automatically placed
Warning: IO 'rvfi_ext_mhpmcountersh[51]' is unconstrained in LPF and will be automatically placed
Warning: IO 'rvfi_ext_mhpmcountersh[50]' is unconstrained in LPF and will be automatically placed
Warning: IO 'rvfi_ext_mhpmcountersh[49]' is unconstrained in LPF and will be automatically placed
Warning: IO 'rvfi_ext_mhpmcountersh[48]' is unconstrained in LPF and will be automatically placed
Warning: IO 'rvfi_ext_mhpmcountersh[47]' is unconstrained in LPF and will be automatically placed
Warning: IO 'rvfi_ext_mhpmcountersh[46]' is unconstrained in LPF and will be automatically placed
Warning: IO 'rvfi_ext_mhpmcountersh[45]' is unconstrained in LPF and will be automatically placed
Warning: IO 'rvfi_ext_mhpmcountersh[44]' is unconstrained in LPF and will be automatically placed
Warning: IO 'rvfi_ext_mhpmcountersh[43]' is unconstrained in LPF and will be automatically placed
Warning: IO 'rvfi_ext_mhpmcountersh[42]' is unconstrained in LPF and will be automatically placed
Warning: IO 'rvfi_ext_mhpmcountersh[41]' is unconstrained in LPF and will be automatically placed
Warning: IO 'rvfi_ext_mhpmcountersh[40]' is unconstrained in LPF and will be automatically placed
Warning: IO 'rvfi_ext_mhpmcountersh[39]' is unconstrained in LPF and will be automatically placed
Warning: IO 'rvfi_ext_mhpmcountersh[38]' is unconstrained in LPF and will be automatically placed
Warning: IO 'rvfi_ext_mhpmcountersh[37]' is unconstrained in LPF and will be automatically placed
Warning: IO 'rvfi_ext_mhpmcountersh[36]' is unconstrained in LPF and will be automatically placed
Warning: IO 'rvfi_ext_mhpmcountersh[35]' is unconstrained in LPF and will be automatically placed
Warning: IO 'rvfi_ext_mhpmcountersh[34]' is unconstrained in LPF and will be automatically placed
Warning: IO 'rvfi_ext_mhpmcountersh[33]' is unconstrained in LPF and will be automatically placed
Warning: IO 'rvfi_ext_mhpmcountersh[32]' is unconstrained in LPF and will be automatically placed
Warning: IO 'rvfi_ext_mhpmcountersh[31]' is unconstrained in LPF and will be automatically placed
Warning: IO 'rvfi_ext_mhpmcountersh[30]' is unconstrained in LPF and will be automatically placed
Warning: IO 'rvfi_ext_mhpmcountersh[29]' is unconstrained in LPF and will be automatically placed
Warning: IO 'rvfi_ext_mhpmcountersh[28]' is unconstrained in LPF and will be automatically placed
Warning: IO 'rvfi_ext_mhpmcountersh[27]' is unconstrained in LPF and will be automatically placed
Warning: IO 'rvfi_ext_mhpmcountersh[26]' is unconstrained in LPF and will be automatically placed
Warning: IO 'rvfi_ext_mhpmcountersh[25]' is unconstrained in LPF and will be automatically placed
Warning: IO 'rvfi_ext_mhpmcountersh[24]' is unconstrained in LPF and will be automatically placed
Warning: IO 'rvfi_ext_mhpmcountersh[23]' is unconstrained in LPF and will be automatically placed
Warning: IO 'rvfi_ext_mhpmcountersh[22]' is unconstrained in LPF and will be automatically placed
Warning: IO 'rvfi_ext_mhpmcountersh[21]' is unconstrained in LPF and will be automatically placed
Warning: IO 'rvfi_ext_mhpmcountersh[20]' is unconstrained in LPF and will be automatically placed
Warning: IO 'rvfi_ext_mhpmcountersh[19]' is unconstrained in LPF and will be automatically placed
Warning: IO 'rvfi_ext_mhpmcountersh[18]' is unconstrained in LPF and will be automatically placed
Warning: IO 'rvfi_ext_mhpmcountersh[17]' is unconstrained in LPF and will be automatically placed
Warning: IO 'rvfi_ext_mhpmcountersh[16]' is unconstrained in LPF and will be automatically placed
Warning: IO 'rvfi_ext_mhpmcountersh[15]' is unconstrained in LPF and will be automatically placed
Warning: IO 'rvfi_ext_mhpmcountersh[14]' is unconstrained in LPF and will be automatically placed
Warning: IO 'rvfi_ext_mhpmcountersh[13]' is unconstrained in LPF and will be automatically placed
Warning: IO 'rvfi_ext_mhpmcountersh[12]' is unconstrained in LPF and will be automatically placed
Warning: IO 'rvfi_ext_mhpmcountersh[11]' is unconstrained in LPF and will be automatically placed
Warning: IO 'rvfi_ext_mhpmcountersh[10]' is unconstrained in LPF and will be automatically placed
Warning: IO 'rvfi_ext_mhpmcountersh[9]' is unconstrained in LPF and will be automatically placed
Warning: IO 'rvfi_ext_mhpmcountersh[8]' is unconstrained in LPF and will be automatically placed
Warning: IO 'rvfi_ext_mhpmcountersh[7]' is unconstrained in LPF and will be automatically placed
Warning: IO 'rvfi_ext_mhpmcountersh[6]' is unconstrained in LPF and will be automatically placed
Warning: IO 'rvfi_ext_mhpmcountersh[5]' is unconstrained in LPF and will be automatically placed
Warning: IO 'rvfi_ext_mhpmcountersh[4]' is unconstrained in LPF and will be automatically placed
Warning: IO 'rvfi_ext_mhpmcountersh[3]' is unconstrained in LPF and will be automatically placed
Warning: IO 'rvfi_ext_mhpmcountersh[2]' is unconstrained in LPF and will be automatically placed
Warning: IO 'rvfi_ext_mhpmcountersh[1]' is unconstrained in LPF and will be automatically placed
Warning: IO 'rvfi_ext_mhpmcountersh[0]' is unconstrained in LPF and will be automatically placed
Warning: IO 'rvfi_ext_mhpmcounters[319]' is unconstrained in LPF and will be automatically placed
Warning: IO 'rvfi_ext_mhpmcounters[318]' is unconstrained in LPF and will be automatically placed
Warning: IO 'rvfi_ext_mhpmcounters[317]' is unconstrained in LPF and will be automatically placed
Warning: IO 'rvfi_ext_mhpmcounters[316]' is unconstrained in LPF and will be automatically placed
Warning: IO 'rvfi_ext_mhpmcounters[315]' is unconstrained in LPF and will be automatically placed
Warning: IO 'rvfi_ext_mhpmcounters[314]' is unconstrained in LPF and will be automatically placed
Warning: IO 'rvfi_ext_mhpmcounters[313]' is unconstrained in LPF and will be automatically placed
Warning: IO 'rvfi_ext_mhpmcounters[312]' is unconstrained in LPF and will be automatically placed
Warning: IO 'rvfi_ext_mhpmcounters[311]' is unconstrained in LPF and will be automatically placed
Warning: IO 'rvfi_ext_mhpmcounters[310]' is unconstrained in LPF and will be automatically placed
Warning: IO 'rvfi_ext_mhpmcounters[309]' is unconstrained in LPF and will be automatically placed
Warning: IO 'rvfi_ext_mhpmcounters[308]' is unconstrained in LPF and will be automatically placed
Warning: IO 'rvfi_ext_mhpmcounters[307]' is unconstrained in LPF and will be automatically placed
Warning: IO 'rvfi_ext_mhpmcounters[306]' is unconstrained in LPF and will be automatically placed
Warning: IO 'rvfi_ext_mhpmcounters[305]' is unconstrained in LPF and will be automatically placed
Warning: IO 'rvfi_ext_mhpmcounters[304]' is unconstrained in LPF and will be automatically placed
Warning: IO 'rvfi_ext_mhpmcounters[303]' is unconstrained in LPF and will be automatically placed
Warning: IO 'rvfi_ext_mhpmcounters[302]' is unconstrained in LPF and will be automatically placed
Warning: IO 'rvfi_ext_mhpmcounters[301]' is unconstrained in LPF and will be automatically placed
Warning: IO 'rvfi_ext_mhpmcounters[300]' is unconstrained in LPF and will be automatically placed
Warning: IO 'rvfi_ext_mhpmcounters[299]' is unconstrained in LPF and will be automatically placed
Warning: IO 'rvfi_ext_mhpmcounters[298]' is unconstrained in LPF and will be automatically placed
Warning: IO 'rvfi_ext_mhpmcounters[297]' is unconstrained in LPF and will be automatically placed
Warning: IO 'rvfi_ext_mhpmcounters[296]' is unconstrained in LPF and will be automatically placed
Warning: IO 'rvfi_ext_mhpmcounters[295]' is unconstrained in LPF and will be automatically placed
Warning: IO 'rvfi_ext_mhpmcounters[294]' is unconstrained in LPF and will be automatically placed
Warning: IO 'rvfi_ext_mhpmcounters[293]' is unconstrained in LPF and will be automatically placed
Warning: IO 'rvfi_ext_mhpmcounters[292]' is unconstrained in LPF and will be automatically placed
Warning: IO 'rvfi_ext_mhpmcounters[291]' is unconstrained in LPF and will be automatically placed
Warning: IO 'rvfi_ext_mhpmcounters[290]' is unconstrained in LPF and will be automatically placed
Warning: IO 'rvfi_ext_mhpmcounters[289]' is unconstrained in LPF and will be automatically placed
Warning: IO 'rvfi_ext_mhpmcounters[288]' is unconstrained in LPF and will be automatically placed
Warning: IO 'rvfi_ext_mhpmcounters[287]' is unconstrained in LPF and will be automatically placed
Warning: IO 'rvfi_ext_mhpmcounters[286]' is unconstrained in LPF and will be automatically placed
Warning: IO 'rvfi_ext_mhpmcounters[285]' is unconstrained in LPF and will be automatically placed
Warning: IO 'rvfi_ext_mhpmcounters[284]' is unconstrained in LPF and will be automatically placed
Warning: IO 'rvfi_ext_mhpmcounters[283]' is unconstrained in LPF and will be automatically placed
Warning: IO 'rvfi_ext_mhpmcounters[282]' is unconstrained in LPF and will be automatically placed
Warning: IO 'rvfi_ext_mhpmcounters[281]' is unconstrained in LPF and will be automatically placed
Warning: IO 'rvfi_ext_mhpmcounters[280]' is unconstrained in LPF and will be automatically placed
Warning: IO 'rvfi_ext_mhpmcounters[279]' is unconstrained in LPF and will be automatically placed
Warning: IO 'rvfi_ext_mhpmcounters[278]' is unconstrained in LPF and will be automatically placed
Warning: IO 'rvfi_ext_mhpmcounters[277]' is unconstrained in LPF and will be automatically placed
Warning: IO 'rvfi_ext_mhpmcounters[276]' is unconstrained in LPF and will be automatically placed
Warning: IO 'rvfi_ext_mhpmcounters[275]' is unconstrained in LPF and will be automatically placed
Warning: IO 'rvfi_ext_mhpmcounters[274]' is unconstrained in LPF and will be automatically placed
Warning: IO 'rvfi_ext_mhpmcounters[273]' is unconstrained in LPF and will be automatically placed
Warning: IO 'rvfi_ext_mhpmcounters[272]' is unconstrained in LPF and will be automatically placed
Warning: IO 'rvfi_ext_mhpmcounters[271]' is unconstrained in LPF and will be automatically placed
Warning: IO 'rvfi_ext_mhpmcounters[270]' is unconstrained in LPF and will be automatically placed
Warning: IO 'rvfi_ext_mhpmcounters[269]' is unconstrained in LPF and will be automatically placed
Warning: IO 'rvfi_ext_mhpmcounters[268]' is unconstrained in LPF and will be automatically placed
Warning: IO 'rvfi_ext_mhpmcounters[267]' is unconstrained in LPF and will be automatically placed
Warning: IO 'rvfi_ext_mhpmcounters[266]' is unconstrained in LPF and will be automatically placed
Warning: IO 'rvfi_ext_mhpmcounters[265]' is unconstrained in LPF and will be automatically placed
Warning: IO 'rvfi_ext_mhpmcounters[264]' is unconstrained in LPF and will be automatically placed
Warning: IO 'rvfi_ext_mhpmcounters[263]' is unconstrained in LPF and will be automatically placed
Warning: IO 'rvfi_ext_mhpmcounters[262]' is unconstrained in LPF and will be automatically placed
Warning: IO 'rvfi_ext_mhpmcounters[261]' is unconstrained in LPF and will be automatically placed
Warning: IO 'rvfi_ext_mhpmcounters[260]' is unconstrained in LPF and will be automatically placed
Warning: IO 'rvfi_ext_mhpmcounters[259]' is unconstrained in LPF and will be automatically placed
Warning: IO 'rvfi_ext_mhpmcounters[258]' is unconstrained in LPF and will be automatically placed
Warning: IO 'rvfi_ext_mhpmcounters[257]' is unconstrained in LPF and will be automatically placed
Warning: IO 'rvfi_ext_mhpmcounters[256]' is unconstrained in LPF and will be automatically placed
Warning: IO 'rvfi_ext_mhpmcounters[255]' is unconstrained in LPF and will be automatically placed
Warning: IO 'rvfi_ext_mhpmcounters[254]' is unconstrained in LPF and will be automatically placed
Warning: IO 'rvfi_ext_mhpmcounters[253]' is unconstrained in LPF and will be automatically placed
Warning: IO 'rvfi_ext_mhpmcounters[252]' is unconstrained in LPF and will be automatically placed
Warning: IO 'rvfi_ext_mhpmcounters[251]' is unconstrained in LPF and will be automatically placed
Warning: IO 'rvfi_ext_mhpmcounters[250]' is unconstrained in LPF and will be automatically placed
Warning: IO 'rvfi_ext_mhpmcounters[249]' is unconstrained in LPF and will be automatically placed
Warning: IO 'rvfi_ext_mhpmcounters[248]' is unconstrained in LPF and will be automatically placed
Warning: IO 'rvfi_ext_mhpmcounters[247]' is unconstrained in LPF and will be automatically placed
Warning: IO 'rvfi_ext_mhpmcounters[246]' is unconstrained in LPF and will be automatically placed
Warning: IO 'rvfi_ext_mhpmcounters[245]' is unconstrained in LPF and will be automatically placed
Warning: IO 'rvfi_ext_mhpmcounters[244]' is unconstrained in LPF and will be automatically placed
Warning: IO 'rvfi_ext_mhpmcounters[243]' is unconstrained in LPF and will be automatically placed
Warning: IO 'rvfi_ext_mhpmcounters[242]' is unconstrained in LPF and will be automatically placed
Warning: IO 'rvfi_ext_mhpmcounters[241]' is unconstrained in LPF and will be automatically placed
Warning: IO 'rvfi_ext_mhpmcounters[240]' is unconstrained in LPF and will be automatically placed
Warning: IO 'rvfi_ext_mhpmcounters[239]' is unconstrained in LPF and will be automatically placed
Warning: IO 'rvfi_ext_mhpmcounters[238]' is unconstrained in LPF and will be automatically placed
Warning: IO 'rvfi_ext_mhpmcounters[237]' is unconstrained in LPF and will be automatically placed
Warning: IO 'rvfi_ext_mhpmcounters[236]' is unconstrained in LPF and will be automatically placed
Warning: IO 'rvfi_ext_mhpmcounters[235]' is unconstrained in LPF and will be automatically placed
Warning: IO 'rvfi_ext_mhpmcounters[234]' is unconstrained in LPF and will be automatically placed
Warning: IO 'rvfi_ext_mhpmcounters[233]' is unconstrained in LPF and will be automatically placed
Warning: IO 'rvfi_ext_mhpmcounters[232]' is unconstrained in LPF and will be automatically placed
Warning: IO 'rvfi_ext_mhpmcounters[231]' is unconstrained in LPF and will be automatically placed
Warning: IO 'rvfi_ext_mhpmcounters[230]' is unconstrained in LPF and will be automatically placed
Warning: IO 'rvfi_ext_mhpmcounters[229]' is unconstrained in LPF and will be automatically placed
Warning: IO 'rvfi_ext_mhpmcounters[228]' is unconstrained in LPF and will be automatically placed
Warning: IO 'rvfi_ext_mhpmcounters[227]' is unconstrained in LPF and will be automatically placed
Warning: IO 'rvfi_ext_mhpmcounters[226]' is unconstrained in LPF and will be automatically placed
Warning: IO 'rvfi_ext_mhpmcounters[225]' is unconstrained in LPF and will be automatically placed
Warning: IO 'rvfi_ext_mhpmcounters[224]' is unconstrained in LPF and will be automatically placed
Warning: IO 'rvfi_ext_mhpmcounters[223]' is unconstrained in LPF and will be automatically placed
Warning: IO 'rvfi_ext_mhpmcounters[222]' is unconstrained in LPF and will be automatically placed
Warning: IO 'rvfi_ext_mhpmcounters[221]' is unconstrained in LPF and will be automatically placed
Warning: IO 'rvfi_ext_mhpmcounters[220]' is unconstrained in LPF and will be automatically placed
Warning: IO 'rvfi_ext_mhpmcounters[219]' is unconstrained in LPF and will be automatically placed
Warning: IO 'rvfi_ext_mhpmcounters[218]' is unconstrained in LPF and will be automatically placed
Warning: IO 'rvfi_ext_mhpmcounters[217]' is unconstrained in LPF and will be automatically placed
Warning: IO 'rvfi_ext_mhpmcounters[216]' is unconstrained in LPF and will be automatically placed
Warning: IO 'rvfi_ext_mhpmcounters[215]' is unconstrained in LPF and will be automatically placed
Warning: IO 'rvfi_ext_mhpmcounters[214]' is unconstrained in LPF and will be automatically placed
Warning: IO 'rvfi_ext_mhpmcounters[213]' is unconstrained in LPF and will be automatically placed
Warning: IO 'rvfi_ext_mhpmcounters[212]' is unconstrained in LPF and will be automatically placed
Warning: IO 'rvfi_ext_mhpmcounters[211]' is unconstrained in LPF and will be automatically placed
Warning: IO 'rvfi_ext_mhpmcounters[210]' is unconstrained in LPF and will be automatically placed
Warning: IO 'rvfi_ext_mhpmcounters[209]' is unconstrained in LPF and will be automatically placed
Warning: IO 'rvfi_ext_mhpmcounters[208]' is unconstrained in LPF and will be automatically placed
Warning: IO 'rvfi_ext_mhpmcounters[207]' is unconstrained in LPF and will be automatically placed
Warning: IO 'rvfi_ext_mhpmcounters[206]' is unconstrained in LPF and will be automatically placed
Warning: IO 'rvfi_ext_mhpmcounters[205]' is unconstrained in LPF and will be automatically placed
Warning: IO 'rvfi_ext_mhpmcounters[204]' is unconstrained in LPF and will be automatically placed
Warning: IO 'rvfi_ext_mhpmcounters[203]' is unconstrained in LPF and will be automatically placed
Warning: IO 'rvfi_ext_mhpmcounters[202]' is unconstrained in LPF and will be automatically placed
Warning: IO 'rvfi_ext_mhpmcounters[201]' is unconstrained in LPF and will be automatically placed
Warning: IO 'rvfi_ext_mhpmcounters[200]' is unconstrained in LPF and will be automatically placed
Warning: IO 'rvfi_ext_mhpmcounters[199]' is unconstrained in LPF and will be automatically placed
Warning: IO 'rvfi_ext_mhpmcounters[198]' is unconstrained in LPF and will be automatically placed
Warning: IO 'rvfi_ext_mhpmcounters[197]' is unconstrained in LPF and will be automatically placed
Warning: IO 'rvfi_ext_mhpmcounters[196]' is unconstrained in LPF and will be automatically placed
Warning: IO 'rvfi_ext_mhpmcounters[195]' is unconstrained in LPF and will be automatically placed
Warning: IO 'rvfi_ext_mhpmcounters[194]' is unconstrained in LPF and will be automatically placed
Warning: IO 'rvfi_ext_mhpmcounters[193]' is unconstrained in LPF and will be automatically placed
Warning: IO 'rvfi_ext_mhpmcounters[192]' is unconstrained in LPF and will be automatically placed
Warning: IO 'rvfi_ext_mhpmcounters[191]' is unconstrained in LPF and will be automatically placed
Warning: IO 'rvfi_ext_mhpmcounters[190]' is unconstrained in LPF and will be automatically placed
Warning: IO 'rvfi_ext_mhpmcounters[189]' is unconstrained in LPF and will be automatically placed
Warning: IO 'rvfi_ext_mhpmcounters[188]' is unconstrained in LPF and will be automatically placed
Warning: IO 'rvfi_ext_mhpmcounters[187]' is unconstrained in LPF and will be automatically placed
Warning: IO 'rvfi_ext_mhpmcounters[186]' is unconstrained in LPF and will be automatically placed
Warning: IO 'rvfi_ext_mhpmcounters[185]' is unconstrained in LPF and will be automatically placed
Warning: IO 'rvfi_ext_mhpmcounters[184]' is unconstrained in LPF and will be automatically placed
Warning: IO 'rvfi_ext_mhpmcounters[183]' is unconstrained in LPF and will be automatically placed
Warning: IO 'rvfi_ext_mhpmcounters[182]' is unconstrained in LPF and will be automatically placed
Warning: IO 'rvfi_ext_mhpmcounters[181]' is unconstrained in LPF and will be automatically placed
Warning: IO 'rvfi_ext_mhpmcounters[180]' is unconstrained in LPF and will be automatically placed
Warning: IO 'rvfi_ext_mhpmcounters[179]' is unconstrained in LPF and will be automatically placed
Warning: IO 'rvfi_ext_mhpmcounters[178]' is unconstrained in LPF and will be automatically placed
Warning: IO 'rvfi_ext_mhpmcounters[177]' is unconstrained in LPF and will be automatically placed
Warning: IO 'rvfi_ext_mhpmcounters[176]' is unconstrained in LPF and will be automatically placed
Warning: IO 'rvfi_ext_mhpmcounters[175]' is unconstrained in LPF and will be automatically placed
Warning: IO 'rvfi_ext_mhpmcounters[174]' is unconstrained in LPF and will be automatically placed
Warning: IO 'rvfi_ext_mhpmcounters[173]' is unconstrained in LPF and will be automatically placed
Warning: IO 'rvfi_ext_mhpmcounters[172]' is unconstrained in LPF and will be automatically placed
Warning: IO 'rvfi_ext_mhpmcounters[171]' is unconstrained in LPF and will be automatically placed
Warning: IO 'rvfi_ext_mhpmcounters[170]' is unconstrained in LPF and will be automatically placed
Warning: IO 'rvfi_ext_mhpmcounters[169]' is unconstrained in LPF and will be automatically placed
Warning: IO 'rvfi_ext_mhpmcounters[168]' is unconstrained in LPF and will be automatically placed
Warning: IO 'rvfi_ext_mhpmcounters[167]' is unconstrained in LPF and will be automatically placed
Warning: IO 'rvfi_ext_mhpmcounters[166]' is unconstrained in LPF and will be automatically placed
Warning: IO 'rvfi_ext_mhpmcounters[165]' is unconstrained in LPF and will be automatically placed
Warning: IO 'rvfi_ext_mhpmcounters[164]' is unconstrained in LPF and will be automatically placed
Warning: IO 'rvfi_ext_mhpmcounters[163]' is unconstrained in LPF and will be automatically placed
Warning: IO 'rvfi_ext_mhpmcounters[162]' is unconstrained in LPF and will be automatically placed
Warning: IO 'rvfi_ext_mhpmcounters[161]' is unconstrained in LPF and will be automatically placed
Warning: IO 'rvfi_ext_mhpmcounters[160]' is unconstrained in LPF and will be automatically placed
Warning: IO 'rvfi_ext_mhpmcounters[159]' is unconstrained in LPF and will be automatically placed
Warning: IO 'rvfi_ext_mhpmcounters[158]' is unconstrained in LPF and will be automatically placed
Warning: IO 'rvfi_ext_mhpmcounters[157]' is unconstrained in LPF and will be automatically placed
Warning: IO 'rvfi_ext_mhpmcounters[156]' is unconstrained in LPF and will be automatically placed
Warning: IO 'rvfi_ext_mhpmcounters[155]' is unconstrained in LPF and will be automatically placed
Warning: IO 'rvfi_ext_mhpmcounters[154]' is unconstrained in LPF and will be automatically placed
Warning: IO 'rvfi_ext_mhpmcounters[153]' is unconstrained in LPF and will be automatically placed
Warning: IO 'rvfi_ext_mhpmcounters[152]' is unconstrained in LPF and will be automatically placed
Warning: IO 'rvfi_ext_mhpmcounters[151]' is unconstrained in LPF and will be automatically placed
Warning: IO 'rvfi_ext_mhpmcounters[150]' is unconstrained in LPF and will be automatically placed
Warning: IO 'rvfi_ext_mhpmcounters[149]' is unconstrained in LPF and will be automatically placed
Warning: IO 'rvfi_ext_mhpmcounters[148]' is unconstrained in LPF and will be automatically placed
Warning: IO 'rvfi_ext_mhpmcounters[147]' is unconstrained in LPF and will be automatically placed
Warning: IO 'rvfi_ext_mhpmcounters[146]' is unconstrained in LPF and will be automatically placed
Warning: IO 'rvfi_ext_mhpmcounters[145]' is unconstrained in LPF and will be automatically placed
Warning: IO 'rvfi_ext_mhpmcounters[144]' is unconstrained in LPF and will be automatically placed
Warning: IO 'rvfi_ext_mhpmcounters[143]' is unconstrained in LPF and will be automatically placed
Warning: IO 'rvfi_ext_mhpmcounters[142]' is unconstrained in LPF and will be automatically placed
Warning: IO 'rvfi_ext_mhpmcounters[141]' is unconstrained in LPF and will be automatically placed
Warning: IO 'rvfi_ext_mhpmcounters[140]' is unconstrained in LPF and will be automatically placed
Warning: IO 'rvfi_ext_mhpmcounters[139]' is unconstrained in LPF and will be automatically placed
Warning: IO 'rvfi_ext_mhpmcounters[138]' is unconstrained in LPF and will be automatically placed
Warning: IO 'rvfi_ext_mhpmcounters[137]' is unconstrained in LPF and will be automatically placed
Warning: IO 'rvfi_ext_mhpmcounters[136]' is unconstrained in LPF and will be automatically placed
Warning: IO 'rvfi_ext_mhpmcounters[135]' is unconstrained in LPF and will be automatically placed
Warning: IO 'rvfi_ext_mhpmcounters[134]' is unconstrained in LPF and will be automatically placed
Warning: IO 'rvfi_ext_mhpmcounters[133]' is unconstrained in LPF and will be automatically placed
Warning: IO 'rvfi_ext_mhpmcounters[132]' is unconstrained in LPF and will be automatically placed
Warning: IO 'rvfi_ext_mhpmcounters[131]' is unconstrained in LPF and will be automatically placed
Warning: IO 'rvfi_ext_mhpmcounters[130]' is unconstrained in LPF and will be automatically placed
Warning: IO 'rvfi_ext_mhpmcounters[129]' is unconstrained in LPF and will be automatically placed
Warning: IO 'rvfi_ext_mhpmcounters[128]' is unconstrained in LPF and will be automatically placed
Warning: IO 'rvfi_ext_mhpmcounters[127]' is unconstrained in LPF and will be automatically placed
Warning: IO 'rvfi_ext_mhpmcounters[126]' is unconstrained in LPF and will be automatically placed
Warning: IO 'rvfi_ext_mhpmcounters[125]' is unconstrained in LPF and will be automatically placed
Warning: IO 'rvfi_ext_mhpmcounters[124]' is unconstrained in LPF and will be automatically placed
Warning: IO 'rvfi_ext_mhpmcounters[123]' is unconstrained in LPF and will be automatically placed
Warning: IO 'rvfi_ext_mhpmcounters[122]' is unconstrained in LPF and will be automatically placed
Warning: IO 'rvfi_ext_mhpmcounters[121]' is unconstrained in LPF and will be automatically placed
Warning: IO 'rvfi_ext_mhpmcounters[120]' is unconstrained in LPF and will be automatically placed
Warning: IO 'rvfi_ext_mhpmcounters[119]' is unconstrained in LPF and will be automatically placed
Warning: IO 'rvfi_ext_mhpmcounters[118]' is unconstrained in LPF and will be automatically placed
Warning: IO 'rvfi_ext_mhpmcounters[117]' is unconstrained in LPF and will be automatically placed
Warning: IO 'rvfi_ext_mhpmcounters[116]' is unconstrained in LPF and will be automatically placed
Warning: IO 'rvfi_ext_mhpmcounters[115]' is unconstrained in LPF and will be automatically placed
Warning: IO 'rvfi_ext_mhpmcounters[114]' is unconstrained in LPF and will be automatically placed
Warning: IO 'rvfi_ext_mhpmcounters[113]' is unconstrained in LPF and will be automatically placed
Warning: IO 'rvfi_ext_mhpmcounters[112]' is unconstrained in LPF and will be automatically placed
Warning: IO 'rvfi_ext_mhpmcounters[111]' is unconstrained in LPF and will be automatically placed
Warning: IO 'rvfi_ext_mhpmcounters[110]' is unconstrained in LPF and will be automatically placed
Warning: IO 'rvfi_ext_mhpmcounters[109]' is unconstrained in LPF and will be automatically placed
Warning: IO 'rvfi_ext_mhpmcounters[108]' is unconstrained in LPF and will be automatically placed
Warning: IO 'rvfi_ext_mhpmcounters[107]' is unconstrained in LPF and will be automatically placed
Warning: IO 'rvfi_ext_mhpmcounters[106]' is unconstrained in LPF and will be automatically placed
Warning: IO 'rvfi_ext_mhpmcounters[105]' is unconstrained in LPF and will be automatically placed
Warning: IO 'rvfi_ext_mhpmcounters[104]' is unconstrained in LPF and will be automatically placed
Warning: IO 'rvfi_ext_mhpmcounters[103]' is unconstrained in LPF and will be automatically placed
Warning: IO 'rvfi_ext_mhpmcounters[102]' is unconstrained in LPF and will be automatically placed
Warning: IO 'rvfi_ext_mhpmcounters[101]' is unconstrained in LPF and will be automatically placed
Warning: IO 'rvfi_ext_mhpmcounters[100]' is unconstrained in LPF and will be automatically placed
Warning: IO 'rvfi_ext_mhpmcounters[99]' is unconstrained in LPF and will be automatically placed
Warning: IO 'rvfi_ext_mhpmcounters[98]' is unconstrained in LPF and will be automatically placed
Warning: IO 'rvfi_ext_mhpmcounters[97]' is unconstrained in LPF and will be automatically placed
Warning: IO 'rvfi_ext_mhpmcounters[96]' is unconstrained in LPF and will be automatically placed
Warning: IO 'rvfi_ext_mhpmcounters[95]' is unconstrained in LPF and will be automatically placed
Warning: IO 'rvfi_ext_mhpmcounters[94]' is unconstrained in LPF and will be automatically placed
Warning: IO 'rvfi_ext_mhpmcounters[93]' is unconstrained in LPF and will be automatically placed
Warning: IO 'rvfi_ext_mhpmcounters[92]' is unconstrained in LPF and will be automatically placed
Warning: IO 'rvfi_ext_mhpmcounters[91]' is unconstrained in LPF and will be automatically placed
Warning: IO 'rvfi_ext_mhpmcounters[90]' is unconstrained in LPF and will be automatically placed
Warning: IO 'rvfi_ext_mhpmcounters[89]' is unconstrained in LPF and will be automatically placed
Warning: IO 'rvfi_ext_mhpmcounters[88]' is unconstrained in LPF and will be automatically placed
Warning: IO 'rvfi_ext_mhpmcounters[87]' is unconstrained in LPF and will be automatically placed
Warning: IO 'rvfi_ext_mhpmcounters[86]' is unconstrained in LPF and will be automatically placed
Warning: IO 'rvfi_ext_mhpmcounters[85]' is unconstrained in LPF and will be automatically placed
Warning: IO 'rvfi_ext_mhpmcounters[84]' is unconstrained in LPF and will be automatically placed
Warning: IO 'rvfi_ext_mhpmcounters[83]' is unconstrained in LPF and will be automatically placed
Warning: IO 'rvfi_ext_mhpmcounters[82]' is unconstrained in LPF and will be automatically placed
Warning: IO 'rvfi_ext_mhpmcounters[81]' is unconstrained in LPF and will be automatically placed
Warning: IO 'rvfi_ext_mhpmcounters[80]' is unconstrained in LPF and will be automatically placed
Warning: IO 'rvfi_ext_mhpmcounters[79]' is unconstrained in LPF and will be automatically placed
Warning: IO 'rvfi_ext_mhpmcounters[78]' is unconstrained in LPF and will be automatically placed
Warning: IO 'rvfi_ext_mhpmcounters[77]' is unconstrained in LPF and will be automatically placed
Warning: IO 'rvfi_ext_mhpmcounters[76]' is unconstrained in LPF and will be automatically placed
Warning: IO 'rvfi_ext_mhpmcounters[75]' is unconstrained in LPF and will be automatically placed
Warning: IO 'rvfi_ext_mhpmcounters[74]' is unconstrained in LPF and will be automatically placed
Warning: IO 'rvfi_ext_mhpmcounters[73]' is unconstrained in LPF and will be automatically placed
Warning: IO 'rvfi_ext_mhpmcounters[72]' is unconstrained in LPF and will be automatically placed
Warning: IO 'rvfi_ext_mhpmcounters[71]' is unconstrained in LPF and will be automatically placed
Warning: IO 'rvfi_ext_mhpmcounters[70]' is unconstrained in LPF and will be automatically placed
Warning: IO 'rvfi_ext_mhpmcounters[69]' is unconstrained in LPF and will be automatically placed
Warning: IO 'rvfi_ext_mhpmcounters[68]' is unconstrained in LPF and will be automatically placed
Warning: IO 'rvfi_ext_mhpmcounters[67]' is unconstrained in LPF and will be automatically placed
Warning: IO 'rvfi_ext_mhpmcounters[66]' is unconstrained in LPF and will be automatically placed
Warning: IO 'rvfi_ext_mhpmcounters[65]' is unconstrained in LPF and will be automatically placed
Warning: IO 'rvfi_ext_mhpmcounters[64]' is unconstrained in LPF and will be automatically placed
Warning: IO 'rvfi_ext_mhpmcounters[63]' is unconstrained in LPF and will be automatically placed
Warning: IO 'rvfi_ext_mhpmcounters[62]' is unconstrained in LPF and will be automatically placed
Warning: IO 'rvfi_ext_mhpmcounters[61]' is unconstrained in LPF and will be automatically placed
Warning: IO 'rvfi_ext_mhpmcounters[60]' is unconstrained in LPF and will be automatically placed
Warning: IO 'rvfi_ext_mhpmcounters[59]' is unconstrained in LPF and will be automatically placed
Warning: IO 'rvfi_ext_mhpmcounters[58]' is unconstrained in LPF and will be automatically placed
Warning: IO 'rvfi_ext_mhpmcounters[57]' is unconstrained in LPF and will be automatically placed
Warning: IO 'rvfi_ext_mhpmcounters[56]' is unconstrained in LPF and will be automatically placed
Warning: IO 'rvfi_ext_mhpmcounters[55]' is unconstrained in LPF and will be automatically placed
Warning: IO 'rvfi_ext_mhpmcounters[54]' is unconstrained in LPF and will be automatically placed
Warning: IO 'rvfi_ext_mhpmcounters[53]' is unconstrained in LPF and will be automatically placed
Warning: IO 'rvfi_ext_mhpmcounters[52]' is unconstrained in LPF and will be automatically placed
Warning: IO 'rvfi_ext_mhpmcounters[51]' is unconstrained in LPF and will be automatically placed
Warning: IO 'rvfi_ext_mhpmcounters[50]' is unconstrained in LPF and will be automatically placed
Warning: IO 'rvfi_ext_mhpmcounters[49]' is unconstrained in LPF and will be automatically placed
Warning: IO 'rvfi_ext_mhpmcounters[48]' is unconstrained in LPF and will be automatically placed
Warning: IO 'rvfi_ext_mhpmcounters[47]' is unconstrained in LPF and will be automatically placed
Warning: IO 'rvfi_ext_mhpmcounters[46]' is unconstrained in LPF and will be automatically placed
Warning: IO 'rvfi_ext_mhpmcounters[45]' is unconstrained in LPF and will be automatically placed
Warning: IO 'rvfi_ext_mhpmcounters[44]' is unconstrained in LPF and will be automatically placed
Warning: IO 'rvfi_ext_mhpmcounters[43]' is unconstrained in LPF and will be automatically placed
Warning: IO 'rvfi_ext_mhpmcounters[42]' is unconstrained in LPF and will be automatically placed
Warning: IO 'rvfi_ext_mhpmcounters[41]' is unconstrained in LPF and will be automatically placed
Warning: IO 'rvfi_ext_mhpmcounters[40]' is unconstrained in LPF and will be automatically placed
Warning: IO 'rvfi_ext_mhpmcounters[39]' is unconstrained in LPF and will be automatically placed
Warning: IO 'rvfi_ext_mhpmcounters[38]' is unconstrained in LPF and will be automatically placed
Warning: IO 'rvfi_ext_mhpmcounters[37]' is unconstrained in LPF and will be automatically placed
Warning: IO 'rvfi_ext_mhpmcounters[36]' is unconstrained in LPF and will be automatically placed
Warning: IO 'rvfi_ext_mhpmcounters[35]' is unconstrained in LPF and will be automatically placed
Warning: IO 'rvfi_ext_mhpmcounters[34]' is unconstrained in LPF and will be automatically placed
Warning: IO 'rvfi_ext_mhpmcounters[33]' is unconstrained in LPF and will be automatically placed
Warning: IO 'rvfi_ext_mhpmcounters[32]' is unconstrained in LPF and will be automatically placed
Warning: IO 'rvfi_ext_mhpmcounters[31]' is unconstrained in LPF and will be automatically placed
Warning: IO 'rvfi_ext_mhpmcounters[30]' is unconstrained in LPF and will be automatically placed
Warning: IO 'rvfi_ext_mhpmcounters[29]' is unconstrained in LPF and will be automatically placed
Warning: IO 'rvfi_ext_mhpmcounters[28]' is unconstrained in LPF and will be automatically placed
Warning: IO 'rvfi_ext_mhpmcounters[27]' is unconstrained in LPF and will be automatically placed
Warning: IO 'rvfi_ext_mhpmcounters[26]' is unconstrained in LPF and will be automatically placed
Warning: IO 'rvfi_ext_mhpmcounters[25]' is unconstrained in LPF and will be automatically placed
Warning: IO 'rvfi_ext_mhpmcounters[24]' is unconstrained in LPF and will be automatically placed
Warning: IO 'rvfi_ext_mhpmcounters[23]' is unconstrained in LPF and will be automatically placed
Warning: IO 'rvfi_ext_mhpmcounters[22]' is unconstrained in LPF and will be automatically placed
Warning: IO 'rvfi_ext_mhpmcounters[21]' is unconstrained in LPF and will be automatically placed
Warning: IO 'rvfi_ext_mhpmcounters[20]' is unconstrained in LPF and will be automatically placed
Warning: IO 'rvfi_ext_mhpmcounters[19]' is unconstrained in LPF and will be automatically placed
Warning: IO 'rvfi_ext_mhpmcounters[18]' is unconstrained in LPF and will be automatically placed
Warning: IO 'rvfi_ext_mhpmcounters[17]' is unconstrained in LPF and will be automatically placed
Warning: IO 'rvfi_ext_mhpmcounters[16]' is unconstrained in LPF and will be automatically placed
Warning: IO 'rvfi_ext_mhpmcounters[15]' is unconstrained in LPF and will be automatically placed
Warning: IO 'rvfi_ext_mhpmcounters[14]' is unconstrained in LPF and will be automatically placed
Warning: IO 'rvfi_ext_mhpmcounters[13]' is unconstrained in LPF and will be automatically placed
Warning: IO 'rvfi_ext_mhpmcounters[12]' is unconstrained in LPF and will be automatically placed
Warning: IO 'rvfi_ext_mhpmcounters[11]' is unconstrained in LPF and will be automatically placed
Warning: IO 'rvfi_ext_mhpmcounters[10]' is unconstrained in LPF and will be automatically placed
Warning: IO 'rvfi_ext_mhpmcounters[9]' is unconstrained in LPF and will be automatically placed
Warning: IO 'rvfi_ext_mhpmcounters[8]' is unconstrained in LPF and will be automatically placed
Warning: IO 'rvfi_ext_mhpmcounters[7]' is unconstrained in LPF and will be automatically placed
Warning: IO 'rvfi_ext_mhpmcounters[6]' is unconstrained in LPF and will be automatically placed
Warning: IO 'rvfi_ext_mhpmcounters[5]' is unconstrained in LPF and will be automatically placed
Warning: IO 'rvfi_ext_mhpmcounters[4]' is unconstrained in LPF and will be automatically placed
Warning: IO 'rvfi_ext_mhpmcounters[3]' is unconstrained in LPF and will be automatically placed
Warning: IO 'rvfi_ext_mhpmcounters[2]' is unconstrained in LPF and will be automatically placed
Warning: IO 'rvfi_ext_mhpmcounters[1]' is unconstrained in LPF and will be automatically placed
Warning: IO 'rvfi_ext_mhpmcounters[0]' is unconstrained in LPF and will be automatically placed
Warning: IO 'rvfi_ext_mcycle[63]' is unconstrained in LPF and will be automatically placed
Warning: IO 'rvfi_ext_mcycle[62]' is unconstrained in LPF and will be automatically placed
Warning: IO 'rvfi_ext_mcycle[61]' is unconstrained in LPF and will be automatically placed
Warning: IO 'rvfi_ext_mcycle[60]' is unconstrained in LPF and will be automatically placed
Warning: IO 'rvfi_ext_mcycle[59]' is unconstrained in LPF and will be automatically placed
Warning: IO 'rvfi_ext_mcycle[58]' is unconstrained in LPF and will be automatically placed
Warning: IO 'rvfi_ext_mcycle[57]' is unconstrained in LPF and will be automatically placed
Warning: IO 'rvfi_ext_mcycle[56]' is unconstrained in LPF and will be automatically placed
Warning: IO 'rvfi_ext_mcycle[55]' is unconstrained in LPF and will be automatically placed
Warning: IO 'rvfi_ext_mcycle[54]' is unconstrained in LPF and will be automatically placed
Warning: IO 'rvfi_ext_mcycle[53]' is unconstrained in LPF and will be automatically placed
Warning: IO 'rvfi_ext_mcycle[52]' is unconstrained in LPF and will be automatically placed
Warning: IO 'rvfi_ext_mcycle[51]' is unconstrained in LPF and will be automatically placed
Warning: IO 'rvfi_ext_mcycle[50]' is unconstrained in LPF and will be automatically placed
Warning: IO 'rvfi_ext_mcycle[49]' is unconstrained in LPF and will be automatically placed
Warning: IO 'rvfi_ext_mcycle[48]' is unconstrained in LPF and will be automatically placed
Warning: IO 'rvfi_ext_mcycle[47]' is unconstrained in LPF and will be automatically placed
Warning: IO 'rvfi_ext_mcycle[46]' is unconstrained in LPF and will be automatically placed
Warning: IO 'rvfi_ext_mcycle[45]' is unconstrained in LPF and will be automatically placed
Warning: IO 'rvfi_ext_mcycle[44]' is unconstrained in LPF and will be automatically placed
Warning: IO 'rvfi_ext_mcycle[43]' is unconstrained in LPF and will be automatically placed
Warning: IO 'rvfi_ext_mcycle[42]' is unconstrained in LPF and will be automatically placed
Warning: IO 'rvfi_ext_mcycle[41]' is unconstrained in LPF and will be automatically placed
Warning: IO 'rvfi_ext_mcycle[40]' is unconstrained in LPF and will be automatically placed
Warning: IO 'rvfi_ext_mcycle[39]' is unconstrained in LPF and will be automatically placed
Warning: IO 'rvfi_ext_mcycle[38]' is unconstrained in LPF and will be automatically placed
Warning: IO 'rvfi_ext_mcycle[37]' is unconstrained in LPF and will be automatically placed
Warning: IO 'rvfi_ext_mcycle[36]' is unconstrained in LPF and will be automatically placed
Warning: IO 'rvfi_ext_mcycle[35]' is unconstrained in LPF and will be automatically placed
Warning: IO 'rvfi_ext_mcycle[34]' is unconstrained in LPF and will be automatically placed
Warning: IO 'rvfi_ext_mcycle[33]' is unconstrained in LPF and will be automatically placed
Warning: IO 'rvfi_ext_mcycle[32]' is unconstrained in LPF and will be automatically placed
Warning: IO 'rvfi_ext_mcycle[31]' is unconstrained in LPF and will be automatically placed
Warning: IO 'rvfi_ext_mcycle[30]' is unconstrained in LPF and will be automatically placed
Warning: IO 'rvfi_ext_mcycle[29]' is unconstrained in LPF and will be automatically placed
Warning: IO 'rvfi_ext_mcycle[28]' is unconstrained in LPF and will be automatically placed
Warning: IO 'rvfi_ext_mcycle[27]' is unconstrained in LPF and will be automatically placed
Warning: IO 'rvfi_ext_mcycle[26]' is unconstrained in LPF and will be automatically placed
Warning: IO 'rvfi_ext_mcycle[25]' is unconstrained in LPF and will be automatically placed
Warning: IO 'rvfi_ext_mcycle[24]' is unconstrained in LPF and will be automatically placed
Warning: IO 'rvfi_ext_mcycle[23]' is unconstrained in LPF and will be automatically placed
Warning: IO 'rvfi_ext_mcycle[22]' is unconstrained in LPF and will be automatically placed
Warning: IO 'rvfi_ext_mcycle[21]' is unconstrained in LPF and will be automatically placed
Warning: IO 'rvfi_ext_mcycle[20]' is unconstrained in LPF and will be automatically placed
Warning: IO 'rvfi_ext_mcycle[19]' is unconstrained in LPF and will be automatically placed
Warning: IO 'rvfi_ext_mcycle[18]' is unconstrained in LPF and will be automatically placed
Warning: IO 'rvfi_ext_mcycle[17]' is unconstrained in LPF and will be automatically placed
Warning: IO 'rvfi_ext_mcycle[16]' is unconstrained in LPF and will be automatically placed
Warning: IO 'rvfi_ext_mcycle[15]' is unconstrained in LPF and will be automatically placed
Warning: IO 'rvfi_ext_mcycle[14]' is unconstrained in LPF and will be automatically placed
Warning: IO 'rvfi_ext_mcycle[13]' is unconstrained in LPF and will be automatically placed
Warning: IO 'rvfi_ext_mcycle[12]' is unconstrained in LPF and will be automatically placed
Warning: IO 'rvfi_ext_mcycle[11]' is unconstrained in LPF and will be automatically placed
Warning: IO 'rvfi_ext_mcycle[10]' is unconstrained in LPF and will be automatically placed
Warning: IO 'rvfi_ext_mcycle[9]' is unconstrained in LPF and will be automatically placed
Warning: IO 'rvfi_ext_mcycle[8]' is unconstrained in LPF and will be automatically placed
Warning: IO 'rvfi_ext_mcycle[7]' is unconstrained in LPF and will be automatically placed
Warning: IO 'rvfi_ext_mcycle[6]' is unconstrained in LPF and will be automatically placed
Warning: IO 'rvfi_ext_mcycle[5]' is unconstrained in LPF and will be automatically placed
Warning: IO 'rvfi_ext_mcycle[4]' is unconstrained in LPF and will be automatically placed
Warning: IO 'rvfi_ext_mcycle[3]' is unconstrained in LPF and will be automatically placed
Warning: IO 'rvfi_ext_mcycle[2]' is unconstrained in LPF and will be automatically placed
Warning: IO 'rvfi_ext_mcycle[1]' is unconstrained in LPF and will be automatically placed
Warning: IO 'rvfi_ext_mcycle[0]' is unconstrained in LPF and will be automatically placed
Warning: IO 'rvfi_ext_irq_valid' is unconstrained in LPF and will be automatically placed
Warning: IO 'rvfi_ext_ic_scr_key_valid' is unconstrained in LPF and will be automatically placed
Warning: IO 'rvfi_ext_expanded_insn_valid' is unconstrained in LPF and will be automatically placed
Warning: IO 'rvfi_ext_expanded_insn_last' is unconstrained in LPF and will be automatically placed
Warning: IO 'rvfi_ext_expanded_insn[15]' is unconstrained in LPF and will be automatically placed
Warning: IO 'rvfi_ext_expanded_insn[14]' is unconstrained in LPF and will be automatically placed
Warning: IO 'rvfi_ext_expanded_insn[13]' is unconstrained in LPF and will be automatically placed
Warning: IO 'rvfi_ext_expanded_insn[12]' is unconstrained in LPF and will be automatically placed
Warning: IO 'rvfi_ext_expanded_insn[11]' is unconstrained in LPF and will be automatically placed
Warning: IO 'rvfi_ext_expanded_insn[10]' is unconstrained in LPF and will be automatically placed
Warning: IO 'rvfi_ext_expanded_insn[9]' is unconstrained in LPF and will be automatically placed
Warning: IO 'rvfi_ext_expanded_insn[8]' is unconstrained in LPF and will be automatically placed
Warning: IO 'rvfi_ext_expanded_insn[7]' is unconstrained in LPF and will be automatically placed
Warning: IO 'rvfi_ext_expanded_insn[6]' is unconstrained in LPF and will be automatically placed
Warning: IO 'rvfi_ext_expanded_insn[5]' is unconstrained in LPF and will be automatically placed
Warning: IO 'rvfi_ext_expanded_insn[4]' is unconstrained in LPF and will be automatically placed
Warning: IO 'rvfi_ext_expanded_insn[3]' is unconstrained in LPF and will be automatically placed
Warning: IO 'rvfi_ext_expanded_insn[2]' is unconstrained in LPF and will be automatically placed
Warning: IO 'rvfi_ext_expanded_insn[1]' is unconstrained in LPF and will be automatically placed
Warning: IO 'rvfi_ext_expanded_insn[0]' is unconstrained in LPF and will be automatically placed
Warning: IO 'rvfi_ext_debug_req' is unconstrained in LPF and will be automatically placed
Warning: IO 'rvfi_ext_debug_mode' is unconstrained in LPF and will be automatically placed
Warning: IO 'rst_ni' is unconstrained in LPF and will be automatically placed
Warning: IO 'ram_cfg_rsp_icache_tag_o[1]' is unconstrained in LPF and will be automatically placed
Warning: IO 'ram_cfg_rsp_icache_tag_o[0]' is unconstrained in LPF and will be automatically placed
Warning: IO 'ram_cfg_rsp_icache_data_o[1]' is unconstrained in LPF and will be automatically placed
Warning: IO 'ram_cfg_rsp_icache_data_o[0]' is unconstrained in LPF and will be automatically placed
Warning: IO 'ram_cfg_icache_tag_i[11]' is unconstrained in LPF and will be automatically placed
Warning: IO 'ram_cfg_icache_tag_i[10]' is unconstrained in LPF and will be automatically placed
Warning: IO 'ram_cfg_icache_tag_i[9]' is unconstrained in LPF and will be automatically placed
Warning: IO 'ram_cfg_icache_tag_i[8]' is unconstrained in LPF and will be automatically placed
Warning: IO 'ram_cfg_icache_tag_i[7]' is unconstrained in LPF and will be automatically placed
Warning: IO 'ram_cfg_icache_tag_i[6]' is unconstrained in LPF and will be automatically placed
Warning: IO 'ram_cfg_icache_tag_i[5]' is unconstrained in LPF and will be automatically placed
Warning: IO 'ram_cfg_icache_tag_i[4]' is unconstrained in LPF and will be automatically placed
Warning: IO 'ram_cfg_icache_tag_i[3]' is unconstrained in LPF and will be automatically placed
Warning: IO 'ram_cfg_icache_tag_i[2]' is unconstrained in LPF and will be automatically placed
Warning: IO 'ram_cfg_icache_tag_i[1]' is unconstrained in LPF and will be automatically placed
Warning: IO 'ram_cfg_icache_tag_i[0]' is unconstrained in LPF and will be automatically placed
Warning: IO 'ram_cfg_icache_data_i[11]' is unconstrained in LPF and will be automatically placed
Warning: IO 'ram_cfg_icache_data_i[10]' is unconstrained in LPF and will be automatically placed
Warning: IO 'ram_cfg_icache_data_i[9]' is unconstrained in LPF and will be automatically placed
Warning: IO 'ram_cfg_icache_data_i[8]' is unconstrained in LPF and will be automatically placed
Warning: IO 'ram_cfg_icache_data_i[7]' is unconstrained in LPF and will be automatically placed
Warning: IO 'ram_cfg_icache_data_i[6]' is unconstrained in LPF and will be automatically placed
Warning: IO 'ram_cfg_icache_data_i[5]' is unconstrained in LPF and will be automatically placed
Warning: IO 'ram_cfg_icache_data_i[4]' is unconstrained in LPF and will be automatically placed
Warning: IO 'ram_cfg_icache_data_i[3]' is unconstrained in LPF and will be automatically placed
Warning: IO 'ram_cfg_icache_data_i[2]' is unconstrained in LPF and will be automatically placed
Warning: IO 'ram_cfg_icache_data_i[1]' is unconstrained in LPF and will be automatically placed
Warning: IO 'ram_cfg_icache_data_i[0]' is unconstrained in LPF and will be automatically placed
Warning: IO 'lockstep_cmp_en_o[3]' is unconstrained in LPF and will be automatically placed
Warning: IO 'lockstep_cmp_en_o[2]' is unconstrained in LPF and will be automatically placed
Warning: IO 'lockstep_cmp_en_o[1]' is unconstrained in LPF and will be automatically placed
Warning: IO 'lockstep_cmp_en_o[0]' is unconstrained in LPF and will be automatically placed
Warning: IO 'irq_timer_i' is unconstrained in LPF and will be automatically placed
Warning: IO 'irq_software_i' is unconstrained in LPF and will be automatically placed
Warning: IO 'irq_nm_i' is unconstrained in LPF and will be automatically placed
Warning: IO 'irq_fast_i[14]' is unconstrained in LPF and will be automatically placed
Warning: IO 'irq_fast_i[13]' is unconstrained in LPF and will be automatically placed
Warning: IO 'irq_fast_i[12]' is unconstrained in LPF and will be automatically placed
Warning: IO 'irq_fast_i[11]' is unconstrained in LPF and will be automatically placed
Warning: IO 'irq_fast_i[10]' is unconstrained in LPF and will be automatically placed
Warning: IO 'irq_fast_i[9]' is unconstrained in LPF and will be automatically placed
Warning: IO 'irq_fast_i[8]' is unconstrained in LPF and will be automatically placed
Warning: IO 'irq_fast_i[7]' is unconstrained in LPF and will be automatically placed
Warning: IO 'irq_fast_i[6]' is unconstrained in LPF and will be automatically placed
Warning: IO 'irq_fast_i[5]' is unconstrained in LPF and will be automatically placed
Warning: IO 'irq_fast_i[4]' is unconstrained in LPF and will be automatically placed
Warning: IO 'irq_fast_i[3]' is unconstrained in LPF and will be automatically placed
Warning: IO 'irq_fast_i[2]' is unconstrained in LPF and will be automatically placed
Warning: IO 'irq_fast_i[1]' is unconstrained in LPF and will be automatically placed
Warning: IO 'irq_fast_i[0]' is unconstrained in LPF and will be automatically placed
Warning: IO 'irq_external_i' is unconstrained in LPF and will be automatically placed
Warning: IO 'instr_rvalid_i' is unconstrained in LPF and will be automatically placed
Warning: IO 'instr_req_shadow_o' is unconstrained in LPF and will be automatically placed
Warning: IO 'instr_req_o' is unconstrained in LPF and will be automatically placed
Warning: IO 'instr_rdata_intg_i[6]' is unconstrained in LPF and will be automatically placed
Warning: IO 'instr_rdata_intg_i[5]' is unconstrained in LPF and will be automatically placed
Warning: IO 'instr_rdata_intg_i[4]' is unconstrained in LPF and will be automatically placed
Warning: IO 'instr_rdata_intg_i[3]' is unconstrained in LPF and will be automatically placed
Warning: IO 'instr_rdata_intg_i[2]' is unconstrained in LPF and will be automatically placed
Warning: IO 'instr_rdata_intg_i[1]' is unconstrained in LPF and will be automatically placed
Warning: IO 'instr_rdata_intg_i[0]' is unconstrained in LPF and will be automatically placed
Warning: IO 'instr_rdata_i[31]' is unconstrained in LPF and will be automatically placed
Warning: IO 'instr_rdata_i[30]' is unconstrained in LPF and will be automatically placed
Warning: IO 'instr_rdata_i[29]' is unconstrained in LPF and will be automatically placed
Warning: IO 'instr_rdata_i[28]' is unconstrained in LPF and will be automatically placed
Warning: IO 'instr_rdata_i[27]' is unconstrained in LPF and will be automatically placed
Warning: IO 'instr_rdata_i[26]' is unconstrained in LPF and will be automatically placed
Warning: IO 'instr_rdata_i[25]' is unconstrained in LPF and will be automatically placed
Warning: IO 'instr_rdata_i[24]' is unconstrained in LPF and will be automatically placed
Warning: IO 'instr_rdata_i[23]' is unconstrained in LPF and will be automatically placed
Warning: IO 'instr_rdata_i[22]' is unconstrained in LPF and will be automatically placed
Warning: IO 'instr_rdata_i[21]' is unconstrained in LPF and will be automatically placed
Warning: IO 'instr_rdata_i[20]' is unconstrained in LPF and will be automatically placed
Warning: IO 'instr_rdata_i[19]' is unconstrained in LPF and will be automatically placed
Warning: IO 'instr_rdata_i[18]' is unconstrained in LPF and will be automatically placed
Warning: IO 'instr_rdata_i[17]' is unconstrained in LPF and will be automatically placed
Warning: IO 'instr_rdata_i[16]' is unconstrained in LPF and will be automatically placed
Warning: IO 'instr_rdata_i[15]' is unconstrained in LPF and will be automatically placed
Warning: IO 'instr_rdata_i[14]' is unconstrained in LPF and will be automatically placed
Warning: IO 'instr_rdata_i[13]' is unconstrained in LPF and will be automatically placed
Warning: IO 'instr_rdata_i[12]' is unconstrained in LPF and will be automatically placed
Warning: IO 'instr_rdata_i[11]' is unconstrained in LPF and will be automatically placed
Warning: IO 'instr_rdata_i[10]' is unconstrained in LPF and will be automatically placed
Warning: IO 'instr_rdata_i[9]' is unconstrained in LPF and will be automatically placed
Warning: IO 'instr_rdata_i[8]' is unconstrained in LPF and will be automatically placed
Warning: IO 'instr_rdata_i[7]' is unconstrained in LPF and will be automatically placed
Warning: IO 'instr_rdata_i[6]' is unconstrained in LPF and will be automatically placed
Warning: IO 'instr_rdata_i[5]' is unconstrained in LPF and will be automatically placed
Warning: IO 'instr_rdata_i[4]' is unconstrained in LPF and will be automatically placed
Warning: IO 'instr_rdata_i[3]' is unconstrained in LPF and will be automatically placed
Warning: IO 'instr_rdata_i[2]' is unconstrained in LPF and will be automatically placed
Warning: IO 'instr_rdata_i[1]' is unconstrained in LPF and will be automatically placed
Warning: IO 'instr_rdata_i[0]' is unconstrained in LPF and will be automatically placed
Warning: IO 'instr_gnt_i' is unconstrained in LPF and will be automatically placed
Warning: IO 'instr_err_i' is unconstrained in LPF and will be automatically placed
Warning: IO 'instr_addr_shadow_o[31]' is unconstrained in LPF and will be automatically placed
Warning: IO 'instr_addr_shadow_o[30]' is unconstrained in LPF and will be automatically placed
Warning: IO 'instr_addr_shadow_o[29]' is unconstrained in LPF and will be automatically placed
Warning: IO 'instr_addr_shadow_o[28]' is unconstrained in LPF and will be automatically placed
Warning: IO 'instr_addr_shadow_o[27]' is unconstrained in LPF and will be automatically placed
Warning: IO 'instr_addr_shadow_o[26]' is unconstrained in LPF and will be automatically placed
Warning: IO 'instr_addr_shadow_o[25]' is unconstrained in LPF and will be automatically placed
Warning: IO 'instr_addr_shadow_o[24]' is unconstrained in LPF and will be automatically placed
Warning: IO 'instr_addr_shadow_o[23]' is unconstrained in LPF and will be automatically placed
Warning: IO 'instr_addr_shadow_o[22]' is unconstrained in LPF and will be automatically placed
Warning: IO 'instr_addr_shadow_o[21]' is unconstrained in LPF and will be automatically placed
Warning: IO 'instr_addr_shadow_o[20]' is unconstrained in LPF and will be automatically placed
Warning: IO 'instr_addr_shadow_o[19]' is unconstrained in LPF and will be automatically placed
Warning: IO 'instr_addr_shadow_o[18]' is unconstrained in LPF and will be automatically placed
Warning: IO 'instr_addr_shadow_o[17]' is unconstrained in LPF and will be automatically placed
Warning: IO 'instr_addr_shadow_o[16]' is unconstrained in LPF and will be automatically placed
Warning: IO 'instr_addr_shadow_o[15]' is unconstrained in LPF and will be automatically placed
Warning: IO 'instr_addr_shadow_o[14]' is unconstrained in LPF and will be automatically placed
Warning: IO 'instr_addr_shadow_o[13]' is unconstrained in LPF and will be automatically placed
Warning: IO 'instr_addr_shadow_o[12]' is unconstrained in LPF and will be automatically placed
Warning: IO 'instr_addr_shadow_o[11]' is unconstrained in LPF and will be automatically placed
Warning: IO 'instr_addr_shadow_o[10]' is unconstrained in LPF and will be automatically placed
Warning: IO 'instr_addr_shadow_o[9]' is unconstrained in LPF and will be automatically placed
Warning: IO 'instr_addr_shadow_o[8]' is unconstrained in LPF and will be automatically placed
Warning: IO 'instr_addr_shadow_o[7]' is unconstrained in LPF and will be automatically placed
Warning: IO 'instr_addr_shadow_o[6]' is unconstrained in LPF and will be automatically placed
Warning: IO 'instr_addr_shadow_o[5]' is unconstrained in LPF and will be automatically placed
Warning: IO 'instr_addr_shadow_o[4]' is unconstrained in LPF and will be automatically placed
Warning: IO 'instr_addr_shadow_o[3]' is unconstrained in LPF and will be automatically placed
Warning: IO 'instr_addr_shadow_o[2]' is unconstrained in LPF and will be automatically placed
Warning: IO 'instr_addr_shadow_o[1]' is unconstrained in LPF and will be automatically placed
Warning: IO 'instr_addr_shadow_o[0]' is unconstrained in LPF and will be automatically placed
Warning: IO 'instr_addr_o[31]' is unconstrained in LPF and will be automatically placed
Warning: IO 'instr_addr_o[30]' is unconstrained in LPF and will be automatically placed
Warning: IO 'instr_addr_o[29]' is unconstrained in LPF and will be automatically placed
Warning: IO 'instr_addr_o[28]' is unconstrained in LPF and will be automatically placed
Warning: IO 'instr_addr_o[27]' is unconstrained in LPF and will be automatically placed
Warning: IO 'instr_addr_o[26]' is unconstrained in LPF and will be automatically placed
Warning: IO 'instr_addr_o[25]' is unconstrained in LPF and will be automatically placed
Warning: IO 'instr_addr_o[24]' is unconstrained in LPF and will be automatically placed
Warning: IO 'instr_addr_o[23]' is unconstrained in LPF and will be automatically placed
Warning: IO 'instr_addr_o[22]' is unconstrained in LPF and will be automatically placed
Warning: IO 'instr_addr_o[21]' is unconstrained in LPF and will be automatically placed
Warning: IO 'instr_addr_o[20]' is unconstrained in LPF and will be automatically placed
Warning: IO 'instr_addr_o[19]' is unconstrained in LPF and will be automatically placed
Warning: IO 'instr_addr_o[18]' is unconstrained in LPF and will be automatically placed
Warning: IO 'instr_addr_o[17]' is unconstrained in LPF and will be automatically placed
Warning: IO 'instr_addr_o[16]' is unconstrained in LPF and will be automatically placed
Warning: IO 'instr_addr_o[15]' is unconstrained in LPF and will be automatically placed
Warning: IO 'instr_addr_o[14]' is unconstrained in LPF and will be automatically placed
Warning: IO 'instr_addr_o[13]' is unconstrained in LPF and will be automatically placed
Warning: IO 'instr_addr_o[12]' is unconstrained in LPF and will be automatically placed
Warning: IO 'instr_addr_o[11]' is unconstrained in LPF and will be automatically placed
Warning: IO 'instr_addr_o[10]' is unconstrained in LPF and will be automatically placed
Warning: IO 'instr_addr_o[9]' is unconstrained in LPF and will be automatically placed
Warning: IO 'instr_addr_o[8]' is unconstrained in LPF and will be automatically placed
Warning: IO 'instr_addr_o[7]' is unconstrained in LPF and will be automatically placed
Warning: IO 'instr_addr_o[6]' is unconstrained in LPF and will be automatically placed
Warning: IO 'instr_addr_o[5]' is unconstrained in LPF and will be automatically placed
Warning: IO 'instr_addr_o[4]' is unconstrained in LPF and will be automatically placed
Warning: IO 'instr_addr_o[3]' is unconstrained in LPF and will be automatically placed
Warning: IO 'instr_addr_o[2]' is unconstrained in LPF and will be automatically placed
Warning: IO 'instr_addr_o[1]' is unconstrained in LPF and will be automatically placed
Warning: IO 'instr_addr_o[0]' is unconstrained in LPF and will be automatically placed
Warning: IO 'hart_id_i[31]' is unconstrained in LPF and will be automatically placed
Warning: IO 'hart_id_i[30]' is unconstrained in LPF and will be automatically placed
Warning: IO 'hart_id_i[29]' is unconstrained in LPF and will be automatically placed
Warning: IO 'hart_id_i[28]' is unconstrained in LPF and will be automatically placed
Warning: IO 'hart_id_i[27]' is unconstrained in LPF and will be automatically placed
Warning: IO 'hart_id_i[26]' is unconstrained in LPF and will be automatically placed
Warning: IO 'hart_id_i[25]' is unconstrained in LPF and will be automatically placed
Warning: IO 'hart_id_i[24]' is unconstrained in LPF and will be automatically placed
Warning: IO 'hart_id_i[23]' is unconstrained in LPF and will be automatically placed
Warning: IO 'hart_id_i[22]' is unconstrained in LPF and will be automatically placed
Warning: IO 'hart_id_i[21]' is unconstrained in LPF and will be automatically placed
Warning: IO 'hart_id_i[20]' is unconstrained in LPF and will be automatically placed
Warning: IO 'hart_id_i[19]' is unconstrained in LPF and will be automatically placed
Warning: IO 'hart_id_i[18]' is unconstrained in LPF and will be automatically placed
Warning: IO 'hart_id_i[17]' is unconstrained in LPF and will be automatically placed
Warning: IO 'hart_id_i[16]' is unconstrained in LPF and will be automatically placed
Warning: IO 'hart_id_i[15]' is unconstrained in LPF and will be automatically placed
Warning: IO 'hart_id_i[14]' is unconstrained in LPF and will be automatically placed
Warning: IO 'hart_id_i[13]' is unconstrained in LPF and will be automatically placed
Warning: IO 'hart_id_i[12]' is unconstrained in LPF and will be automatically placed
Warning: IO 'hart_id_i[11]' is unconstrained in LPF and will be automatically placed
Warning: IO 'hart_id_i[10]' is unconstrained in LPF and will be automatically placed
Warning: IO 'hart_id_i[9]' is unconstrained in LPF and will be automatically placed
Warning: IO 'hart_id_i[8]' is unconstrained in LPF and will be automatically placed
Warning: IO 'hart_id_i[7]' is unconstrained in LPF and will be automatically placed
Warning: IO 'hart_id_i[6]' is unconstrained in LPF and will be automatically placed
Warning: IO 'hart_id_i[5]' is unconstrained in LPF and will be automatically placed
Warning: IO 'hart_id_i[4]' is unconstrained in LPF and will be automatically placed
Warning: IO 'hart_id_i[3]' is unconstrained in LPF and will be automatically placed
Warning: IO 'hart_id_i[2]' is unconstrained in LPF and will be automatically placed
Warning: IO 'hart_id_i[1]' is unconstrained in LPF and will be automatically placed
Warning: IO 'hart_id_i[0]' is unconstrained in LPF and will be automatically placed
Warning: IO 'fetch_enable_i[3]' is unconstrained in LPF and will be automatically placed
Warning: IO 'fetch_enable_i[2]' is unconstrained in LPF and will be automatically placed
Warning: IO 'fetch_enable_i[1]' is unconstrained in LPF and will be automatically placed
Warning: IO 'fetch_enable_i[0]' is unconstrained in LPF and will be automatically placed
Warning: IO 'double_fault_seen_o' is unconstrained in LPF and will be automatically placed
Warning: IO 'debug_req_i' is unconstrained in LPF and will be automatically placed
Warning: IO 'data_we_shadow_o' is unconstrained in LPF and will be automatically placed
Warning: IO 'data_we_o' is unconstrained in LPF and will be automatically placed
Warning: IO 'data_wdata_shadow_o[31]' is unconstrained in LPF and will be automatically placed
Warning: IO 'data_wdata_shadow_o[30]' is unconstrained in LPF and will be automatically placed
Warning: IO 'data_wdata_shadow_o[29]' is unconstrained in LPF and will be automatically placed
Warning: IO 'data_wdata_shadow_o[28]' is unconstrained in LPF and will be automatically placed
Warning: IO 'data_wdata_shadow_o[27]' is unconstrained in LPF and will be automatically placed
Warning: IO 'data_wdata_shadow_o[26]' is unconstrained in LPF and will be automatically placed
Warning: IO 'data_wdata_shadow_o[25]' is unconstrained in LPF and will be automatically placed
Warning: IO 'data_wdata_shadow_o[24]' is unconstrained in LPF and will be automatically placed
Warning: IO 'data_wdata_shadow_o[23]' is unconstrained in LPF and will be automatically placed
Warning: IO 'data_wdata_shadow_o[22]' is unconstrained in LPF and will be automatically placed
Warning: IO 'data_wdata_shadow_o[21]' is unconstrained in LPF and will be automatically placed
Warning: IO 'data_wdata_shadow_o[20]' is unconstrained in LPF and will be automatically placed
Warning: IO 'data_wdata_shadow_o[19]' is unconstrained in LPF and will be automatically placed
Warning: IO 'data_wdata_shadow_o[18]' is unconstrained in LPF and will be automatically placed
Warning: IO 'data_wdata_shadow_o[17]' is unconstrained in LPF and will be automatically placed
Warning: IO 'data_wdata_shadow_o[16]' is unconstrained in LPF and will be automatically placed
Warning: IO 'data_wdata_shadow_o[15]' is unconstrained in LPF and will be automatically placed
Warning: IO 'data_wdata_shadow_o[14]' is unconstrained in LPF and will be automatically placed
Warning: IO 'data_wdata_shadow_o[13]' is unconstrained in LPF and will be automatically placed
Warning: IO 'data_wdata_shadow_o[12]' is unconstrained in LPF and will be automatically placed
Warning: IO 'data_wdata_shadow_o[11]' is unconstrained in LPF and will be automatically placed
Warning: IO 'data_wdata_shadow_o[10]' is unconstrained in LPF and will be automatically placed
Warning: IO 'data_wdata_shadow_o[9]' is unconstrained in LPF and will be automatically placed
Warning: IO 'data_wdata_shadow_o[8]' is unconstrained in LPF and will be automatically placed
Warning: IO 'data_wdata_shadow_o[7]' is unconstrained in LPF and will be automatically placed
Warning: IO 'data_wdata_shadow_o[6]' is unconstrained in LPF and will be automatically placed
Warning: IO 'data_wdata_shadow_o[5]' is unconstrained in LPF and will be automatically placed
Warning: IO 'data_wdata_shadow_o[4]' is unconstrained in LPF and will be automatically placed
Warning: IO 'data_wdata_shadow_o[3]' is unconstrained in LPF and will be automatically placed
Warning: IO 'data_wdata_shadow_o[2]' is unconstrained in LPF and will be automatically placed
Warning: IO 'data_wdata_shadow_o[1]' is unconstrained in LPF and will be automatically placed
Warning: IO 'data_wdata_shadow_o[0]' is unconstrained in LPF and will be automatically placed
Warning: IO 'data_wdata_o[31]' is unconstrained in LPF and will be automatically placed
Warning: IO 'data_wdata_o[30]' is unconstrained in LPF and will be automatically placed
Warning: IO 'data_wdata_o[29]' is unconstrained in LPF and will be automatically placed
Warning: IO 'data_wdata_o[28]' is unconstrained in LPF and will be automatically placed
Warning: IO 'data_wdata_o[27]' is unconstrained in LPF and will be automatically placed
Warning: IO 'data_wdata_o[26]' is unconstrained in LPF and will be automatically placed
Warning: IO 'data_wdata_o[25]' is unconstrained in LPF and will be automatically placed
Warning: IO 'data_wdata_o[24]' is unconstrained in LPF and will be automatically placed
Warning: IO 'data_wdata_o[23]' is unconstrained in LPF and will be automatically placed
Warning: IO 'data_wdata_o[22]' is unconstrained in LPF and will be automatically placed
Warning: IO 'data_wdata_o[21]' is unconstrained in LPF and will be automatically placed
Warning: IO 'data_wdata_o[20]' is unconstrained in LPF and will be automatically placed
Warning: IO 'data_wdata_o[19]' is unconstrained in LPF and will be automatically placed
Warning: IO 'data_wdata_o[18]' is unconstrained in LPF and will be automatically placed
Warning: IO 'data_wdata_o[17]' is unconstrained in LPF and will be automatically placed
Warning: IO 'data_wdata_o[16]' is unconstrained in LPF and will be automatically placed
Warning: IO 'data_wdata_o[15]' is unconstrained in LPF and will be automatically placed
Warning: IO 'data_wdata_o[14]' is unconstrained in LPF and will be automatically placed
Warning: IO 'data_wdata_o[13]' is unconstrained in LPF and will be automatically placed
Warning: IO 'data_wdata_o[12]' is unconstrained in LPF and will be automatically placed
Warning: IO 'data_wdata_o[11]' is unconstrained in LPF and will be automatically placed
Warning: IO 'data_wdata_o[10]' is unconstrained in LPF and will be automatically placed
Warning: IO 'data_wdata_o[9]' is unconstrained in LPF and will be automatically placed
Warning: IO 'data_wdata_o[8]' is unconstrained in LPF and will be automatically placed
Warning: IO 'data_wdata_o[7]' is unconstrained in LPF and will be automatically placed
Warning: IO 'data_wdata_o[6]' is unconstrained in LPF and will be automatically placed
Warning: IO 'data_wdata_o[5]' is unconstrained in LPF and will be automatically placed
Warning: IO 'data_wdata_o[4]' is unconstrained in LPF and will be automatically placed
Warning: IO 'data_wdata_o[3]' is unconstrained in LPF and will be automatically placed
Warning: IO 'data_wdata_o[2]' is unconstrained in LPF and will be automatically placed
Warning: IO 'data_wdata_o[1]' is unconstrained in LPF and will be automatically placed
Warning: IO 'data_wdata_o[0]' is unconstrained in LPF and will be automatically placed
Warning: IO 'data_wdata_intg_shadow_o[6]' is unconstrained in LPF and will be automatically placed
Warning: IO 'data_wdata_intg_shadow_o[5]' is unconstrained in LPF and will be automatically placed
Warning: IO 'data_wdata_intg_shadow_o[4]' is unconstrained in LPF and will be automatically placed
Warning: IO 'data_wdata_intg_shadow_o[3]' is unconstrained in LPF and will be automatically placed
Warning: IO 'data_wdata_intg_shadow_o[2]' is unconstrained in LPF and will be automatically placed
Warning: IO 'data_wdata_intg_shadow_o[1]' is unconstrained in LPF and will be automatically placed
Warning: IO 'data_wdata_intg_shadow_o[0]' is unconstrained in LPF and will be automatically placed
Warning: IO 'data_wdata_intg_o[6]' is unconstrained in LPF and will be automatically placed
Warning: IO 'data_wdata_intg_o[5]' is unconstrained in LPF and will be automatically placed
Warning: IO 'data_wdata_intg_o[4]' is unconstrained in LPF and will be automatically placed
Warning: IO 'data_wdata_intg_o[3]' is unconstrained in LPF and will be automatically placed
Warning: IO 'data_wdata_intg_o[2]' is unconstrained in LPF and will be automatically placed
Warning: IO 'data_wdata_intg_o[1]' is unconstrained in LPF and will be automatically placed
Warning: IO 'data_wdata_intg_o[0]' is unconstrained in LPF and will be automatically placed
Warning: IO 'data_rvalid_i' is unconstrained in LPF and will be automatically placed
Warning: IO 'data_req_shadow_o' is unconstrained in LPF and will be automatically placed
Warning: IO 'data_req_o' is unconstrained in LPF and will be automatically placed
Warning: IO 'data_rdata_intg_i[6]' is unconstrained in LPF and will be automatically placed
Warning: IO 'data_rdata_intg_i[5]' is unconstrained in LPF and will be automatically placed
Warning: IO 'data_rdata_intg_i[4]' is unconstrained in LPF and will be automatically placed
Warning: IO 'data_rdata_intg_i[3]' is unconstrained in LPF and will be automatically placed
Warning: IO 'data_rdata_intg_i[2]' is unconstrained in LPF and will be automatically placed
Warning: IO 'data_rdata_intg_i[1]' is unconstrained in LPF and will be automatically placed
Warning: IO 'data_rdata_intg_i[0]' is unconstrained in LPF and will be automatically placed
Warning: IO 'data_rdata_i[31]' is unconstrained in LPF and will be automatically placed
Warning: IO 'data_rdata_i[30]' is unconstrained in LPF and will be automatically placed
Warning: IO 'data_rdata_i[29]' is unconstrained in LPF and will be automatically placed
Warning: IO 'data_rdata_i[28]' is unconstrained in LPF and will be automatically placed
Warning: IO 'data_rdata_i[27]' is unconstrained in LPF and will be automatically placed
Warning: IO 'data_rdata_i[26]' is unconstrained in LPF and will be automatically placed
Warning: IO 'data_rdata_i[25]' is unconstrained in LPF and will be automatically placed
Warning: IO 'data_rdata_i[24]' is unconstrained in LPF and will be automatically placed
Warning: IO 'data_rdata_i[23]' is unconstrained in LPF and will be automatically placed
Warning: IO 'data_rdata_i[22]' is unconstrained in LPF and will be automatically placed
Warning: IO 'data_rdata_i[21]' is unconstrained in LPF and will be automatically placed
Warning: IO 'data_rdata_i[20]' is unconstrained in LPF and will be automatically placed
Warning: IO 'data_rdata_i[19]' is unconstrained in LPF and will be automatically placed
Warning: IO 'data_rdata_i[18]' is unconstrained in LPF and will be automatically placed
Warning: IO 'data_rdata_i[17]' is unconstrained in LPF and will be automatically placed
Warning: IO 'data_rdata_i[16]' is unconstrained in LPF and will be automatically placed
Warning: IO 'data_rdata_i[15]' is unconstrained in LPF and will be automatically placed
Warning: IO 'data_rdata_i[14]' is unconstrained in LPF and will be automatically placed
Warning: IO 'data_rdata_i[13]' is unconstrained in LPF and will be automatically placed
Warning: IO 'data_rdata_i[12]' is unconstrained in LPF and will be automatically placed
Warning: IO 'data_rdata_i[11]' is unconstrained in LPF and will be automatically placed
Warning: IO 'data_rdata_i[10]' is unconstrained in LPF and will be automatically placed
Warning: IO 'data_rdata_i[9]' is unconstrained in LPF and will be automatically placed
Warning: IO 'data_rdata_i[8]' is unconstrained in LPF and will be automatically placed
Warning: IO 'data_rdata_i[7]' is unconstrained in LPF and will be automatically placed
Warning: IO 'data_rdata_i[6]' is unconstrained in LPF and will be automatically placed
Warning: IO 'data_rdata_i[5]' is unconstrained in LPF and will be automatically placed
Warning: IO 'data_rdata_i[4]' is unconstrained in LPF and will be automatically placed
Warning: IO 'data_rdata_i[3]' is unconstrained in LPF and will be automatically placed
Warning: IO 'data_rdata_i[2]' is unconstrained in LPF and will be automatically placed
Warning: IO 'data_rdata_i[1]' is unconstrained in LPF and will be automatically placed
Warning: IO 'data_rdata_i[0]' is unconstrained in LPF and will be automatically placed
Warning: IO 'data_gnt_i' is unconstrained in LPF and will be automatically placed
Warning: IO 'data_err_i' is unconstrained in LPF and will be automatically placed
Warning: IO 'data_be_shadow_o[3]' is unconstrained in LPF and will be automatically placed
Warning: IO 'data_be_shadow_o[2]' is unconstrained in LPF and will be automatically placed
Warning: IO 'data_be_shadow_o[1]' is unconstrained in LPF and will be automatically placed
Warning: IO 'data_be_shadow_o[0]' is unconstrained in LPF and will be automatically placed
Warning: IO 'data_be_o[3]' is unconstrained in LPF and will be automatically placed
Warning: IO 'data_be_o[2]' is unconstrained in LPF and will be automatically placed
Warning: IO 'data_be_o[1]' is unconstrained in LPF and will be automatically placed
Warning: IO 'data_be_o[0]' is unconstrained in LPF and will be automatically placed
Warning: IO 'data_addr_shadow_o[31]' is unconstrained in LPF and will be automatically placed
Warning: IO 'data_addr_shadow_o[30]' is unconstrained in LPF and will be automatically placed
Warning: IO 'data_addr_shadow_o[29]' is unconstrained in LPF and will be automatically placed
Warning: IO 'data_addr_shadow_o[28]' is unconstrained in LPF and will be automatically placed
Warning: IO 'data_addr_shadow_o[27]' is unconstrained in LPF and will be automatically placed
Warning: IO 'data_addr_shadow_o[26]' is unconstrained in LPF and will be automatically placed
Warning: IO 'data_addr_shadow_o[25]' is unconstrained in LPF and will be automatically placed
Warning: IO 'data_addr_shadow_o[24]' is unconstrained in LPF and will be automatically placed
Warning: IO 'data_addr_shadow_o[23]' is unconstrained in LPF and will be automatically placed
Warning: IO 'data_addr_shadow_o[22]' is unconstrained in LPF and will be automatically placed
Warning: IO 'data_addr_shadow_o[21]' is unconstrained in LPF and will be automatically placed
Warning: IO 'data_addr_shadow_o[20]' is unconstrained in LPF and will be automatically placed
Warning: IO 'data_addr_shadow_o[19]' is unconstrained in LPF and will be automatically placed
Warning: IO 'data_addr_shadow_o[18]' is unconstrained in LPF and will be automatically placed
Warning: IO 'data_addr_shadow_o[17]' is unconstrained in LPF and will be automatically placed
Warning: IO 'data_addr_shadow_o[16]' is unconstrained in LPF and will be automatically placed
Warning: IO 'data_addr_shadow_o[15]' is unconstrained in LPF and will be automatically placed
Warning: IO 'data_addr_shadow_o[14]' is unconstrained in LPF and will be automatically placed
Warning: IO 'data_addr_shadow_o[13]' is unconstrained in LPF and will be automatically placed
Warning: IO 'data_addr_shadow_o[12]' is unconstrained in LPF and will be automatically placed
Warning: IO 'data_addr_shadow_o[11]' is unconstrained in LPF and will be automatically placed
Warning: IO 'data_addr_shadow_o[10]' is unconstrained in LPF and will be automatically placed
Warning: IO 'data_addr_shadow_o[9]' is unconstrained in LPF and will be automatically placed
Warning: IO 'data_addr_shadow_o[8]' is unconstrained in LPF and will be automatically placed
Warning: IO 'data_addr_shadow_o[7]' is unconstrained in LPF and will be automatically placed
Warning: IO 'data_addr_shadow_o[6]' is unconstrained in LPF and will be automatically placed
Warning: IO 'data_addr_shadow_o[5]' is unconstrained in LPF and will be automatically placed
Warning: IO 'data_addr_shadow_o[4]' is unconstrained in LPF and will be automatically placed
Warning: IO 'data_addr_shadow_o[3]' is unconstrained in LPF and will be automatically placed
Warning: IO 'data_addr_shadow_o[2]' is unconstrained in LPF and will be automatically placed
Warning: IO 'data_addr_shadow_o[1]' is unconstrained in LPF and will be automatically placed
Warning: IO 'data_addr_shadow_o[0]' is unconstrained in LPF and will be automatically placed
Warning: IO 'data_addr_o[31]' is unconstrained in LPF and will be automatically placed
Warning: IO 'data_addr_o[30]' is unconstrained in LPF and will be automatically placed
Warning: IO 'data_addr_o[29]' is unconstrained in LPF and will be automatically placed
Warning: IO 'data_addr_o[28]' is unconstrained in LPF and will be automatically placed
Warning: IO 'data_addr_o[27]' is unconstrained in LPF and will be automatically placed
Warning: IO 'data_addr_o[26]' is unconstrained in LPF and will be automatically placed
Warning: IO 'data_addr_o[25]' is unconstrained in LPF and will be automatically placed
Warning: IO 'data_addr_o[24]' is unconstrained in LPF and will be automatically placed
Warning: IO 'data_addr_o[23]' is unconstrained in LPF and will be automatically placed
Warning: IO 'data_addr_o[22]' is unconstrained in LPF and will be automatically placed
Warning: IO 'data_addr_o[21]' is unconstrained in LPF and will be automatically placed
Warning: IO 'data_addr_o[20]' is unconstrained in LPF and will be automatically placed
Warning: IO 'data_addr_o[19]' is unconstrained in LPF and will be automatically placed
Warning: IO 'data_addr_o[18]' is unconstrained in LPF and will be automatically placed
Warning: IO 'data_addr_o[17]' is unconstrained in LPF and will be automatically placed
Warning: IO 'data_addr_o[16]' is unconstrained in LPF and will be automatically placed
Warning: IO 'data_addr_o[15]' is unconstrained in LPF and will be automatically placed
Warning: IO 'data_addr_o[14]' is unconstrained in LPF and will be automatically placed
Warning: IO 'data_addr_o[13]' is unconstrained in LPF and will be automatically placed
Warning: IO 'data_addr_o[12]' is unconstrained in LPF and will be automatically placed
Warning: IO 'data_addr_o[11]' is unconstrained in LPF and will be automatically placed
Warning: IO 'data_addr_o[10]' is unconstrained in LPF and will be automatically placed
Warning: IO 'data_addr_o[9]' is unconstrained in LPF and will be automatically placed
Warning: IO 'data_addr_o[8]' is unconstrained in LPF and will be automatically placed
Warning: IO 'data_addr_o[7]' is unconstrained in LPF and will be automatically placed
Warning: IO 'data_addr_o[6]' is unconstrained in LPF and will be automatically placed
Warning: IO 'data_addr_o[5]' is unconstrained in LPF and will be automatically placed
Warning: IO 'data_addr_o[4]' is unconstrained in LPF and will be automatically placed
Warning: IO 'data_addr_o[3]' is unconstrained in LPF and will be automatically placed
Warning: IO 'data_addr_o[2]' is unconstrained in LPF and will be automatically placed
Warning: IO 'data_addr_o[1]' is unconstrained in LPF and will be automatically placed
Warning: IO 'data_addr_o[0]' is unconstrained in LPF and will be automatically placed
Warning: IO 'crash_dump_o[159]' is unconstrained in LPF and will be automatically placed
Warning: IO 'crash_dump_o[158]' is unconstrained in LPF and will be automatically placed
Warning: IO 'crash_dump_o[157]' is unconstrained in LPF and will be automatically placed
Warning: IO 'crash_dump_o[156]' is unconstrained in LPF and will be automatically placed
Warning: IO 'crash_dump_o[155]' is unconstrained in LPF and will be automatically placed
Warning: IO 'crash_dump_o[154]' is unconstrained in LPF and will be automatically placed
Warning: IO 'crash_dump_o[153]' is unconstrained in LPF and will be automatically placed
Warning: IO 'crash_dump_o[152]' is unconstrained in LPF and will be automatically placed
Warning: IO 'crash_dump_o[151]' is unconstrained in LPF and will be automatically placed
Warning: IO 'crash_dump_o[150]' is unconstrained in LPF and will be automatically placed
Warning: IO 'crash_dump_o[149]' is unconstrained in LPF and will be automatically placed
Warning: IO 'crash_dump_o[148]' is unconstrained in LPF and will be automatically placed
Warning: IO 'crash_dump_o[147]' is unconstrained in LPF and will be automatically placed
Warning: IO 'crash_dump_o[146]' is unconstrained in LPF and will be automatically placed
Warning: IO 'crash_dump_o[145]' is unconstrained in LPF and will be automatically placed
Warning: IO 'crash_dump_o[144]' is unconstrained in LPF and will be automatically placed
Warning: IO 'crash_dump_o[143]' is unconstrained in LPF and will be automatically placed
Warning: IO 'crash_dump_o[142]' is unconstrained in LPF and will be automatically placed
Warning: IO 'crash_dump_o[141]' is unconstrained in LPF and will be automatically placed
Warning: IO 'crash_dump_o[140]' is unconstrained in LPF and will be automatically placed
Warning: IO 'crash_dump_o[139]' is unconstrained in LPF and will be automatically placed
Warning: IO 'crash_dump_o[138]' is unconstrained in LPF and will be automatically placed
Warning: IO 'crash_dump_o[137]' is unconstrained in LPF and will be automatically placed
Warning: IO 'crash_dump_o[136]' is unconstrained in LPF and will be automatically placed
Warning: IO 'crash_dump_o[135]' is unconstrained in LPF and will be automatically placed
Warning: IO 'crash_dump_o[134]' is unconstrained in LPF and will be automatically placed
Warning: IO 'crash_dump_o[133]' is unconstrained in LPF and will be automatically placed
Warning: IO 'crash_dump_o[132]' is unconstrained in LPF and will be automatically placed
Warning: IO 'crash_dump_o[131]' is unconstrained in LPF and will be automatically placed
Warning: IO 'crash_dump_o[130]' is unconstrained in LPF and will be automatically placed
Warning: IO 'crash_dump_o[129]' is unconstrained in LPF and will be automatically placed
Warning: IO 'crash_dump_o[128]' is unconstrained in LPF and will be automatically placed
Warning: IO 'crash_dump_o[127]' is unconstrained in LPF and will be automatically placed
Warning: IO 'crash_dump_o[126]' is unconstrained in LPF and will be automatically placed
Warning: IO 'crash_dump_o[125]' is unconstrained in LPF and will be automatically placed
Warning: IO 'crash_dump_o[124]' is unconstrained in LPF and will be automatically placed
Warning: IO 'crash_dump_o[123]' is unconstrained in LPF and will be automatically placed
Warning: IO 'crash_dump_o[122]' is unconstrained in LPF and will be automatically placed
Warning: IO 'crash_dump_o[121]' is unconstrained in LPF and will be automatically placed
Warning: IO 'crash_dump_o[120]' is unconstrained in LPF and will be automatically placed
Warning: IO 'crash_dump_o[119]' is unconstrained in LPF and will be automatically placed
Warning: IO 'crash_dump_o[118]' is unconstrained in LPF and will be automatically placed
Warning: IO 'crash_dump_o[117]' is unconstrained in LPF and will be automatically placed
Warning: IO 'crash_dump_o[116]' is unconstrained in LPF and will be automatically placed
Warning: IO 'crash_dump_o[115]' is unconstrained in LPF and will be automatically placed
Warning: IO 'crash_dump_o[114]' is unconstrained in LPF and will be automatically placed
Warning: IO 'crash_dump_o[113]' is unconstrained in LPF and will be automatically placed
Warning: IO 'crash_dump_o[112]' is unconstrained in LPF and will be automatically placed
Warning: IO 'crash_dump_o[111]' is unconstrained in LPF and will be automatically placed
Warning: IO 'crash_dump_o[110]' is unconstrained in LPF and will be automatically placed
Warning: IO 'crash_dump_o[109]' is unconstrained in LPF and will be automatically placed
Warning: IO 'crash_dump_o[108]' is unconstrained in LPF and will be automatically placed
Warning: IO 'crash_dump_o[107]' is unconstrained in LPF and will be automatically placed
Warning: IO 'crash_dump_o[106]' is unconstrained in LPF and will be automatically placed
Warning: IO 'crash_dump_o[105]' is unconstrained in LPF and will be automatically placed
Warning: IO 'crash_dump_o[104]' is unconstrained in LPF and will be automatically placed
Warning: IO 'crash_dump_o[103]' is unconstrained in LPF and will be automatically placed
Warning: IO 'crash_dump_o[102]' is unconstrained in LPF and will be automatically placed
Warning: IO 'crash_dump_o[101]' is unconstrained in LPF and will be automatically placed
Warning: IO 'crash_dump_o[100]' is unconstrained in LPF and will be automatically placed
Warning: IO 'crash_dump_o[99]' is unconstrained in LPF and will be automatically placed
Warning: IO 'crash_dump_o[98]' is unconstrained in LPF and will be automatically placed
Warning: IO 'crash_dump_o[97]' is unconstrained in LPF and will be automatically placed
Warning: IO 'crash_dump_o[96]' is unconstrained in LPF and will be automatically placed
Warning: IO 'crash_dump_o[95]' is unconstrained in LPF and will be automatically placed
Warning: IO 'crash_dump_o[94]' is unconstrained in LPF and will be automatically placed
Warning: IO 'crash_dump_o[93]' is unconstrained in LPF and will be automatically placed
Warning: IO 'crash_dump_o[92]' is unconstrained in LPF and will be automatically placed
Warning: IO 'crash_dump_o[91]' is unconstrained in LPF and will be automatically placed
Warning: IO 'crash_dump_o[90]' is unconstrained in LPF and will be automatically placed
Warning: IO 'crash_dump_o[89]' is unconstrained in LPF and will be automatically placed
Warning: IO 'crash_dump_o[88]' is unconstrained in LPF and will be automatically placed
Warning: IO 'crash_dump_o[87]' is unconstrained in LPF and will be automatically placed
Warning: IO 'crash_dump_o[86]' is unconstrained in LPF and will be automatically placed
Warning: IO 'crash_dump_o[85]' is unconstrained in LPF and will be automatically placed
Warning: IO 'crash_dump_o[84]' is unconstrained in LPF and will be automatically placed
Warning: IO 'crash_dump_o[83]' is unconstrained in LPF and will be automatically placed
Warning: IO 'crash_dump_o[82]' is unconstrained in LPF and will be automatically placed
Warning: IO 'crash_dump_o[81]' is unconstrained in LPF and will be automatically placed
Warning: IO 'crash_dump_o[80]' is unconstrained in LPF and will be automatically placed
Warning: IO 'crash_dump_o[79]' is unconstrained in LPF and will be automatically placed
Warning: IO 'crash_dump_o[78]' is unconstrained in LPF and will be automatically placed
Warning: IO 'crash_dump_o[77]' is unconstrained in LPF and will be automatically placed
Warning: IO 'crash_dump_o[76]' is unconstrained in LPF and will be automatically placed
Warning: IO 'crash_dump_o[75]' is unconstrained in LPF and will be automatically placed
Warning: IO 'crash_dump_o[74]' is unconstrained in LPF and will be automatically placed
Warning: IO 'crash_dump_o[73]' is unconstrained in LPF and will be automatically placed
Warning: IO 'crash_dump_o[72]' is unconstrained in LPF and will be automatically placed
Warning: IO 'crash_dump_o[71]' is unconstrained in LPF and will be automatically placed
Warning: IO 'crash_dump_o[70]' is unconstrained in LPF and will be automatically placed
Warning: IO 'crash_dump_o[69]' is unconstrained in LPF and will be automatically placed
Warning: IO 'crash_dump_o[68]' is unconstrained in LPF and will be automatically placed
Warning: IO 'crash_dump_o[67]' is unconstrained in LPF and will be automatically placed
Warning: IO 'crash_dump_o[66]' is unconstrained in LPF and will be automatically placed
Warning: IO 'crash_dump_o[65]' is unconstrained in LPF and will be automatically placed
Warning: IO 'crash_dump_o[64]' is unconstrained in LPF and will be automatically placed
Warning: IO 'crash_dump_o[63]' is unconstrained in LPF and will be automatically placed
Warning: IO 'crash_dump_o[62]' is unconstrained in LPF and will be automatically placed
Warning: IO 'crash_dump_o[61]' is unconstrained in LPF and will be automatically placed
Warning: IO 'crash_dump_o[60]' is unconstrained in LPF and will be automatically placed
Warning: IO 'crash_dump_o[59]' is unconstrained in LPF and will be automatically placed
Warning: IO 'crash_dump_o[58]' is unconstrained in LPF and will be automatically placed
Warning: IO 'crash_dump_o[57]' is unconstrained in LPF and will be automatically placed
Warning: IO 'crash_dump_o[56]' is unconstrained in LPF and will be automatically placed
Warning: IO 'crash_dump_o[55]' is unconstrained in LPF and will be automatically placed
Warning: IO 'crash_dump_o[54]' is unconstrained in LPF and will be automatically placed
Warning: IO 'crash_dump_o[53]' is unconstrained in LPF and will be automatically placed
Warning: IO 'crash_dump_o[52]' is unconstrained in LPF and will be automatically placed
Warning: IO 'crash_dump_o[51]' is unconstrained in LPF and will be automatically placed
Warning: IO 'crash_dump_o[50]' is unconstrained in LPF and will be automatically placed
Warning: IO 'crash_dump_o[49]' is unconstrained in LPF and will be automatically placed
Warning: IO 'crash_dump_o[48]' is unconstrained in LPF and will be automatically placed
Warning: IO 'crash_dump_o[47]' is unconstrained in LPF and will be automatically placed
Warning: IO 'crash_dump_o[46]' is unconstrained in LPF and will be automatically placed
Warning: IO 'crash_dump_o[45]' is unconstrained in LPF and will be automatically placed
Warning: IO 'crash_dump_o[44]' is unconstrained in LPF and will be automatically placed
Warning: IO 'crash_dump_o[43]' is unconstrained in LPF and will be automatically placed
Warning: IO 'crash_dump_o[42]' is unconstrained in LPF and will be automatically placed
Warning: IO 'crash_dump_o[41]' is unconstrained in LPF and will be automatically placed
Warning: IO 'crash_dump_o[40]' is unconstrained in LPF and will be automatically placed
Warning: IO 'crash_dump_o[39]' is unconstrained in LPF and will be automatically placed
Warning: IO 'crash_dump_o[38]' is unconstrained in LPF and will be automatically placed
Warning: IO 'crash_dump_o[37]' is unconstrained in LPF and will be automatically placed
Warning: IO 'crash_dump_o[36]' is unconstrained in LPF and will be automatically placed
Warning: IO 'crash_dump_o[35]' is unconstrained in LPF and will be automatically placed
Warning: IO 'crash_dump_o[34]' is unconstrained in LPF and will be automatically placed
Warning: IO 'crash_dump_o[33]' is unconstrained in LPF and will be automatically placed
Warning: IO 'crash_dump_o[32]' is unconstrained in LPF and will be automatically placed
Warning: IO 'crash_dump_o[31]' is unconstrained in LPF and will be automatically placed
Warning: IO 'crash_dump_o[30]' is unconstrained in LPF and will be automatically placed
Warning: IO 'crash_dump_o[29]' is unconstrained in LPF and will be automatically placed
Warning: IO 'crash_dump_o[28]' is unconstrained in LPF and will be automatically placed
Warning: IO 'crash_dump_o[27]' is unconstrained in LPF and will be automatically placed
Warning: IO 'crash_dump_o[26]' is unconstrained in LPF and will be automatically placed
Warning: IO 'crash_dump_o[25]' is unconstrained in LPF and will be automatically placed
Warning: IO 'crash_dump_o[24]' is unconstrained in LPF and will be automatically placed
Warning: IO 'crash_dump_o[23]' is unconstrained in LPF and will be automatically placed
Warning: IO 'crash_dump_o[22]' is unconstrained in LPF and will be automatically placed
Warning: IO 'crash_dump_o[21]' is unconstrained in LPF and will be automatically placed
Warning: IO 'crash_dump_o[20]' is unconstrained in LPF and will be automatically placed
Warning: IO 'crash_dump_o[19]' is unconstrained in LPF and will be automatically placed
Warning: IO 'crash_dump_o[18]' is unconstrained in LPF and will be automatically placed
Warning: IO 'crash_dump_o[17]' is unconstrained in LPF and will be automatically placed
Warning: IO 'crash_dump_o[16]' is unconstrained in LPF and will be automatically placed
Warning: IO 'crash_dump_o[15]' is unconstrained in LPF and will be automatically placed
Warning: IO 'crash_dump_o[14]' is unconstrained in LPF and will be automatically placed
Warning: IO 'crash_dump_o[13]' is unconstrained in LPF and will be automatically placed
Warning: IO 'crash_dump_o[12]' is unconstrained in LPF and will be automatically placed
Warning: IO 'crash_dump_o[11]' is unconstrained in LPF and will be automatically placed
Warning: IO 'crash_dump_o[10]' is unconstrained in LPF and will be automatically placed
Warning: IO 'crash_dump_o[9]' is unconstrained in LPF and will be automatically placed
Warning: IO 'crash_dump_o[8]' is unconstrained in LPF and will be automatically placed
Warning: IO 'crash_dump_o[7]' is unconstrained in LPF and will be automatically placed
Warning: IO 'crash_dump_o[6]' is unconstrained in LPF and will be automatically placed
Warning: IO 'crash_dump_o[5]' is unconstrained in LPF and will be automatically placed
Warning: IO 'crash_dump_o[4]' is unconstrained in LPF and will be automatically placed
Warning: IO 'crash_dump_o[3]' is unconstrained in LPF and will be automatically placed
Warning: IO 'crash_dump_o[2]' is unconstrained in LPF and will be automatically placed
Warning: IO 'crash_dump_o[1]' is unconstrained in LPF and will be automatically placed
Warning: IO 'crash_dump_o[0]' is unconstrained in LPF and will be automatically placed
Warning: IO 'core_sleep_o' is unconstrained in LPF and will be automatically placed
Warning: IO 'clk_i' is unconstrained in LPF and will be automatically placed
Warning: IO 'boot_addr_i[31]' is unconstrained in LPF and will be automatically placed
Warning: IO 'boot_addr_i[30]' is unconstrained in LPF and will be automatically placed
Warning: IO 'boot_addr_i[29]' is unconstrained in LPF and will be automatically placed
Warning: IO 'boot_addr_i[28]' is unconstrained in LPF and will be automatically placed
Warning: IO 'boot_addr_i[27]' is unconstrained in LPF and will be automatically placed
Warning: IO 'boot_addr_i[26]' is unconstrained in LPF and will be automatically placed
Warning: IO 'boot_addr_i[25]' is unconstrained in LPF and will be automatically placed
Warning: IO 'boot_addr_i[24]' is unconstrained in LPF and will be automatically placed
Warning: IO 'boot_addr_i[23]' is unconstrained in LPF and will be automatically placed
Warning: IO 'boot_addr_i[22]' is unconstrained in LPF and will be automatically placed
Warning: IO 'boot_addr_i[21]' is unconstrained in LPF and will be automatically placed
Warning: IO 'boot_addr_i[20]' is unconstrained in LPF and will be automatically placed
Warning: IO 'boot_addr_i[19]' is unconstrained in LPF and will be automatically placed
Warning: IO 'boot_addr_i[18]' is unconstrained in LPF and will be automatically placed
Warning: IO 'boot_addr_i[17]' is unconstrained in LPF and will be automatically placed
Warning: IO 'boot_addr_i[16]' is unconstrained in LPF and will be automatically placed
Warning: IO 'boot_addr_i[15]' is unconstrained in LPF and will be automatically placed
Warning: IO 'boot_addr_i[14]' is unconstrained in LPF and will be automatically placed
Warning: IO 'boot_addr_i[13]' is unconstrained in LPF and will be automatically placed
Warning: IO 'boot_addr_i[12]' is unconstrained in LPF and will be automatically placed
Warning: IO 'boot_addr_i[11]' is unconstrained in LPF and will be automatically placed
Warning: IO 'boot_addr_i[10]' is unconstrained in LPF and will be automatically placed
Warning: IO 'boot_addr_i[9]' is unconstrained in LPF and will be automatically placed
Warning: IO 'boot_addr_i[8]' is unconstrained in LPF and will be automatically placed
Warning: IO 'boot_addr_i[7]' is unconstrained in LPF and will be automatically placed
Warning: IO 'boot_addr_i[6]' is unconstrained in LPF and will be automatically placed
Warning: IO 'boot_addr_i[5]' is unconstrained in LPF and will be automatically placed
Warning: IO 'boot_addr_i[4]' is unconstrained in LPF and will be automatically placed
Warning: IO 'boot_addr_i[3]' is unconstrained in LPF and will be automatically placed
Warning: IO 'boot_addr_i[2]' is unconstrained in LPF and will be automatically placed
Warning: IO 'boot_addr_i[1]' is unconstrained in LPF and will be automatically placed
Warning: IO 'boot_addr_i[0]' is unconstrained in LPF and will be automatically placed
Warning: IO 'alert_minor_o' is unconstrained in LPF and will be automatically placed
Warning: IO 'alert_major_internal_o' is unconstrained in LPF and will be automatically placed
Warning: IO 'alert_major_bus_o' is unconstrained in LPF and will be automatically placed

Info: Logic utilisation before packing:
Info:     Total LUT4s:     16867/83640    20%
Info:         logic LUTs:  15751/83640    18%
Info:         carry LUTs:   1116/83640     1%
Info:           RAM LUTs:      0/10455     0%
Info:          RAMW LUTs:      0/20910     0%

Info:      Total DFFs:      3430/83640     4%

Info: Packing IOs..
Info: Packing constants..
Info: Packing carries...
Info: Packing LUTs...
Info: Packing LUT5-7s...
Info: Packing FFs...
Info:     2250 FFs paired with LUTs.
Info: Generating derived timing constraints...
Info: Promoting globals...
Info: Checksum: 0x09cefb40

Info: Device utilisation:
Info: 	          TRELLIS_IO:       0/    365     0%
Info: 	                DCCA:       0/     56     0%
Info: 	              DP16KD:       6/    208     2%
Info: 	          MULT18X18D:       1/    156     0%
Info: 	              ALU54B:       0/     78     0%
Info: 	             EHXPLLL:       0/      4     0%
Info: 	             EXTREFB:       0/      2     0%
Info: 	                DCUA:       0/      2     0%
Info: 	           PCSCLKDIV:       0/      2     0%
Info: 	             IOLOGIC:       0/    224     0%
Info: 	            SIOLOGIC:       0/    141     0%
Info: 	                 GSR:       0/      1     0%
Info: 	               JTAGG:       0/      1     0%
Info: 	                OSCG:       0/      1     0%
Info: 	               SEDGA:       0/      1     0%
Info: 	                 DTR:       0/      1     0%
Info: 	             USRMCLK:       0/      1     0%
Info: 	             CLKDIVF:       0/      4     0%
Info: 	           ECLKSYNCB:       0/     10     0%
Info: 	             DLLDELD:       0/      8     0%
Info: 	              DDRDLL:       0/      4     0%
Info: 	             DQSBUFM:       0/     14     0%
Info: 	     TRELLIS_ECLKBUF:       0/      8     0%
Info: 	        ECLKBRIDGECS:       0/      2     0%
Info: 	                DCSC:       0/      2     0%
Info: 	          TRELLIS_FF:    3430/  83640     4%
Info: 	        TRELLIS_COMB:   17033/  83640    20%
Info: 	        TRELLIS_RAMW:       0/  10455     0%

Info: Placed 0 cells based on constraints.
Info: Creating initial analytic placement for 13332 cells, random placement wirelen = 1358905.
Info:     at initial placer iter 0, wirelen = 2287
Info:     at initial placer iter 1, wirelen = 2204
Info:     at initial placer iter 2, wirelen = 2211
Info:     at initial placer iter 3, wirelen = 2125
Info: Running main analytical placer, max placement attempts per cell = 52377612.
Info:     at iteration #1, type ALL: wirelen solved = 2224, spread = 365757, legal = 363823; time = 0.22s
Info:     at iteration #2, type ALL: wirelen solved = 13070, spread = 156465, legal = 159022; time = 0.27s
Info:     at iteration #3, type ALL: wirelen solved = 29339, spread = 109203, legal = 111140; time = 0.25s
Info:     at iteration #4, type ALL: wirelen solved = 38478, spread = 96803, legal = 99454; time = 0.24s
Info:     at iteration #5, type ALL: wirelen solved = 44545, spread = 91939, legal = 95603; time = 0.23s
Info:     at iteration #6, type ALL: wirelen solved = 49993, spread = 87191, legal = 90792; time = 0.22s
Info:     at iteration #7, type ALL: wirelen solved = 52927, spread = 86153, legal = 90198; time = 0.22s
Info:     at iteration #8, type ALL: wirelen solved = 56020, spread = 83571, legal = 88396; time = 0.22s
Info:     at iteration #9, type ALL: wirelen solved = 57798, spread = 82149, legal = 86066; time = 0.21s
Info:     at iteration #10, type ALL: wirelen solved = 59414, spread = 80949, legal = 85348; time = 0.21s
Info:     at iteration #11, type ALL: wirelen solved = 60526, spread = 81390, legal = 85199; time = 0.21s
Info:     at iteration #12, type ALL: wirelen solved = 62336, spread = 79114, legal = 83543; time = 0.21s
Info:     at iteration #13, type ALL: wirelen solved = 62145, spread = 78710, legal = 83754; time = 0.22s
Info:     at iteration #14, type ALL: wirelen solved = 62608, spread = 78004, legal = 83218; time = 0.21s
Info:     at iteration #15, type ALL: wirelen solved = 62968, spread = 77391, legal = 82183; time = 0.21s
Info:     at iteration #16, type ALL: wirelen solved = 63520, spread = 76911, legal = 81578; time = 0.21s
Info:     at iteration #17, type ALL: wirelen solved = 63769, spread = 76784, legal = 81306; time = 0.21s
Info:     at iteration #18, type ALL: wirelen solved = 64470, spread = 76393, legal = 80796; time = 0.21s
Info:     at iteration #19, type ALL: wirelen solved = 64439, spread = 76479, legal = 80822; time = 0.21s
Info:     at iteration #20, type ALL: wirelen solved = 64740, spread = 76462, legal = 80535; time = 0.21s
Info: HeAP Placer Time: 6.04s
Info:   of which solving equations: 4.04s
Info:   of which spreading cells: 0.79s
Info:   of which strict legalisation: 0.18s

Info: Running simulated annealing placer for refinement.
Info:   at iteration #1: temp = 0.000000, timing cost = 9379, wirelen = 80535
Info:   at iteration #5: temp = 0.000000, timing cost = 8929, wirelen = 74237
Info:   at iteration #10: temp = 0.000000, timing cost = 9025, wirelen = 72144
Info:   at iteration #15: temp = 0.000000, timing cost = 8725, wirelen = 71600
Info:   at iteration #20: temp = 0.000000, timing cost = 8931, wirelen = 71426
Info:   at iteration #20: temp = 0.000000, timing cost = 8926, wirelen = 71434 
Info: SA placement time 14.94s

Info: Max frequency for clock 'clk_i': 21.21 MHz (FAIL at 50.00 MHz)

Info: Slack histogram:
Info:  legend: * represents 23 endpoint(s)
Info:          + represents [1,23) endpoint(s)
Info: [-27152, -24832) |********+
Info: [-24832, -22512) |*************+
Info: [-22512, -20192) |************************************************************ 
Info: [-20192, -17872) |*************************************************+
Info: [-17872, -15552) |******************+
Info: [-15552, -13232) |*******+
Info: [-13232, -10912) |***********************************+
Info: [-10912,  -8592) |****+
Info: [ -8592,  -6272) |**********+
Info: [ -6272,  -3952) |*******************+
Info: [ -3952,  -1632) |******+
Info: [ -1632,    688) |*******+
Info: [   688,   3008) |*************+
Info: [  3008,   5328) |*************************+
Info: [  5328,   7648) |******+
Info: [  7648,   9968) |*+
Info: [  9968,  12288) |**+
Info: [ 12288,  14608) |*+
Info: [ 14608,  16928) |***+
Info: [ 16928,  19248) |*****+
Info: Checksum: 0x56e3c678
Info: Routing globals...

Info: Routing..
Info: Setting up routing queue.
Info: Routing 67427 arcs.
Info:            |   (re-)routed arcs  |   delta    | remaining|       time spent     |
Info:    IterCnt |  w/ripup   wo/ripup |  w/r  wo/r |      arcs| batch(sec) total(sec)|
Info:       1000 |      192        807 |  192   807 |     66738|       0.39       0.39|
Info:       2000 |      498       1501 |  306   694 |     66286|       0.12       0.50|
Info:       3000 |      788       2211 |  290   710 |     65839|       0.11       0.62|
Info:       4000 |     1059       2940 |  271   729 |     65718|       0.13       0.75|
Info:       5000 |     1290       3709 |  231   769 |     65301|       0.12       0.87|
Info:       6000 |     1501       4498 |  211   789 |     64804|       0.11       0.98|
Info:       7000 |     1743       5256 |  242   758 |     64240|       0.12       1.10|
Info:       8000 |     1979       6020 |  236   764 |     63749|       0.10       1.20|
Info:       9000 |     2120       6879 |  141   859 |     63115|       0.11       1.31|
Info:      10000 |     2343       7656 |  223   777 |     62597|       0.12       1.43|
Info:      11000 |     2526       8473 |  183   817 |     62032|       0.11       1.53|
Info:      12000 |     2772       9227 |  246   754 |     61718|       0.12       1.65|
Info:      13000 |     2937      10062 |  165   835 |     61374|       0.12       1.77|
Info:      14000 |     3154      10845 |  217   783 |     61003|       0.11       1.88|
Info:      15000 |     3392      11607 |  238   762 |     60650|       0.12       2.00|
Info:      16000 |     3573      12426 |  181   819 |     60221|       0.11       2.11|
Info:      17000 |     3743      13256 |  170   830 |     59595|       0.11       2.22|
Info:      18000 |     3965      14034 |  222   778 |     59162|       0.11       2.33|
Info:      19000 |     4145      14854 |  180   820 |     58693|       0.11       2.44|
Info:      20000 |     4377      15622 |  232   768 |     58309|       0.11       2.55|
Info:      21000 |     4578      16421 |  201   799 |     57787|       0.13       2.68|
Info:      22000 |     4783      17216 |  205   795 |     57262|       0.11       2.79|
Info:      23000 |     4997      18002 |  214   786 |     56723|       0.12       2.91|
Info:      24000 |     5336      18663 |  339   661 |     56367|       0.17       3.08|
Info:      25000 |     5585      19414 |  249   751 |     55872|       0.16       3.23|
Info:      26000 |     5817      20182 |  232   768 |     55326|       0.12       3.35|
Info:      27000 |     6054      20945 |  237   763 |     54976|       0.13       3.49|
Info:      28000 |     6303      21696 |  249   751 |     54522|       0.14       3.63|
Info:      29000 |     6585      22414 |  282   718 |     53993|       0.15       3.78|
Info:      30000 |     6750      23249 |  165   835 |     53807|       0.13       3.91|
Info:      31000 |     7039      23960 |  289   711 |     53291|       0.13       4.04|
Info:      32000 |     7333      24666 |  294   706 |     53258|       0.12       4.17|
Info:      33000 |     7591      25408 |  258   742 |     52821|       0.12       4.29|
Info:      34000 |     7830      26169 |  239   761 |     52516|       0.12       4.41|
Info:      35000 |     8107      26892 |  277   723 |     51925|       0.13       4.54|
Info:      36000 |     8348      27651 |  241   759 |     51330|       0.12       4.67|
Info:      37000 |     8564      28435 |  216   784 |     50831|       0.13       4.79|
Info:      38000 |     8819      29180 |  255   745 |     50202|       0.12       4.91|
Info:      39000 |     9100      29899 |  281   719 |     49790|       0.14       5.05|
Info:      40000 |     9360      30639 |  260   740 |     49368|       0.14       5.18|
Info:      41000 |     9561      31438 |  201   799 |     48997|       0.13       5.32|
Info:      42000 |     9829      32170 |  268   732 |     48371|       0.13       5.45|
Info:      43000 |    10158      32841 |  329   671 |     47811|       0.15       5.60|
Info:      44000 |    10425      33574 |  267   733 |     47284|       0.13       5.73|
Info:      45000 |    10788      34211 |  363   637 |     46920|       0.15       5.88|
Info:      46000 |    11072      34927 |  284   716 |     46392|       0.14       6.02|
Info:      47000 |    11349      35650 |  277   723 |     46078|       0.13       6.15|
Info:      48000 |    11623      36376 |  274   726 |     45453|       0.14       6.29|
Info:      49000 |    11774      37225 |  151   849 |     45310|       0.12       6.41|
Info:      50000 |    12061      37938 |  287   713 |     44738|       0.14       6.55|
Info:      51000 |    12353      38646 |  292   708 |     44316|       0.15       6.69|
Info:      52000 |    12668      39331 |  315   685 |     43843|       0.16       6.85|
Info:      53000 |    12940      40059 |  272   728 |     43453|       0.15       6.99|
Info:      54000 |    13275      40724 |  335   665 |     42983|       0.18       7.18|
Info:      55000 |    13574      41425 |  299   701 |     42720|       0.14       7.32|
Info:      56000 |    13857      42142 |  283   717 |     42182|       0.16       7.48|
Info:      57000 |    14206      42793 |  349   651 |     41690|       0.14       7.62|
Info:      58000 |    14480      43519 |  274   726 |     41087|       0.15       7.77|
Info:      59000 |    14807      44192 |  327   673 |     40757|       0.15       7.92|
Info:      60000 |    15116      44883 |  309   691 |     40145|       0.15       8.06|
Info:      61000 |    15441      45558 |  325   675 |     39645|       0.15       8.22|
Info:      62000 |    15789      46210 |  348   652 |     39343|       0.18       8.39|
Info:      63000 |    16171      46828 |  382   618 |     39496|       0.17       8.56|
Info:      64000 |    16438      47561 |  267   733 |     39089|       0.16       8.72|
Info:      65000 |    16767      48232 |  329   671 |     38691|       0.15       8.87|
Info:      66000 |    16909      49090 |  142   858 |     38798|       0.15       9.02|
Info:      67000 |    17089      49910 |  180   820 |     38342|       0.16       9.18|
Info:      68000 |    17435      50564 |  346   654 |     37869|       0.15       9.33|
Info:      69000 |    17702      51297 |  267   733 |     37534|       0.14       9.47|
Info:      70000 |    18061      51938 |  359   641 |     37057|       0.15       9.62|
Info:      71000 |    18421      52578 |  360   640 |     36523|       0.16       9.79|
Info:      72000 |    18759      53240 |  338   662 |     36315|       0.15       9.94|
Info:      73000 |    19157      53842 |  398   602 |     35885|       0.15      10.09|
Info:      74000 |    19498      54501 |  341   659 |     35318|       0.12      10.21|
Info:      75000 |    19853      55146 |  355   645 |     34772|       0.13      10.35|
Info:      76000 |    20240      55759 |  387   613 |     34327|       0.15      10.49|
Info:      77000 |    20585      56414 |  345   655 |     33838|       0.14      10.63|
Info:      78000 |    20990      57009 |  405   595 |     33335|       0.14      10.78|
Info:      79000 |    21421      57578 |  431   569 |     32917|       0.15      10.92|
Info:      80000 |    21781      58206 |  360   628 |     32390|       0.13      11.06|
Info:      81000 |    22151      58810 |  370   604 |     31893|       0.13      11.19|
Info:      82000 |    22513      59437 |  362   627 |     31640|       0.16      11.35|
Info:      83000 |    22930      60003 |  417   566 |     31136|       0.14      11.49|
Info:      84000 |    23288      60638 |  358   635 |     30735|       0.15      11.64|
Info:      85000 |    23645      61246 |  357   608 |     30126|       0.13      11.78|
Info:      86000 |    23984      61877 |  339   631 |     29675|       0.14      11.92|
Info:      87000 |    24291      62512 |  307   635 |     29094|       0.12      12.04|
Info:      88000 |    24556      63185 |  265   673 |     28564|       0.13      12.17|
Info:      89000 |    24815      63836 |  259   651 |     27856|       0.12      12.28|
Info:      90000 |    25059      64489 |  244   653 |     27146|       0.11      12.39|
Info:      91000 |    25371      65070 |  312   581 |     26621|       0.13      12.53|
Info:      92000 |    25714      65620 |  343   550 |     26064|       0.14      12.66|
Info:      93000 |    26042      66215 |  328   595 |     25511|       0.13      12.79|
Info:      94000 |    26341      66833 |  299   618 |     24907|       0.13      12.91|
Info:      95000 |    26685      67373 |  344   540 |     24297|       0.13      13.04|
Info:      96000 |    27076      67912 |  391   539 |     23770|       0.13      13.18|
Info:      97000 |    27460      68443 |  384   531 |     23205|       0.13      13.31|
Info:      98000 |    27824      68988 |  364   545 |     22677|       0.15      13.46|
Info:      99000 |    28162      69567 |  338   579 |     22226|       0.15      13.61|
Info:     100000 |    28506      70103 |  344   536 |     21622|       0.13      13.74|
Info:     101000 |    28877      70647 |  371   544 |     21083|       0.14      13.89|
Info:     102000 |    29250      71191 |  373   544 |     20601|       0.16      14.05|
Info:     103000 |    29625      71707 |  375   516 |     20002|       0.14      14.19|
Info:     104000 |    30005      72269 |  380   562 |     19502|       0.16      14.35|
Info:     105000 |    30381      72858 |  376   589 |     18911|       0.14      14.50|
Info:     106000 |    30759      73450 |  378   592 |     18440|       0.18      14.68|
Info:     107000 |    31060      74107 |  301   657 |     17858|       0.16      14.83|
Info:     108000 |    31366      74772 |  306   665 |     17215|       0.17      15.00|
Info:     109000 |    31674      75451 |  308   679 |     16604|       0.17      15.17|
Info:     110000 |    31904      76213 |  230   762 |     15993|       0.16      15.33|
Info:     111000 |    32080      77033 |  176   820 |     15253|       0.14      15.47|
Info:     112000 |    32287      77816 |  207   783 |     14561|       0.17      15.63|
Info:     113000 |    32597      78490 |  310   674 |     13999|       0.18      15.82|
Info:     114000 |    32861      79192 |  264   702 |     13442|       0.19      16.00|
Info:     115000 |    33093      79935 |  232   743 |     12780|       0.17      16.17|
Info:     116000 |    33409      80573 |  316   638 |     12262|       0.19      16.36|
Info:     117000 |    33667      81195 |  258   622 |     11573|       0.16      16.52|
Info:     118000 |    33896      81791 |  229   596 |     10982|       0.18      16.70|
Info:     119000 |    34078      82465 |  182   674 |     10264|       0.16      16.86|
Info:     120000 |    34321      83168 |  243   703 |      9568|       0.17      17.03|
Info:     121000 |    34553      83825 |  232   657 |      8978|       0.18      17.21|
Info:     122000 |    34822      84413 |  269   588 |      8688|       0.21      17.43|
Info:     123000 |    35121      85104 |  299   691 |      8351|       0.22      17.65|
Info:     124000 |    35419      85669 |  298   565 |      7992|       0.21      17.86|
Info:     125000 |    35739      86333 |  320   664 |      7673|       0.22      18.08|
Info:     126000 |    36013      86980 |  274   647 |      7092|       0.23      18.32|
Info:     127000 |    36321      87604 |  308   624 |      6619|       0.22      18.54|
Info:     128000 |    36636      88253 |  315   649 |      6323|       0.23      18.77|
Info:     129000 |    36978      88893 |  342   640 |      6060|       0.23      19.00|
Info:     130000 |    37163      89708 |  185   815 |      5368|       0.19      19.19|
Info:     131000 |    37272      90599 |  109   891 |      4502|       0.14      19.33|
Info:     132000 |    37574      91297 |  302   698 |      4444|       0.17      19.50|
Info:     133000 |    37919      91952 |  345   655 |      4293|       0.24      19.74|
Info:     134000 |    38240      92631 |  321   679 |      3830|       0.23      19.98|
Info:     135000 |    38459      93379 |  219   748 |      3081|       0.19      20.17|
Info:     136000 |    38618      94131 |  159   752 |      2386|       0.30      20.46|
Info:     137000 |    38916      94782 |  298   651 |      1969|       0.31      20.77|
Info:     138000 |    39106      95480 |  190   698 |      1242|       0.33      21.10|
Info:     139000 |    39259      96221 |  153   741 |       558|       0.26      21.37|
Info:     139712 |    39364      96736 |  105   515 |         0|       0.21      21.58|
Info: Routing complete.
Info: Router1 time 21.58s
Info: Checksum: 0x0554956c

Info: Critical path report for clock 'clk_i' (posedge -> posedge):
Info:       type curr  total name
Info:   clk-to-q  5.61  5.61 Source tag_bank_w0.mem.0.0.DOA14
Info:    routing  1.40  7.01 Net ic_tag_rdata[36] (51,22) -> (51,19)
Info:                          Sink u_ibex_core.if_stage_i.icache.way0_valid_LUT4_B_Z_PFUMX_Z_C0_L6MUX21_SD_Z_LUT4_Z.C
Info:                          Defined in:
Info:                               ${REPO_ROOT}/flow/out/arch/ibex_top.v:11886.14-11886.22
Info:      logic  0.24  7.24 Source u_ibex_core.if_stage_i.icache.way0_valid_LUT4_B_Z_PFUMX_Z_C0_L6MUX21_SD_Z_LUT4_Z.F
Info:    routing  1.20  8.44 Net u_ibex_core.if_stage_i.icache.way0_valid_LUT4_B_Z_PFUMX_Z_C0_L6MUX21_SD_Z[3] (51,19) -> (51,16)
Info:                          Sink u_ibex_core.if_stage_i.icache.way0_valid_LUT4_B_Z_PFUMX_Z_C0_L6MUX21_SD_Z_LUT4_D.D
Info:                          Defined in:
Info:                               /opt/homebrew/bin/../share/yosys/lattice/cells_map_trellis.v:108.23-108.24
Info:      logic  0.24  8.67 Source u_ibex_core.if_stage_i.icache.way0_valid_LUT4_B_Z_PFUMX_Z_C0_L6MUX21_SD_Z_LUT4_D.F
Info:    routing  0.00  8.67 Net u_ibex_core.if_stage_i.icache.way0_valid_LUT4_B_Z_PFUMX_Z_C0_L6MUX21_SD_Z_LUT4_D_Z (51,16) -> (51,16)
Info:                          Sink u_ibex_core.if_stage_i.icache.way0_valid_LUT4_B_Z_PFUMX_Z_C0_L6MUX21_SD_Z_PFUMX_C0_BLUT_LUT4_Z.F1
Info:                          Defined in:
Info:                               /opt/homebrew/bin/../share/yosys/lattice/cells_map_trellis.v:133.22-133.24
Info:      logic  0.17  8.84 Source u_ibex_core.if_stage_i.icache.way0_valid_LUT4_B_Z_PFUMX_Z_C0_L6MUX21_SD_Z_PFUMX_C0_BLUT_LUT4_Z.OFX
Info:    routing  0.96  9.80 Net u_ibex_core.if_stage_i.icache.lookup_grant_TRELLIS_FF_DI_Q[3] (51,16) -> (50,14)
Info:                          Sink instr_rvalid_i_LUT4_B_2_Z_L6MUX21_Z_D1_PFUMX_Z_ALUT_LUT4_Z.C
Info:                          Defined in:
Info:                               /opt/homebrew/bin/../share/yosys/lattice/cells_map_trellis.v:108.23-108.24
Info:      logic  0.24  10.04 Source instr_rvalid_i_LUT4_B_2_Z_L6MUX21_Z_D1_PFUMX_Z_ALUT_LUT4_Z.F
Info:    routing  0.00  10.04 Net instr_rvalid_i_LUT4_B_2_Z_L6MUX21_Z_D1_PFUMX_Z_ALUT (50,14) -> (50,14)
Info:                          Sink instr_rvalid_i_LUT4_B_2_Z_L6MUX21_Z_D1_PFUMX_Z_BLUT_LUT4_Z.F1
Info:                          Defined in:
Info:                               /opt/homebrew/bin/../share/yosys/lattice/cells_map_trellis.v:141.30-141.32
Info:      logic  0.17  10.20 Source instr_rvalid_i_LUT4_B_2_Z_L6MUX21_Z_D1_PFUMX_Z_BLUT_LUT4_Z.OFX
Info:    routing  0.00  10.20 Net instr_rvalid_i_LUT4_B_2_Z_L6MUX21_Z_D1 (50,14) -> (50,14)
Info:                          Sink instr_rvalid_i_LUT4_B_2_Z_L6MUX21_Z_D1_PFUMX_Z_ALUT_LUT4_Z.FXB
Info:                          Defined in:
Info:                               /opt/homebrew/bin/../share/yosys/lattice/cells_map_trellis.v:141.38-141.40
Info:      logic  0.24  10.45 Source instr_rvalid_i_LUT4_B_2_Z_L6MUX21_Z_D1_PFUMX_Z_ALUT_LUT4_Z.OFX
Info:    routing  0.96  11.40 Net instr_rvalid_i_LUT4_B_2_Z[5] (50,14) -> (47,16)
Info:                          Sink instr_rvalid_i_LUT4_B_3_Z_LUT4_C_Z_PFUMX_ALUT_Z_L6MUX21_Z_1_SD_L6MUX21_Z_1_D1_PFUMX_Z_ALUT_LUT4_Z.M
Info:                          Defined in:
Info:                               /opt/homebrew/bin/../share/yosys/lattice/cells_map_trellis.v:108.23-108.24
Info:      logic  0.26  11.66 Source instr_rvalid_i_LUT4_B_3_Z_LUT4_C_Z_PFUMX_ALUT_Z_L6MUX21_Z_1_SD_L6MUX21_Z_1_D1_PFUMX_Z_ALUT_LUT4_Z.OFX
Info:    routing  1.54  13.20 Net instr_rvalid_i_LUT4_B_3_Z_LUT4_C_Z_PFUMX_ALUT_Z_L6MUX21_Z_1_SD[6] (47,16) -> (49,27)
Info:                          Sink instr_rvalid_i_LUT4_B_3_Z_LUT4_C_Z_PFUMX_ALUT_Z_L6MUX21_Z_1_D1_L6MUX21_Z_D0_PFUMX_Z_ALUT_LUT4_Z.M
Info:                          Defined in:
Info:                               /opt/homebrew/bin/../share/yosys/lattice/cells_map_trellis.v:108.23-108.24
Info:      logic  0.26  13.45 Source instr_rvalid_i_LUT4_B_3_Z_LUT4_C_Z_PFUMX_ALUT_Z_L6MUX21_Z_1_D1_L6MUX21_Z_D0_PFUMX_Z_ALUT_LUT4_Z.OFX
Info:    routing  1.52  14.97 Net instr_rvalid_i_LUT4_B_3_Z_LUT4_C_Z_PFUMX_ALUT_Z[4] (49,27) -> (53,19)
Info:                          Sink instr_rvalid_i_LUT4_B_3_Z_LUT4_C_Z_PFUMX_ALUT_Z_PFUMX_C0_3_ALUT_LUT4_Z.M
Info:                          Defined in:
Info:                               /opt/homebrew/bin/../share/yosys/lattice/cells_map_trellis.v:108.23-108.24
Info:      logic  0.26  15.22 Source instr_rvalid_i_LUT4_B_3_Z_LUT4_C_Z_PFUMX_ALUT_Z_PFUMX_C0_3_ALUT_LUT4_Z.OFX
Info:    routing  0.90  16.12 Net instr_rvalid_i_LUT4_B_3_Z_LUT4_C_Z_PFUMX_ALUT_Z_L6MUX21_SD_Z[0] (53,19) -> (53,17)
Info:                          Sink instr_rvalid_i_LUT4_B_3_Z_LUT4_C_Z_PFUMX_ALUT_Z_PFUMX_C0_Z_L6MUX21_D1_Z_L6MUX21_Z_D1_L6MUX21_Z_D0_PFUMX_Z_ALUT_LUT4_Z.D
Info:                          Defined in:
Info:                               /opt/homebrew/bin/../share/yosys/lattice/cells_map_trellis.v:108.23-108.24
Info:      logic  0.24  16.36 Source instr_rvalid_i_LUT4_B_3_Z_LUT4_C_Z_PFUMX_ALUT_Z_PFUMX_C0_Z_L6MUX21_D1_Z_L6MUX21_Z_D1_L6MUX21_Z_D0_PFUMX_Z_ALUT_LUT4_Z.F
Info:    routing  0.00  16.36 Net instr_rvalid_i_LUT4_B_3_Z_LUT4_C_Z_PFUMX_ALUT_Z_PFUMX_C0_Z_L6MUX21_D1_Z_L6MUX21_Z_D1_L6MUX21_Z_D0_PFUMX_Z_ALUT (53,17) -> (53,17)
Info:                          Sink instr_rvalid_i_LUT4_B_3_Z_LUT4_C_Z_PFUMX_ALUT_Z_PFUMX_C0_Z_L6MUX21_D1_Z_L6MUX21_Z_D1_L6MUX21_Z_D0_PFUMX_Z_BLUT_LUT4_Z.F1
Info:                          Defined in:
Info:                               /opt/homebrew/bin/../share/yosys/lattice/cells_map_trellis.v:157.38-157.40
Info:      logic  0.17  16.53 Source instr_rvalid_i_LUT4_B_3_Z_LUT4_C_Z_PFUMX_ALUT_Z_PFUMX_C0_Z_L6MUX21_D1_Z_L6MUX21_Z_D1_L6MUX21_Z_D0_PFUMX_Z_BLUT_LUT4_Z.OFX
Info:    routing  0.00  16.53 Net instr_rvalid_i_LUT4_B_3_Z_LUT4_C_Z_PFUMX_ALUT_Z_PFUMX_C0_Z_L6MUX21_D1_Z_L6MUX21_Z_D1_L6MUX21_Z_D0 (53,17) -> (53,17)
Info:                          Sink instr_rvalid_i_LUT4_B_3_Z_LUT4_C_Z_PFUMX_ALUT_Z_PFUMX_C0_Z_L6MUX21_D1_Z_L6MUX21_Z_D1_L6MUX21_Z_D1_PFUMX_Z_ALUT_LUT4_Z.FXA
Info:                          Defined in:
Info:                               /opt/homebrew/bin/../share/yosys/lattice/cells_map_trellis.v:157.58-157.60
Info:      logic  0.24  16.76 Source instr_rvalid_i_LUT4_B_3_Z_LUT4_C_Z_PFUMX_ALUT_Z_PFUMX_C0_Z_L6MUX21_D1_Z_L6MUX21_Z_D1_L6MUX21_Z_D1_PFUMX_Z_ALUT_LUT4_Z.OFX
Info:    routing  0.00  16.76 Net instr_rvalid_i_LUT4_B_3_Z_LUT4_C_Z_PFUMX_ALUT_Z_PFUMX_C0_Z_L6MUX21_D1_Z_L6MUX21_Z_D1 (53,17) -> (53,17)
Info:                          Sink instr_rvalid_i_LUT4_B_3_Z_LUT4_C_Z_PFUMX_ALUT_Z_PFUMX_C0_Z_L6MUX21_D1_Z_L6MUX21_Z_D1_L6MUX21_Z_D0_PFUMX_Z_ALUT_LUT4_Z.FXB
Info:                          Defined in:
Info:                               /opt/homebrew/bin/../share/yosys/lattice/cells_map_trellis.v:157.70-157.72
Info:      logic  0.24  17.01 Source instr_rvalid_i_LUT4_B_3_Z_LUT4_C_Z_PFUMX_ALUT_Z_PFUMX_C0_Z_L6MUX21_D1_Z_L6MUX21_Z_D1_L6MUX21_Z_D0_PFUMX_Z_ALUT_LUT4_Z.OFX
Info:    routing  2.08  19.09 Net instr_rvalid_i_LUT4_B_3_Z_LUT4_C_Z_PFUMX_ALUT_Z_PFUMX_C0_Z_L6MUX21_D1_Z[6] (53,17) -> (67,8)
Info:                          Sink u_ibex_core.if_stage_i.icache.fb_count_b1_LUT4_B_1_Z_TRELLIS_FF_Q_DI_L6MUX21_Z_D0_L6MUX21_Z_D1_PFUMX_Z_ALUT_LUT4_Z_D_LUT4_D_Z_LUT4_C_Z_PFUMX_Z_81_BLUT_LUT4_Z_D_LUT4_C_Z_L6MUX21_Z_2_SD_L6MUX21_Z_D1_PFUMX_Z_ALUT_LUT4_Z.M
Info:                          Defined in:
Info:                               /opt/homebrew/bin/../share/yosys/lattice/cells_map_trellis.v:108.23-108.24
Info:      logic  0.26  19.34 Source u_ibex_core.if_stage_i.icache.fb_count_b1_LUT4_B_1_Z_TRELLIS_FF_Q_DI_L6MUX21_Z_D0_L6MUX21_Z_D1_PFUMX_Z_ALUT_LUT4_Z_D_LUT4_D_Z_LUT4_C_Z_PFUMX_Z_81_BLUT_LUT4_Z_D_LUT4_C_Z_L6MUX21_Z_2_SD_L6MUX21_Z_D1_PFUMX_Z_ALUT_LUT4_Z.OFX
Info:    routing  0.67  20.01 Net u_ibex_core.if_stage_i.icache.fb_count_b1_LUT4_B_1_Z_TRELLIS_FF_Q_DI_L6MUX21_Z_D0_L6MUX21_Z_D1_PFUMX_Z_ALUT_LUT4_Z_D_LUT4_D_Z_LUT4_C_Z_PFUMX_Z_81_BLUT_LUT4_Z_D_LUT4_C_Z_L6MUX21_Z_2_SD[6] (67,8) -> (67,7)
Info:                          Sink u_ibex_core.if_stage_i.icache.fb_count_b1_LUT4_B_1_Z_TRELLIS_FF_Q_DI_L6MUX21_Z_D0_L6MUX21_Z_D1_PFUMX_Z_ALUT_LUT4_Z_D_LUT4_D_Z_LUT4_C_Z_PFUMX_Z_81_BLUT_LUT4_Z_D_LUT4_C_Z_L6MUX21_Z_2_D1_L6MUX21_Z_D0_PFUMX_Z_ALUT_LUT4_Z.M
Info:                          Defined in:
Info:                               /opt/homebrew/bin/../share/yosys/lattice/cells_map_trellis.v:108.23-108.24
Info:      logic  0.26  20.26 Source u_ibex_core.if_stage_i.icache.fb_count_b1_LUT4_B_1_Z_TRELLIS_FF_Q_DI_L6MUX21_Z_D0_L6MUX21_Z_D1_PFUMX_Z_ALUT_LUT4_Z_D_LUT4_D_Z_LUT4_C_Z_PFUMX_Z_81_BLUT_LUT4_Z_D_LUT4_C_Z_L6MUX21_Z_2_D1_L6MUX21_Z_D0_PFUMX_Z_ALUT_LUT4_Z.OFX
Info:    routing  1.86  22.12 Net u_ibex_core.if_stage_i.icache.fb_count_b1_LUT4_B_1_Z_TRELLIS_FF_Q_DI_L6MUX21_Z_D0_L6MUX21_Z_D1_PFUMX_Z_ALUT_LUT4_Z_D_LUT4_D_Z_LUT4_C_Z_LUT4_Z_108_C[2] (67,7) -> (58,17)
Info:                          Sink u_ibex_core.if_stage_i.cd.i6_L6MUX21_Z_SD_L6MUX21_Z_D1_L6MUX21_Z_D0_PFUMX_Z_ALUT_LUT4_Z.M
Info:                          Defined in:
Info:                               /opt/homebrew/bin/../share/yosys/lattice/cells_map_trellis.v:108.23-108.24
Info:      logic  0.26  22.38 Source u_ibex_core.if_stage_i.cd.i6_L6MUX21_Z_SD_L6MUX21_Z_D1_L6MUX21_Z_D0_PFUMX_Z_ALUT_LUT4_Z.OFX
Info:    routing  2.34  24.72 Net u_ibex_core.if_stage_i.cd.i6_L6MUX21_Z_SD[5] (58,17) -> (32,13)
Info:                          Sink u_ibex_core.if_stage_i.cd.i6_L6MUX21_Z_D1_L6MUX21_Z_D1_PFUMX_Z_ALUT_LUT4_Z.M
Info:                          Defined in:
Info:                               /opt/homebrew/bin/../share/yosys/lattice/cells_map_trellis.v:108.23-108.24
Info:      logic  0.26  24.98 Source u_ibex_core.if_stage_i.cd.i6_L6MUX21_Z_D1_L6MUX21_Z_D1_PFUMX_Z_ALUT_LUT4_Z.OFX
Info:    routing  0.00  24.98 Net u_ibex_core.if_stage_i.cd.i6_L6MUX21_Z_D1 (32,13) -> (32,13)
Info:                          Sink u_ibex_core.if_stage_i.cd.i6_L6MUX21_Z_D1_L6MUX21_Z_D0_PFUMX_Z_ALUT_LUT4_Z.FXB
Info:                          Defined in:
Info:                               /opt/homebrew/bin/../share/yosys/lattice/cells_map_trellis.v:157.70-157.72
Info:      logic  0.24  25.22 Source u_ibex_core.if_stage_i.cd.i6_L6MUX21_Z_D1_L6MUX21_Z_D0_PFUMX_Z_ALUT_LUT4_Z.OFX
Info:    routing  1.96  27.18 Net u_ibex_core.if_stage_i.fetch_rdata[6] (32,13) -> (21,3)
Info:                          Sink u_ibex_core.if_stage_i.instr_decompressed_PFUMX_Z_C0_PFUMX_Z_C0_LUT4_Z_1_C_LUT4_Z_C_LUT4_B_C_LUT4_Z_D_PFUMX_C0_Z_LUT4_Z.C
Info:                          Defined in:
Info:                               /opt/homebrew/bin/../share/yosys/lattice/cells_map_trellis.v:108.23-108.24
Info:      logic  0.24  27.42 Source u_ibex_core.if_stage_i.instr_decompressed_PFUMX_Z_C0_PFUMX_Z_C0_LUT4_Z_1_C_LUT4_Z_C_LUT4_B_C_LUT4_Z_D_PFUMX_C0_Z_LUT4_Z.F
Info:    routing  1.33  28.75 Net u_ibex_core.if_stage_i.illegal_c_insn_PFUMX_Z_C0_LUT4_Z_1_C_LUT4_Z_D_LUT4_B_Z_LUT4_Z_C_LUT4_B_Z_PFUMX_Z_C0_PFUMX_Z_C0[3] (21,3) -> (23,12)
Info:                          Sink u_ibex_core.if_stage_i.instr_decompressed_PFUMX_Z_10_C0_L6MUX21_Z_SD_PFUMX_Z_C0_LUT4_Z_1_C_LUT4_D_Z_CCU2C_A0_COUT_CCU2C_CIN_A0_LUT4_Z_D_LUT4_Z.D
Info:                          Defined in:
Info:                               /opt/homebrew/bin/../share/yosys/lattice/cells_map_trellis.v:108.23-108.24
Info:      logic  0.24  28.98 Source u_ibex_core.if_stage_i.instr_decompressed_PFUMX_Z_10_C0_L6MUX21_Z_SD_PFUMX_Z_C0_LUT4_Z_1_C_LUT4_D_Z_CCU2C_A0_COUT_CCU2C_CIN_A0_LUT4_Z_D_LUT4_Z.F
Info:    routing  0.63  29.61 Net u_ibex_core.if_stage_i.instr_decompressed_PFUMX_Z_10_C0_L6MUX21_Z_SD_PFUMX_Z_C0_LUT4_Z_1_C_LUT4_D_Z_CCU2C_A0_COUT_CCU2C_CIN_A0_LUT4_Z_D[1] (23,12) -> (23,12)
Info:                          Sink u_ibex_core.if_stage_i.instr_decompressed_PFUMX_Z_10_C0_L6MUX21_Z_SD_PFUMX_Z_C0_LUT4_Z_1_C_LUT4_D_Z_CCU2C_A0_COUT_CCU2C_CIN_A0_LUT4_Z_D_LUT4_D.D
Info:                          Defined in:
Info:                               /opt/homebrew/bin/../share/yosys/lattice/cells_map_trellis.v:108.23-108.24
Info:      logic  0.24  29.85 Source u_ibex_core.if_stage_i.instr_decompressed_PFUMX_Z_10_C0_L6MUX21_Z_SD_PFUMX_Z_C0_LUT4_Z_1_C_LUT4_D_Z_CCU2C_A0_COUT_CCU2C_CIN_A0_LUT4_Z_D_LUT4_D.F
Info:    routing  0.65  30.50 Net u_ibex_core.if_stage_i.instr_decompressed_PFUMX_Z_10_C0_L6MUX21_Z_SD_PFUMX_Z_C0_LUT4_Z_1_C_LUT4_D_Z_CCU2C_A0_COUT_CCU2C_CIN_A0_LUT4_Z_D_LUT4_D_Z[4] (23,12) -> (24,6)
Info:                          Sink u_ibex_core.if_stage_i.illegal_c_insn_PFUMX_Z_C0_LUT4_Z_1_C_LUT4_Z_D_LUT4_B_Z_LUT4_Z_C_LUT4_B_D_LUT4_Z_1.D
Info:                          Defined in:
Info:                               /opt/homebrew/bin/../share/yosys/lattice/cells_map_trellis.v:108.23-108.24
Info:      logic  0.24  30.74 Source u_ibex_core.if_stage_i.illegal_c_insn_PFUMX_Z_C0_LUT4_Z_1_C_LUT4_Z_D_LUT4_B_Z_LUT4_Z_C_LUT4_B_D_LUT4_Z_1.F
Info:    routing  0.42  31.16 Net u_ibex_core.if_stage_i.illegal_c_insn_PFUMX_Z_C0_LUT4_Z_1_C_LUT4_Z_D_LUT4_B_Z_LUT4_Z_C_LUT4_B_D[4] (24,6) -> (24,6)
Info:                          Sink u_ibex_core.if_stage_i.icache.output_stage.nonheld_rdata_LUT4_Z_14_D_PFUMX_C0_Z_PFUMX_Z_1_BLUT_LUT4_Z.M
Info:                          Defined in:
Info:                               /opt/homebrew/bin/../share/yosys/lattice/cells_map_trellis.v:108.23-108.24
Info:      logic  0.26  31.42 Source u_ibex_core.if_stage_i.icache.output_stage.nonheld_rdata_LUT4_Z_14_D_PFUMX_C0_Z_PFUMX_Z_1_BLUT_LUT4_Z.OFX
Info:    routing  0.62  32.04 Net u_ibex_core.if_stage_i.icache.output_stage.nonheld_rdata_LUT4_Z_14_D_PFUMX_C0_Z[4] (24,6) -> (26,6)
Info:                          Sink u_ibex_core.if_stage_i.instr_decompressed_L6MUX21_Z_3_D1_PFUMX_Z_BLUT_LUT4_Z.M
Info:                          Defined in:
Info:                               /opt/homebrew/bin/../share/yosys/lattice/cells_map_trellis.v:108.23-108.24
Info:      logic  0.26  32.29 Source u_ibex_core.if_stage_i.instr_decompressed_L6MUX21_Z_3_D1_PFUMX_Z_BLUT_LUT4_Z.OFX
Info:    routing  0.00  32.29 Net u_ibex_core.if_stage_i.instr_decompressed_L6MUX21_Z_3_D1 (26,6) -> (26,6)
Info:                          Sink u_ibex_core.if_stage_i.instr_decompressed_L6MUX21_Z_3_D1_PFUMX_Z_ALUT_LUT4_Z.FXB
Info:                          Defined in:
Info:                               /opt/homebrew/bin/../share/yosys/lattice/cells_map_trellis.v:141.38-141.40
Info:      logic  0.24  32.53 Source u_ibex_core.if_stage_i.instr_decompressed_L6MUX21_Z_3_D1_PFUMX_Z_ALUT_LUT4_Z.OFX
Info:    routing  2.23  34.76 Net u_ibex_core.if_stage_i.instr_decompressed[20] (26,6) -> (26,33)
Info:                          Sink u_ibex_core.if_stage_i.instr_rdata_alu_id_o_TRELLIS_FF_Q_19.M
Info:                          Defined in:
Info:                               ${REPO_ROOT}/flow/out/arch/ibex_top.v:14018.14-14018.32
Info:      setup  0.00  34.76 Source u_ibex_core.if_stage_i.instr_rdata_alu_id_o_TRELLIS_FF_Q_19.M
Info: 11.50 ns logic, 23.26 ns routing

Warning: Max frequency for clock 'clk_i': 28.77 MHz (FAIL at 50.00 MHz)

Info: Slack histogram:
Info:  legend: * represents 21 endpoint(s)
Info:          + represents [1,21) endpoint(s)
Info: [-14761, -13070) |**********+
Info: [-13070, -11379) |*********************+
Info: [-11379,  -9688) |************************************************************ 
Info: [ -9688,  -7997) |********************************************************+
Info: [ -7997,  -6306) |****************************+
Info: [ -6306,  -4615) |***************************+
Info: [ -4615,  -2924) |*********+
Info: [ -2924,  -1233) |*******************+
Info: [ -1233,    458) |********+
Info: [   458,   2149) |*********+
Info: [  2149,   3840) |********+
Info: [  3840,   5531) |******************+
Info: [  5531,   7222) |**************************+
Info: [  7222,   8913) |****+
Info: [  8913,  10604) |+
Info: [ 10604,  12295) |*+
Info: [ 12295,  13986) |**+
Info: [ 13986,  15677) |+
Info: [ 15677,  17368) |***+
Info: [ 17368,  19059) |******+
2001 warnings, 0 errors

Info: Program finished normally.
